
Arducon.elf:     file format elf32-avr

Sections:
Idx Name          Size      VMA       LMA       File off  Algn
  0 .data         00000174  00800100  0000386a  0000391e  2**0
                  CONTENTS, ALLOC, LOAD, DATA
  1 .text         0000386a  00000000  00000000  000000b4  2**1
                  CONTENTS, ALLOC, LOAD, READONLY, CODE
  2 .bss          00000204  00800274  00800274  00003a92  2**0
                  ALLOC
  3 .eeprom       0000032a  00810000  00810000  00003a92  2**0
                  CONTENTS, ALLOC, LOAD, READONLY, DATA
  4 .comment      0000005c  00000000  00000000  00003dbc  2**0
                  CONTENTS, READONLY
  5 .note.gnu.avr.deviceinfo 00000040  00000000  00000000  00003e18  2**2
                  CONTENTS, READONLY
  6 .debug_aranges 000003c0  00000000  00000000  00003e58  2**3
                  CONTENTS, READONLY, DEBUGGING
  7 .debug_info   00007086  00000000  00000000  00004218  2**0
                  CONTENTS, READONLY, DEBUGGING
  8 .debug_abbrev 000015b7  00000000  00000000  0000b29e  2**0
                  CONTENTS, READONLY, DEBUGGING
  9 .debug_line   00003d4e  00000000  00000000  0000c855  2**0
                  CONTENTS, READONLY, DEBUGGING
 10 .debug_frame  00000c64  00000000  00000000  000105a4  2**2
                  CONTENTS, READONLY, DEBUGGING
 11 .debug_str    000020a6  00000000  00000000  00011208  2**0
                  CONTENTS, READONLY, DEBUGGING
 12 .debug_loc    000060a0  00000000  00000000  000132ae  2**0
                  CONTENTS, READONLY, DEBUGGING
 13 .debug_ranges 00000430  00000000  00000000  0001934e  2**0
                  CONTENTS, READONLY, DEBUGGING

Disassembly of section .text:

00000000 <__vectors>:
       0:	0c 94 58 02 	jmp	0x4b0	; 0x4b0 <__dtors_end>
       4:	0c 94 80 02 	jmp	0x500	; 0x500 <__bad_interrupt>
       8:	0c 94 80 02 	jmp	0x500	; 0x500 <__bad_interrupt>
       c:	0c 94 80 02 	jmp	0x500	; 0x500 <__bad_interrupt>
      10:	0c 94 d3 13 	jmp	0x27a6	; 0x27a6 <__vector_4>
      14:	0c 94 80 02 	jmp	0x500	; 0x500 <__bad_interrupt>
      18:	0c 94 35 0b 	jmp	0x166a	; 0x166a <__vector_6>
      1c:	0c 94 80 02 	jmp	0x500	; 0x500 <__bad_interrupt>
      20:	0c 94 5a 0e 	jmp	0x1cb4	; 0x1cb4 <__vector_8>
      24:	0c 94 80 02 	jmp	0x500	; 0x500 <__bad_interrupt>
      28:	0c 94 80 02 	jmp	0x500	; 0x500 <__bad_interrupt>
      2c:	0c 94 c6 10 	jmp	0x218c	; 0x218c <__vector_11>
      30:	0c 94 80 02 	jmp	0x500	; 0x500 <__bad_interrupt>
      34:	0c 94 80 02 	jmp	0x500	; 0x500 <__bad_interrupt>
      38:	0c 94 8d 10 	jmp	0x211a	; 0x211a <__vector_14>
      3c:	0c 94 80 02 	jmp	0x500	; 0x500 <__bad_interrupt>
      40:	0c 94 80 02 	jmp	0x500	; 0x500 <__bad_interrupt>
      44:	0c 94 80 02 	jmp	0x500	; 0x500 <__bad_interrupt>
      48:	0c 94 71 0c 	jmp	0x18e2	; 0x18e2 <__vector_18>
      4c:	0c 94 0d 0e 	jmp	0x1c1a	; 0x1c1a <__vector_19>
      50:	0c 94 80 02 	jmp	0x500	; 0x500 <__bad_interrupt>
      54:	0c 94 67 0c 	jmp	0x18ce	; 0x18ce <__vector_21>
      58:	0c 94 80 02 	jmp	0x500	; 0x500 <__bad_interrupt>
      5c:	0c 94 80 02 	jmp	0x500	; 0x500 <__bad_interrupt>
      60:	0c 94 80 02 	jmp	0x500	; 0x500 <__bad_interrupt>
      64:	0c 94 80 02 	jmp	0x500	; 0x500 <__bad_interrupt>
      68:	ad 02       	muls	r26, r29
      6a:	b8 02       	muls	r27, r24
      6c:	c3 02       	muls	r28, r19
      6e:	ce 02       	muls	r28, r30
      70:	d9 02       	muls	r29, r25
      72:	e4 02       	muls	r30, r20
      74:	ef 02       	muls	r30, r31
      76:	fa 02       	muls	r31, r26
      78:	05 03       	mulsu	r16, r21
      7a:	10 03       	mulsu	r17, r16
      7c:	1b 03       	fmul	r17, r19
      7e:	72 03       	mulsu	r23, r18
      80:	72 03       	mulsu	r23, r18
      82:	26 03       	mulsu	r18, r22
      84:	31 03       	mulsu	r19, r17
      86:	3c 03       	fmul	r19, r20
      88:	47 03       	mulsu	r20, r23
      8a:	52 03       	mulsu	r21, r18
      8c:	5d 03       	fmul	r21, r21
      8e:	68 03       	fmul	r22, r16
      90:	7d 03       	fmul	r23, r21
      92:	81 03       	fmuls	r16, r17
      94:	85 03       	fmuls	r16, r21
      96:	89 03       	fmulsu	r16, r17
      98:	8d 03       	fmulsu	r16, r21
      9a:	91 03       	fmuls	r17, r17
      9c:	95 03       	fmuls	r17, r21
      9e:	9a 03       	fmulsu	r17, r18
      a0:	9e 03       	fmulsu	r17, r22
      a2:	b7 03       	fmuls	r19, r23
      a4:	b7 03       	fmuls	r19, r23
      a6:	a2 03       	fmuls	r18, r18
      a8:	a6 03       	fmuls	r18, r22
      aa:	ab 03       	fmulsu	r18, r19
      ac:	af 03       	fmulsu	r18, r23
      ae:	b3 03       	fmuls	r19, r19
      b0:	c8 03       	fmulsu	r20, r16
      b2:	ce 03       	fmulsu	r20, r22
      b4:	d4 03       	fmuls	r21, r20
      b6:	da 03       	fmulsu	r21, r18
      b8:	e0 03       	fmuls	r22, r16
      ba:	e6 03       	fmuls	r22, r22
      bc:	ec 03       	fmulsu	r22, r20
      be:	f2 03       	fmuls	r23, r18
      c0:	f8 03       	fmulsu	r23, r16
      c2:	fe 03       	fmulsu	r23, r22
      c4:	04 04       	cpc	r0, r4
      c6:	27 04       	cpc	r2, r7
      c8:	27 04       	cpc	r2, r7
      ca:	0a 04       	cpc	r0, r10
      cc:	10 04       	cpc	r1, r0
      ce:	16 04       	cpc	r1, r6
      d0:	1c 04       	cpc	r1, r12
      d2:	22 04       	cpc	r2, r2
      d4:	d9 05       	cpc	r29, r9
      d6:	ab 05       	cpc	r26, r11
      d8:	dc 05       	cpc	r29, r12
      da:	ae 05       	cpc	r26, r14
      dc:	b1 05       	cpc	r27, r1
      de:	b4 05       	cpc	r27, r4
      e0:	b7 05       	cpc	r27, r7
      e2:	ba 05       	cpc	r27, r10
      e4:	bd 05       	cpc	r27, r13
      e6:	c0 05       	cpc	r28, r0
      e8:	c3 05       	cpc	r28, r3
      ea:	80 11       	cpse	r24, r0
      ec:	80 11       	cpse	r24, r0
      ee:	80 11       	cpse	r24, r0
      f0:	80 11       	cpse	r24, r0
      f2:	80 11       	cpse	r24, r0
      f4:	00 12       	cpse	r0, r16
      f6:	00 12       	cpse	r0, r16
      f8:	9e 11       	cpse	r25, r14
      fa:	9e 11       	cpse	r25, r14
      fc:	9e 11       	cpse	r25, r14
      fe:	9e 11       	cpse	r25, r14
     100:	9e 11       	cpse	r25, r14
     102:	c0 11       	cpse	r28, r0
     104:	c0 11       	cpse	r28, r0
     106:	c0 11       	cpse	r28, r0
     108:	c0 11       	cpse	r28, r0
     10a:	c0 11       	cpse	r28, r0
     10c:	00 12       	cpse	r0, r16
     10e:	e0 11       	cpse	r30, r0
     110:	25 15       	cp	r18, r5
     112:	e9 14       	cp	r14, r9
     114:	15 15       	cp	r17, r5
     116:	2d 15       	cp	r18, r13
     118:	19 15       	cp	r17, r9
     11a:	2d 15       	cp	r18, r13
     11c:	f9 14       	cp	r15, r9
     11e:	e5 14       	cp	r14, r5
     120:	f1 14       	cp	r15, r1
     122:	f5 14       	cp	r15, r5
     124:	2d 15       	cp	r18, r13
     126:	09 15       	cp	r16, r9
     128:	dd 14       	cp	r13, r13
     12a:	0d 15       	cp	r16, r13
     12c:	d9 14       	cp	r13, r9
     12e:	ed 14       	cp	r14, r13
     130:	b1 14       	cp	r11, r1
     132:	b5 14       	cp	r11, r5
     134:	b9 14       	cp	r11, r9
     136:	bd 14       	cp	r11, r13
     138:	c1 14       	cp	r12, r1
     13a:	c5 14       	cp	r12, r5
     13c:	c9 14       	cp	r12, r9
     13e:	cd 14       	cp	r12, r13
     140:	d1 14       	cp	r13, r1
     142:	d5 14       	cp	r13, r5
     144:	fd 14       	cp	r15, r13
     146:	01 15       	cp	r16, r1
     148:	29 15       	cp	r18, r9
     14a:	05 15       	cp	r16, r5
     14c:	2d 15       	cp	r18, r13
     14e:	e1 14       	cp	r14, r1
     150:	1d 15       	cp	r17, r13
     152:	31 15       	cp	r19, r1
     154:	4d 14       	cp	r4, r13
     156:	51 14       	cp	r5, r1
     158:	55 14       	cp	r5, r5
     15a:	59 14       	cp	r5, r9
     15c:	5d 14       	cp	r5, r13
     15e:	61 14       	cp	r6, r1
     160:	65 14       	cp	r6, r5
     162:	69 14       	cp	r6, r9
     164:	6d 14       	cp	r6, r13
     166:	71 14       	cp	r7, r1
     168:	75 14       	cp	r7, r5
     16a:	79 14       	cp	r7, r9
     16c:	7d 14       	cp	r7, r13
     16e:	81 14       	cp	r8, r1
     170:	85 14       	cp	r8, r5
     172:	89 14       	cp	r8, r9
     174:	8d 14       	cp	r8, r13
     176:	91 14       	cp	r9, r1
     178:	95 14       	cp	r9, r5
     17a:	99 14       	cp	r9, r9
     17c:	9d 14       	cp	r9, r13
     17e:	a1 14       	cp	r10, r1
     180:	a5 14       	cp	r10, r5
     182:	a9 14       	cp	r10, r9
     184:	ad 14       	cp	r10, r13
     186:	2d 15       	cp	r18, r13
     188:	2d 15       	cp	r18, r13
     18a:	2d 15       	cp	r18, r13
     18c:	2d 15       	cp	r18, r13
     18e:	11 15       	cp	r17, r1
     190:	2d 15       	cp	r18, r13
     192:	2d 15       	cp	r18, r13
     194:	2d 15       	cp	r18, r13
     196:	2d 15       	cp	r18, r13
     198:	2d 15       	cp	r18, r13
     19a:	2d 15       	cp	r18, r13
     19c:	2d 15       	cp	r18, r13
     19e:	2d 15       	cp	r18, r13
     1a0:	2d 15       	cp	r18, r13
     1a2:	2d 15       	cp	r18, r13
     1a4:	2d 15       	cp	r18, r13
     1a6:	2d 15       	cp	r18, r13
     1a8:	2d 15       	cp	r18, r13
     1aa:	2d 15       	cp	r18, r13
     1ac:	2d 15       	cp	r18, r13
     1ae:	2d 15       	cp	r18, r13
     1b0:	2d 15       	cp	r18, r13
     1b2:	2d 15       	cp	r18, r13
     1b4:	2d 15       	cp	r18, r13
     1b6:	2d 15       	cp	r18, r13
     1b8:	2d 15       	cp	r18, r13
     1ba:	2d 15       	cp	r18, r13
     1bc:	2d 15       	cp	r18, r13
     1be:	2d 15       	cp	r18, r13
     1c0:	2d 15       	cp	r18, r13
     1c2:	2d 15       	cp	r18, r13
     1c4:	2d 15       	cp	r18, r13
     1c6:	2d 15       	cp	r18, r13
     1c8:	21 15       	cp	r18, r1
     1ca:	05 a8       	ldd	r0, Z+53	; 0x35
     1cc:	4c cd       	rjmp	.-1384   	; 0xfffffc66 <__eeprom_end+0xff7ef93c>
     1ce:	b2 d4       	rcall	.+2404   	; 0xb34 <_ZN13EepromManager16sendEEPROMStringE8EE_var_t+0xa>
     1d0:	4e b9       	out	0x0e, r20	; 14
     1d2:	38 36       	cpi	r19, 0x68	; 104
     1d4:	a9 02       	muls	r26, r25
     1d6:	0c 50       	subi	r16, 0x0C	; 12
     1d8:	b9 91       	ld	r27, Y+
     1da:	86 88       	ldd	r8, Z+22	; 0x16
     1dc:	08 3c       	cpi	r16, 0xC8	; 200
     1de:	a6 aa       	std	Z+54, r10	; 0x36
     1e0:	aa 2a       	or	r10, r26
     1e2:	be 00       	.word	0x00be	; ????
     1e4:	00 00       	nop
     1e6:	80 3f       	cpi	r24, 0xF0	; 240

000001e8 <__trampolines_end>:
     1e8:	53 75       	andi	r21, 0x53	; 83
     1ea:	63 63       	ori	r22, 0x33	; 51
     1ec:	65 73       	andi	r22, 0x35	; 53
     1ee:	73 21       	and	r23, r3
     1f0:	20 45       	sbci	r18, 0x50	; 80
     1f2:	45 50       	subi	r20, 0x05	; 5
     1f4:	52 4f       	sbci	r21, 0xF2	; 242
     1f6:	4d 20       	and	r4, r13
     1f8:	68 61       	ori	r22, 0x18	; 24
     1fa:	73 20       	and	r7, r3
     1fc:	62 65       	ori	r22, 0x52	; 82
     1fe:	65 6e       	ori	r22, 0xE5	; 229
     200:	20 70       	andi	r18, 0x00	; 0
     202:	72 6f       	ori	r23, 0xF2	; 242
     204:	67 72       	andi	r22, 0x27	; 39
     206:	61 6d       	ori	r22, 0xD1	; 209
     208:	6d 65       	ori	r22, 0x5D	; 93
     20a:	64 2e       	mov	r6, r20
     20c:	20 50       	subi	r18, 0x00	; 0
     20e:	72 6f       	ori	r23, 0xF2	; 242
     210:	67 72       	andi	r22, 0x27	; 39
     212:	61 6d       	ori	r22, 0xD1	; 209
     214:	20 69       	ori	r18, 0x90	; 144
     216:	73 20       	and	r7, r3
     218:	64 6f       	ori	r22, 0xF4	; 244
     21a:	6e 65       	ori	r22, 0x5E	; 94
     21c:	2e 0a       	sbc	r2, r30
     21e:	52 65       	ori	r21, 0x52	; 82
     220:	66 6c       	ori	r22, 0xC6	; 198
     222:	61 73       	andi	r22, 0x31	; 49
     224:	68 20       	and	r6, r8
     226:	77 69       	ori	r23, 0x97	; 151
     228:	74 68       	ori	r23, 0x84	; 132
     22a:	20 23       	and	r18, r16
     22c:	64 65       	ori	r22, 0x54	; 84
     22e:	66 69       	ori	r22, 0x96	; 150
     230:	6e 65       	ori	r22, 0x5E	; 94
     232:	20 49       	sbci	r18, 0x90	; 144
     234:	4e 49       	sbci	r20, 0x9E	; 158
     236:	54 5f       	subi	r21, 0xF4	; 244
     238:	45 45       	sbci	r20, 0x55	; 85
     23a:	50 52       	subi	r21, 0x20	; 32
     23c:	4f 4d       	sbci	r20, 0xDF	; 223
     23e:	5f 4f       	sbci	r21, 0xFF	; 255
     240:	4e 4c       	sbci	r20, 0xCE	; 206
     242:	59 20       	and	r5, r9
     244:	46 41       	sbci	r20, 0x16	; 22
     246:	4c 53       	subi	r20, 0x3C	; 60
     248:	45 0a       	sbc	r4, r21
	...

0000024b <_ZL21TEXT_ERR_TIME_IN_PAST>:
     24b:	45 72 72 3a 20 54 69 6d 65 20 69 6e 20 70 61 73     Err: Time in pas
     25b:	74 21 0a 00                                         t!..

0000025f <_ZL21TEXT_ERR_INVALID_TIME>:
     25f:	45 72 72 3a 20 49 6e 76 61 6c 69 64 20 74 69 6d     Err: Invalid tim
     26f:	65 21 0a 00                                         e!..

00000273 <_ZL22TEXT_ERR_START_IN_PAST>:
     273:	45 72 72 3a 20 53 74 61 72 74 20 69 6e 20 70 61     Err: Start in pa
     283:	73 74 21 0a 00                                      st!..

00000288 <_ZL23TEXT_ERR_FINISH_IN_PAST>:
     288:	45 72 72 3a 20 46 69 6e 69 73 68 20 69 6e 20 70     Err: Finish in p
     298:	61 73 74 21 0a 00                                   ast!..

0000029e <_ZL28TEXT_ERR_FINISH_BEFORE_START>:
     29e:	45 72 72 3a 20 46 69 6e 69 73 68 20 62 65 66 6f     Err: Finish befo
     2ae:	72 65 20 73 74 61 72 74 21 0a 00                    re start!..

000002b9 <_ZL11TEXT_SET_ID>:
     2b9:	49 44 20 5b 22 63 61 6c 6c 73 69 67 6e 22 5d 20     ID ["callsign"] 
     2c9:	3c 2d 20 53 65 74 20 63 61 6c 6c 73 69 67 6e 0a     <- Set callsign.
	...

000002da <_ZL15TEXT_SET_FINISH>:
     2da:	43 4c 4b 20 46 20 59 59 4d 4d 44 44 68 68 6d 6d     CLK F YYMMDDhhmm
     2ea:	73 73 20 3c 2d 20 53 65 74 20 66 69 6e 69 73 68     ss <- Set finish
     2fa:	20 74 69 6d 65 0a 00                                 time..

00000301 <_ZL14TEXT_SET_START>:
     301:	43 4c 4b 20 53 20 59 59 4d 4d 44 44 68 68 6d 6d     CLK S YYMMDDhhmm
     311:	73 73 20 3c 2d 20 53 65 74 20 73 74 61 72 74 20     ss <- Set start 
     321:	74 69 6d 65 0a 00                                   time..

00000327 <_ZL13TEXT_SET_TIME>:
     327:	43 4c 4b 20 54 20 59 59 4d 4d 44 44 68 68 6d 6d     CLK T YYMMDDhhmm
     337:	73 73 20 3c 2d 20 53 65 74 20 63 75 72 72 65 6e     ss <- Set curren
     347:	74 20 74 69 6d 65 0a 00                             t time..

0000034f <_ZL9HELP_TEXT>:
     34f:	0a 43 6f 6d 6d 61 6e 64 73 3a 0a 20 20 43 4c 4b     .Commands:.  CLK
     35f:	20 5b 54 7c 53 7c 46 20 5b 22 59 59 4d 4d 44 44      [T|S|F ["YYMMDD
     36f:	68 68 6d 6d 73 73 22 5d 5d 20 2d 20 52 65 61 64     hhmmss"]] - Read
     37f:	2f 73 65 74 20 74 69 6d 65 2f 73 74 61 72 74 2f     /set time/start/
     38f:	66 69 6e 69 73 68 2f 6f 66 66 73 65 74 0a 20 20     finish/offset.  
     39f:	46 4f 58 20 5b 66 6f 78 5d 2d 20 53 65 74 20 66     FOX [fox]- Set f
     3af:	6f 78 20 72 6f 6c 65 0a 20 20 49 44 20 5b 63 61     ox role.  ID [ca
     3bf:	6c 6c 73 69 67 6e 5d 20 2d 20 20 53 65 74 20 63     llsign] -  Set c
     3cf:	61 6c 6c 73 69 67 6e 0a 20 20 53 59 4e 20 30 2d     allsign.  SYN 0-
     3df:	33 20 2d 20 53 79 6e 63 68 72 6f 6e 69 7a 65 0a     3 - Synchronize.
     3ef:	20 20 50 57 44 20 5b 70 77 64 5d 20 2d 20 53 65       PWD [pwd] - Se
     3ff:	74 20 44 54 4d 46 20 70 61 73 73 77 6f 72 64 0a     t DTMF password.
     40f:	20 20 41 4d 20 5b 30 2d 36 5d 20 2d 20 53 65 74       AM [0-6] - Set
     41f:	20 41 4d 20 74 6f 6e 65 20 66 72 65 71 75 65 6e      AM tone frequen
     42f:	63 79 0a 20 20 55 54 49 20 2d 20 52 65 61 64 20     cy.  UTI - Read 
     43f:	76 6f 6c 74 73 20 26 20 74 65 6d 70 0a 20 20 53     volts & temp.  S
     44f:	45 54 20 53 7c 50 20 5b 73 65 74 74 69 6e 67 5d     ET S|P [setting]
     45f:	20 2d 20 53 65 74 20 49 44 20 63 6f 64 65 20 73      - Set ID code s
     46f:	70 65 65 64 20 6f 72 20 50 54 54 20 72 65 73 65     peed or PTT rese
     47f:	74 00                                               t.

00000481 <_ZL17PRODUCT_NAME_LONG>:
     481:	2a 2a 2a 20 41 72 64 75 63 6f 6e 20 46 6f 78 20     *** Arducon Fox 
     491:	43 6f 6e 74 72 6f 6c 6c 65 72 20 56 65 72 2e 20     Controller Ver. 
     4a1:	31 2e 30 2e 31 20 2a 2a 2a 0a 00                    1.0.1 ***..

000004ac <__ctors_start>:
     4ac:	35 14       	cp	r3, r5

000004ae <__ctors_end>:
     4ae:	3a 14       	cp	r3, r10

000004b0 <__dtors_end>:
     4b0:	11 24       	eor	r1, r1
     4b2:	1f be       	out	0x3f, r1	; 63
     4b4:	cf ef       	ldi	r28, 0xFF	; 255
     4b6:	d8 e0       	ldi	r29, 0x08	; 8
     4b8:	de bf       	out	0x3e, r29	; 62
     4ba:	cd bf       	out	0x3d, r28	; 61

000004bc <__do_copy_data>:
     4bc:	12 e0       	ldi	r17, 0x02	; 2
     4be:	a0 e0       	ldi	r26, 0x00	; 0
     4c0:	b1 e0       	ldi	r27, 0x01	; 1
     4c2:	ea e6       	ldi	r30, 0x6A	; 106
     4c4:	f8 e3       	ldi	r31, 0x38	; 56
     4c6:	02 c0       	rjmp	.+4      	; 0x4cc <__do_copy_data+0x10>
     4c8:	05 90       	lpm	r0, Z+
     4ca:	0d 92       	st	X+, r0
     4cc:	a4 37       	cpi	r26, 0x74	; 116
     4ce:	b1 07       	cpc	r27, r17
     4d0:	d9 f7       	brne	.-10     	; 0x4c8 <__do_copy_data+0xc>

000004d2 <__do_clear_bss>:
     4d2:	24 e0       	ldi	r18, 0x04	; 4
     4d4:	a4 e7       	ldi	r26, 0x74	; 116
     4d6:	b2 e0       	ldi	r27, 0x02	; 2
     4d8:	01 c0       	rjmp	.+2      	; 0x4dc <.do_clear_bss_start>

000004da <.do_clear_bss_loop>:
     4da:	1d 92       	st	X+, r1

000004dc <.do_clear_bss_start>:
     4dc:	a8 37       	cpi	r26, 0x78	; 120
     4de:	b2 07       	cpc	r27, r18
     4e0:	e1 f7       	brne	.-8      	; 0x4da <.do_clear_bss_loop>

000004e2 <__do_global_ctors>:
     4e2:	12 e0       	ldi	r17, 0x02	; 2
     4e4:	c7 e5       	ldi	r28, 0x57	; 87
     4e6:	d2 e0       	ldi	r29, 0x02	; 2
     4e8:	04 c0       	rjmp	.+8      	; 0x4f2 <__do_global_ctors+0x10>
     4ea:	21 97       	sbiw	r28, 0x01	; 1
     4ec:	fe 01       	movw	r30, r28
     4ee:	0e 94 d5 18 	call	0x31aa	; 0x31aa <__tablejump2__>
     4f2:	c6 35       	cpi	r28, 0x56	; 86
     4f4:	d1 07       	cpc	r29, r17
     4f6:	c9 f7       	brne	.-14     	; 0x4ea <__do_global_ctors+0x8>
     4f8:	0e 94 95 0b 	call	0x172a	; 0x172a <main>
     4fc:	0c 94 28 1c 	jmp	0x3850	; 0x3850 <__do_global_dtors>

00000500 <__bad_interrupt>:
     500:	0c 94 00 00 	jmp	0	; 0x0 <__vectors>

00000504 <month_length>:
     504:	62 30       	cpi	r22, 0x02	; 2
     506:	21 f4       	brne	.+8      	; 0x510 <month_length+0xc>
     508:	0e 94 8f 02 	call	0x51e	; 0x51e <is_leap_year>
     50c:	84 5e       	subi	r24, 0xE4	; 228
     50e:	08 95       	ret
     510:	68 30       	cpi	r22, 0x08	; 8
     512:	08 f0       	brcs	.+2      	; 0x516 <month_length+0x12>
     514:	6f 5f       	subi	r22, 0xFF	; 255
     516:	61 70       	andi	r22, 0x01	; 1
     518:	8e e1       	ldi	r24, 0x1E	; 30
     51a:	86 0f       	add	r24, r22
     51c:	08 95       	ret

0000051e <is_leap_year>:
     51e:	9c 01       	movw	r18, r24
     520:	23 70       	andi	r18, 0x03	; 3
     522:	33 27       	eor	r19, r19
     524:	23 2b       	or	r18, r19
     526:	59 f4       	brne	.+22     	; 0x53e <is_leap_year+0x20>
     528:	64 e6       	ldi	r22, 0x64	; 100
     52a:	70 e0       	ldi	r23, 0x00	; 0
     52c:	0e 94 80 18 	call	0x3100	; 0x3100 <__divmodhi4>
     530:	89 2b       	or	r24, r25
     532:	39 f4       	brne	.+14     	; 0x542 <is_leap_year+0x24>
     534:	63 70       	andi	r22, 0x03	; 3
     536:	77 27       	eor	r23, r23
     538:	81 e0       	ldi	r24, 0x01	; 1
     53a:	67 2b       	or	r22, r23
     53c:	19 f0       	breq	.+6      	; 0x544 <is_leap_year+0x26>
     53e:	80 e0       	ldi	r24, 0x00	; 0
     540:	08 95       	ret
     542:	81 e0       	ldi	r24, 0x01	; 1
     544:	08 95       	ret

00000546 <pinMode>:
#include "ardooweeno.h"
#include <util/delay.h>

void pinMode(uint8_t pin, uint8_t mode)
{
	switch(pin)
     546:	90 e0       	ldi	r25, 0x00	; 0
     548:	84 31       	cpi	r24, 0x14	; 20
     54a:	91 05       	cpc	r25, r1
     54c:	08 f0       	brcs	.+2      	; 0x550 <pinMode+0xa>
     54e:	ca c0       	rjmp	.+404    	; 0x6e4 <pinMode+0x19e>
     550:	fc 01       	movw	r30, r24
     552:	ec 5c       	subi	r30, 0xCC	; 204
     554:	ff 4f       	sbci	r31, 0xFF	; 255
     556:	0c 94 d5 18 	jmp	0x31aa	; 0x31aa <__tablejump2__>
	{
		case PIN_RXD:
		{
			if(mode == OUTPUT)
     55a:	61 30       	cpi	r22, 0x01	; 1
     55c:	11 f4       	brne	.+4      	; 0x562 <pinMode+0x1c>
			{
				DDRD  |= (1 << PORTD0);
     55e:	50 9a       	sbi	0x0a, 0	; 10
     560:	08 95       	ret
			}
			else
			{
				DDRD  &= ~(1 << PORTD0);
     562:	50 98       	cbi	0x0a, 0	; 10

				if(mode == INPUT_PULLUP)
     564:	63 30       	cpi	r22, 0x03	; 3
     566:	11 f4       	brne	.+4      	; 0x56c <pinMode+0x26>
				{
					PORTD  |= (1 << PORTD0);
     568:	58 9a       	sbi	0x0b, 0	; 11
     56a:	08 95       	ret
				}
				else
				{
					PORTD &= ~(1 << PORTD0);
     56c:	58 98       	cbi	0x0b, 0	; 11
     56e:	08 95       	ret
		}
		break;
		
		case PIN_TXD:
		{
			if(mode == OUTPUT)
     570:	61 30       	cpi	r22, 0x01	; 1
     572:	11 f4       	brne	.+4      	; 0x578 <pinMode+0x32>
			{
				DDRD  |= (1 << PORTD1);
     574:	51 9a       	sbi	0x0a, 1	; 10
     576:	08 95       	ret
			}
			else
			{
				DDRD  &= ~(1 << PORTD1);
     578:	51 98       	cbi	0x0a, 1	; 10

				if(mode == INPUT_PULLUP)
     57a:	63 30       	cpi	r22, 0x03	; 3
     57c:	11 f4       	brne	.+4      	; 0x582 <pinMode+0x3c>
				{
					PORTD  |= (1 << PORTD1);
     57e:	59 9a       	sbi	0x0b, 1	; 11
     580:	08 95       	ret
				}
				else
				{
					PORTD &= ~(1 << PORTD1);
     582:	59 98       	cbi	0x0b, 1	; 11
     584:	08 95       	ret
		}
		break;
		
		case D2:
		{
			if(mode == OUTPUT)
     586:	61 30       	cpi	r22, 0x01	; 1
     588:	11 f4       	brne	.+4      	; 0x58e <pinMode+0x48>
			{
				DDRD  |= (1 << PORTD2);
     58a:	52 9a       	sbi	0x0a, 2	; 10
     58c:	08 95       	ret
			}
			else
			{
				DDRD  &= ~(1 << PORTD2);
     58e:	52 98       	cbi	0x0a, 2	; 10

				if(mode == INPUT_PULLUP)
     590:	63 30       	cpi	r22, 0x03	; 3
     592:	11 f4       	brne	.+4      	; 0x598 <pinMode+0x52>
				{
					PORTD  |= (1 << PORTD2);
     594:	5a 9a       	sbi	0x0b, 2	; 11
     596:	08 95       	ret
				}
				else
				{
					PORTD &= ~(1 << PORTD2);
     598:	5a 98       	cbi	0x0b, 2	; 11
     59a:	08 95       	ret
		}
		break;

		case D3:
		{
			if(mode == OUTPUT)
     59c:	61 30       	cpi	r22, 0x01	; 1
     59e:	11 f4       	brne	.+4      	; 0x5a4 <pinMode+0x5e>
			{
				DDRD  |= (1 << PORTD3);
     5a0:	53 9a       	sbi	0x0a, 3	; 10
     5a2:	08 95       	ret
			}
			else
			{
				DDRD  &= ~(1 << PORTD3);
     5a4:	53 98       	cbi	0x0a, 3	; 10

				if(mode == INPUT_PULLUP)
     5a6:	63 30       	cpi	r22, 0x03	; 3
     5a8:	11 f4       	brne	.+4      	; 0x5ae <pinMode+0x68>
				{
					PORTD  |= (1 << PORTD3);
     5aa:	5b 9a       	sbi	0x0b, 3	; 11
     5ac:	08 95       	ret
				}
				else
				{
					PORTD &= ~(1 << PORTD3);
     5ae:	5b 98       	cbi	0x0b, 3	; 11
     5b0:	08 95       	ret
		}
		break;

		case D4:
		{
			if(mode == OUTPUT)
     5b2:	61 30       	cpi	r22, 0x01	; 1
     5b4:	11 f4       	brne	.+4      	; 0x5ba <pinMode+0x74>
			{
				DDRD  |= (1 << PORTD4);
     5b6:	54 9a       	sbi	0x0a, 4	; 10
     5b8:	08 95       	ret
			}
			else
			{
				DDRD  &= ~(1 << PORTD4);
     5ba:	54 98       	cbi	0x0a, 4	; 10

				if(mode == INPUT_PULLUP)
     5bc:	63 30       	cpi	r22, 0x03	; 3
     5be:	11 f4       	brne	.+4      	; 0x5c4 <pinMode+0x7e>
				{
					PORTD  |= (1 << PORTD4);
     5c0:	5c 9a       	sbi	0x0b, 4	; 11
     5c2:	08 95       	ret
				}
				else
				{
					PORTD &= ~(1 << PORTD4);
     5c4:	5c 98       	cbi	0x0b, 4	; 11
     5c6:	08 95       	ret
		}
		break;

		case D5:
		{
			if(mode == OUTPUT)
     5c8:	61 30       	cpi	r22, 0x01	; 1
     5ca:	11 f4       	brne	.+4      	; 0x5d0 <pinMode+0x8a>
			{
				DDRD  |= (1 << PORTD5);
     5cc:	55 9a       	sbi	0x0a, 5	; 10
     5ce:	08 95       	ret
			}
			else
			{
				DDRD  &= ~(1 << PORTD5);
     5d0:	55 98       	cbi	0x0a, 5	; 10

				if(mode == INPUT_PULLUP)
     5d2:	63 30       	cpi	r22, 0x03	; 3
     5d4:	11 f4       	brne	.+4      	; 0x5da <pinMode+0x94>
				{
					PORTD  |= (1 << PORTD5);
     5d6:	5d 9a       	sbi	0x0b, 5	; 11
     5d8:	08 95       	ret
				}
				else
				{
					PORTD &= ~(1 << PORTD5);
     5da:	5d 98       	cbi	0x0b, 5	; 11
     5dc:	08 95       	ret
		}
		break;

		case D6:
		{
			if(mode == OUTPUT)
     5de:	61 30       	cpi	r22, 0x01	; 1
     5e0:	11 f4       	brne	.+4      	; 0x5e6 <pinMode+0xa0>
			{
				DDRD  |= (1 << PORTD6);
     5e2:	56 9a       	sbi	0x0a, 6	; 10
     5e4:	08 95       	ret
			}
			else
			{
				DDRD  &= ~(1 << PORTD6);
     5e6:	56 98       	cbi	0x0a, 6	; 10

				if(mode == INPUT_PULLUP)
     5e8:	63 30       	cpi	r22, 0x03	; 3
     5ea:	11 f4       	brne	.+4      	; 0x5f0 <pinMode+0xaa>
				{
					PORTD  |= (1 << PORTD6);
     5ec:	5e 9a       	sbi	0x0b, 6	; 11
     5ee:	08 95       	ret
				}
				else
				{
					PORTD &= ~(1 << PORTD6);
     5f0:	5e 98       	cbi	0x0b, 6	; 11
     5f2:	08 95       	ret
		}
		break;

		case D7:
		{
			if(mode == OUTPUT)
     5f4:	61 30       	cpi	r22, 0x01	; 1
     5f6:	11 f4       	brne	.+4      	; 0x5fc <pinMode+0xb6>
			{
				DDRD  |= (1 << PORTD7);
     5f8:	57 9a       	sbi	0x0a, 7	; 10
     5fa:	08 95       	ret
			}
			else
			{
				DDRD  &= ~(1 << PORTD7);
     5fc:	57 98       	cbi	0x0a, 7	; 10

				if(mode == INPUT_PULLUP)
     5fe:	63 30       	cpi	r22, 0x03	; 3
     600:	11 f4       	brne	.+4      	; 0x606 <pinMode+0xc0>
				{
					PORTD  |= (1 << PORTD7);
     602:	5f 9a       	sbi	0x0b, 7	; 11
     604:	08 95       	ret
				}
				else
				{
					PORTD &= ~(1 << PORTD7);
     606:	5f 98       	cbi	0x0b, 7	; 11
     608:	08 95       	ret
		}
		break;

		case D8:
		{
			if(mode == OUTPUT)
     60a:	61 30       	cpi	r22, 0x01	; 1
     60c:	11 f4       	brne	.+4      	; 0x612 <pinMode+0xcc>
			{
				DDRB  |= (1 << PORTB0);
     60e:	20 9a       	sbi	0x04, 0	; 4
     610:	08 95       	ret
			}
			else
			{
				DDRB  &= ~(1 << PORTB0);
     612:	20 98       	cbi	0x04, 0	; 4

				if(mode == INPUT_PULLUP)
     614:	63 30       	cpi	r22, 0x03	; 3
     616:	11 f4       	brne	.+4      	; 0x61c <pinMode+0xd6>
				{
					PORTB  |= (1 << PORTB0);
     618:	28 9a       	sbi	0x05, 0	; 5
     61a:	08 95       	ret
				}
				else
				{
					PORTB &= ~(1 << PORTB0);
     61c:	28 98       	cbi	0x05, 0	; 5
     61e:	08 95       	ret
		}
		break;

		case D9:
		{
			if(mode == OUTPUT)
     620:	61 30       	cpi	r22, 0x01	; 1
     622:	11 f4       	brne	.+4      	; 0x628 <pinMode+0xe2>
			{
				DDRB  |= (1 << PORTB1);
     624:	21 9a       	sbi	0x04, 1	; 4
     626:	08 95       	ret
			}
			else
			{
				DDRB  &= ~(1 << PORTB1);
     628:	21 98       	cbi	0x04, 1	; 4

				if(mode == INPUT_PULLUP)
     62a:	63 30       	cpi	r22, 0x03	; 3
     62c:	11 f4       	brne	.+4      	; 0x632 <pinMode+0xec>
				{
					PORTB  |= (1 << PORTB1);
     62e:	29 9a       	sbi	0x05, 1	; 5
     630:	08 95       	ret
				}
				else
				{
					PORTB &= ~(1 << PORTB1);
     632:	29 98       	cbi	0x05, 1	; 5
     634:	08 95       	ret
		}
		break;

		case D10:
		{
			if(mode == OUTPUT)
     636:	61 30       	cpi	r22, 0x01	; 1
     638:	11 f4       	brne	.+4      	; 0x63e <pinMode+0xf8>
			{
				DDRB  |= (1 << PORTB2);
     63a:	22 9a       	sbi	0x04, 2	; 4
     63c:	08 95       	ret
			}
			else
			{
				DDRB  &= ~(1 << PORTB2);
     63e:	22 98       	cbi	0x04, 2	; 4

				if(mode == INPUT_PULLUP)
     640:	63 30       	cpi	r22, 0x03	; 3
     642:	11 f4       	brne	.+4      	; 0x648 <pinMode+0x102>
				{
					PORTB  |= (1 << PORTB2);
     644:	2a 9a       	sbi	0x05, 2	; 5
     646:	08 95       	ret
				}
				else
				{
					PORTB &= ~(1 << PORTB2);
     648:	2a 98       	cbi	0x05, 2	; 5
     64a:	08 95       	ret
		}
		break;

		case D13:
		{
			if(mode == OUTPUT)
     64c:	61 30       	cpi	r22, 0x01	; 1
     64e:	11 f4       	brne	.+4      	; 0x654 <pinMode+0x10e>
			{
				DDRB  |= (1 << PORTB5);
     650:	25 9a       	sbi	0x04, 5	; 4
     652:	08 95       	ret
			}
			else
			{
				DDRB  &= ~(1 << PORTB5);
     654:	25 98       	cbi	0x04, 5	; 4

				if(mode == INPUT_PULLUP)
     656:	63 30       	cpi	r22, 0x03	; 3
     658:	11 f4       	brne	.+4      	; 0x65e <pinMode+0x118>
				{
					PORTD  |= (1 << PORTB5);
     65a:	5d 9a       	sbi	0x0b, 5	; 11
     65c:	08 95       	ret
				}
				else
				{
					PORTD &= ~(1 << PORTB5);
     65e:	5d 98       	cbi	0x0b, 5	; 11
     660:	08 95       	ret
		}
		break;

		case A0:
		{
			if(mode == OUTPUT)
     662:	61 30       	cpi	r22, 0x01	; 1
     664:	11 f4       	brne	.+4      	; 0x66a <pinMode+0x124>
			{
				DDRC  |= (1 << PORTC0);
     666:	38 9a       	sbi	0x07, 0	; 7
     668:	08 95       	ret
			}
			else
			{
				DDRC  &= ~(1 << PORTC0);
     66a:	38 98       	cbi	0x07, 0	; 7

				if(mode == INPUT_PULLUP)
     66c:	63 30       	cpi	r22, 0x03	; 3
     66e:	11 f4       	brne	.+4      	; 0x674 <pinMode+0x12e>
				{
					PORTC  |= (1 << PORTC0);
     670:	40 9a       	sbi	0x08, 0	; 8
     672:	08 95       	ret
				}
				else
				{
					PORTC &= ~(1 << PORTC0);
     674:	40 98       	cbi	0x08, 0	; 8
     676:	08 95       	ret
		}
		break;

		case A1:
		{
			if(mode == OUTPUT)
     678:	61 30       	cpi	r22, 0x01	; 1
     67a:	11 f4       	brne	.+4      	; 0x680 <pinMode+0x13a>
			{
				DDRC  |= (1 << PORTC1);
     67c:	39 9a       	sbi	0x07, 1	; 7
     67e:	08 95       	ret
			}
			else
			{
				DDRC  &= ~(1 << PORTC1);
     680:	39 98       	cbi	0x07, 1	; 7

				if(mode == INPUT_PULLUP)
     682:	63 30       	cpi	r22, 0x03	; 3
     684:	11 f4       	brne	.+4      	; 0x68a <pinMode+0x144>
				{
					PORTC  |= (1 << PORTC1);
     686:	41 9a       	sbi	0x08, 1	; 8
     688:	08 95       	ret
				}
				else
				{
					PORTC &= ~(1 << PORTC1);
     68a:	41 98       	cbi	0x08, 1	; 8
     68c:	08 95       	ret
		}
		break;

		case A2:
		{
			if(mode == OUTPUT)
     68e:	61 30       	cpi	r22, 0x01	; 1
     690:	11 f4       	brne	.+4      	; 0x696 <pinMode+0x150>
			{
				DDRC  |= (1 << PORTC2);
     692:	3a 9a       	sbi	0x07, 2	; 7
     694:	08 95       	ret
			}
			else
			{
				DDRC  &= ~(1 << PORTC2);
     696:	3a 98       	cbi	0x07, 2	; 7

				if(mode == INPUT_PULLUP)
     698:	63 30       	cpi	r22, 0x03	; 3
     69a:	11 f4       	brne	.+4      	; 0x6a0 <pinMode+0x15a>
				{
					PORTC  |= (1 << PORTC2);
     69c:	42 9a       	sbi	0x08, 2	; 8
     69e:	08 95       	ret
				}
				else
				{
					PORTC &= ~(1 << PORTC2);
     6a0:	42 98       	cbi	0x08, 2	; 8
     6a2:	08 95       	ret
		}
		break;

		case A3:
		{
			if(mode == OUTPUT)
     6a4:	61 30       	cpi	r22, 0x01	; 1
     6a6:	11 f4       	brne	.+4      	; 0x6ac <pinMode+0x166>
			{
				DDRC  |= (1 << PORTC3);
     6a8:	3b 9a       	sbi	0x07, 3	; 7
     6aa:	08 95       	ret
			}
			else
			{
				DDRC  &= ~(1 << PORTC3);
     6ac:	3b 98       	cbi	0x07, 3	; 7

				if(mode == INPUT_PULLUP)
     6ae:	63 30       	cpi	r22, 0x03	; 3
     6b0:	11 f4       	brne	.+4      	; 0x6b6 <pinMode+0x170>
				{
					PORTC  |= (1 << PORTC3);
     6b2:	43 9a       	sbi	0x08, 3	; 8
     6b4:	08 95       	ret
				}
				else
				{
					PORTC &= ~(1 << PORTC3);
     6b6:	43 98       	cbi	0x08, 3	; 8
     6b8:	08 95       	ret
		}
		break;

		case A4:
		{
			if(mode == OUTPUT)
     6ba:	61 30       	cpi	r22, 0x01	; 1
     6bc:	11 f4       	brne	.+4      	; 0x6c2 <pinMode+0x17c>
			{
				DDRC  |= (1 << PORTC4);
     6be:	3c 9a       	sbi	0x07, 4	; 7
     6c0:	08 95       	ret
			}
			else
			{
				DDRC  &= ~(1 << PORTC4);
     6c2:	3c 98       	cbi	0x07, 4	; 7

				if(mode == INPUT_PULLUP)
     6c4:	63 30       	cpi	r22, 0x03	; 3
     6c6:	11 f4       	brne	.+4      	; 0x6cc <pinMode+0x186>
				{
					PORTC  |= (1 << PORTC4);
     6c8:	44 9a       	sbi	0x08, 4	; 8
     6ca:	08 95       	ret
				}
				else
				{
					PORTC &= ~(1 << PORTC4);
     6cc:	44 98       	cbi	0x08, 4	; 8
     6ce:	08 95       	ret
		}
		break;

		case A5:
		{
			if(mode == OUTPUT)
     6d0:	61 30       	cpi	r22, 0x01	; 1
     6d2:	11 f4       	brne	.+4      	; 0x6d8 <pinMode+0x192>
			{
				DDRC  |= (1 << PORTC5);
     6d4:	3d 9a       	sbi	0x07, 5	; 7
     6d6:	08 95       	ret
			}
			else
			{
				DDRC  &= ~(1 << PORTC5);
     6d8:	3d 98       	cbi	0x07, 5	; 7

				if(mode == INPUT_PULLUP)
     6da:	63 30       	cpi	r22, 0x03	; 3
     6dc:	11 f4       	brne	.+4      	; 0x6e2 <pinMode+0x19c>
				{
					PORTC  |= (1 << PORTC5);
     6de:	45 9a       	sbi	0x08, 5	; 8
     6e0:	08 95       	ret
				}
				else
				{
					PORTC &= ~(1 << PORTC5);
     6e2:	45 98       	cbi	0x08, 5	; 8
     6e4:	08 95       	ret

000006e6 <digitalRead>:

BOOL digitalRead(uint8_t pin)
{
	int result = 0;

	switch(pin)
     6e6:	90 e0       	ldi	r25, 0x00	; 0
     6e8:	fc 01       	movw	r30, r24
     6ea:	32 97       	sbiw	r30, 0x02	; 2
     6ec:	e0 31       	cpi	r30, 0x10	; 16
     6ee:	f1 05       	cpc	r31, r1
     6f0:	f0 f5       	brcc	.+124    	; 0x76e <digitalRead+0x88>
     6f2:	e8 5b       	subi	r30, 0xB8	; 184
     6f4:	ff 4f       	sbci	r31, 0xFF	; 255
     6f6:	0c 94 d5 18 	jmp	0x31aa	; 0x31aa <__tablejump2__>
	{
		case D2:
		{
			result = PIND & (1 << PORTD2);
     6fa:	29 b1       	in	r18, 0x09	; 9
     6fc:	24 70       	andi	r18, 0x04	; 4
     6fe:	30 e0       	ldi	r19, 0x00	; 0
		}
		break;
     700:	38 c0       	rjmp	.+112    	; 0x772 <digitalRead+0x8c>

		case D3:
		{
			result = PIND & (1 << PORTD3);
     702:	29 b1       	in	r18, 0x09	; 9
     704:	28 70       	andi	r18, 0x08	; 8
     706:	30 e0       	ldi	r19, 0x00	; 0
		}
		break;
     708:	34 c0       	rjmp	.+104    	; 0x772 <digitalRead+0x8c>

		case D4:
		{
			result = PIND & (1 << PORTD4);
     70a:	29 b1       	in	r18, 0x09	; 9
     70c:	20 71       	andi	r18, 0x10	; 16
     70e:	30 e0       	ldi	r19, 0x00	; 0
		}
		break;
     710:	30 c0       	rjmp	.+96     	; 0x772 <digitalRead+0x8c>

		case D5:
		{
			result = PIND & (1 << PORTD5);
     712:	29 b1       	in	r18, 0x09	; 9
     714:	20 72       	andi	r18, 0x20	; 32
     716:	30 e0       	ldi	r19, 0x00	; 0
		}
		break;
     718:	2c c0       	rjmp	.+88     	; 0x772 <digitalRead+0x8c>

		case D6:
		{
			result = PIND & (1 << PORTD6);
     71a:	29 b1       	in	r18, 0x09	; 9
     71c:	20 74       	andi	r18, 0x40	; 64
     71e:	30 e0       	ldi	r19, 0x00	; 0
		}
		break;
     720:	28 c0       	rjmp	.+80     	; 0x772 <digitalRead+0x8c>

		case D7:
		{
			result = PIND & (1 << PORTD7);
     722:	29 b1       	in	r18, 0x09	; 9
     724:	20 78       	andi	r18, 0x80	; 128
     726:	30 e0       	ldi	r19, 0x00	; 0
		}
		break;
     728:	24 c0       	rjmp	.+72     	; 0x772 <digitalRead+0x8c>

		case D8:
		{
			result = PINB & (1 << PORTB0);
     72a:	83 b1       	in	r24, 0x03	; 3
     72c:	28 2f       	mov	r18, r24
     72e:	21 70       	andi	r18, 0x01	; 1
     730:	30 e0       	ldi	r19, 0x00	; 0
		}
		break;
     732:	1f c0       	rjmp	.+62     	; 0x772 <digitalRead+0x8c>

		case D9:
		{
			result = PINB & (1 << PORTB1);
     734:	23 b1       	in	r18, 0x03	; 3
     736:	22 70       	andi	r18, 0x02	; 2
     738:	30 e0       	ldi	r19, 0x00	; 0
		}
		break;
     73a:	1b c0       	rjmp	.+54     	; 0x772 <digitalRead+0x8c>

		case D10:
		{
			result = PINB & (1 << PORTB2);
     73c:	23 b1       	in	r18, 0x03	; 3
     73e:	24 70       	andi	r18, 0x04	; 4
     740:	30 e0       	ldi	r19, 0x00	; 0
		}
		break;
     742:	17 c0       	rjmp	.+46     	; 0x772 <digitalRead+0x8c>

		case D13:
		{
			result = PINB & (1 << PORTB5);
     744:	23 b1       	in	r18, 0x03	; 3
     746:	20 72       	andi	r18, 0x20	; 32
     748:	30 e0       	ldi	r19, 0x00	; 0
		}
		break;
     74a:	13 c0       	rjmp	.+38     	; 0x772 <digitalRead+0x8c>

		case A0:
		{
			result = PINC & (1 << PORTC0);
     74c:	86 b1       	in	r24, 0x06	; 6
     74e:	28 2f       	mov	r18, r24
     750:	21 70       	andi	r18, 0x01	; 1
     752:	30 e0       	ldi	r19, 0x00	; 0
		}
		break;
     754:	0e c0       	rjmp	.+28     	; 0x772 <digitalRead+0x8c>

		case A1:
		{
			result = PINC & (1 << PORTC1);
     756:	26 b1       	in	r18, 0x06	; 6
     758:	22 70       	andi	r18, 0x02	; 2
     75a:	30 e0       	ldi	r19, 0x00	; 0
		}
		break;
     75c:	0a c0       	rjmp	.+20     	; 0x772 <digitalRead+0x8c>

		case A2:
		{
			result = PINC & (1 << PORTC2);
     75e:	26 b1       	in	r18, 0x06	; 6
     760:	24 70       	andi	r18, 0x04	; 4
     762:	30 e0       	ldi	r19, 0x00	; 0
		}
		break;
     764:	06 c0       	rjmp	.+12     	; 0x772 <digitalRead+0x8c>

		case A3:
		{
			result = PINC & (1 << PORTC3);
     766:	26 b1       	in	r18, 0x06	; 6
     768:	28 70       	andi	r18, 0x08	; 8
     76a:	30 e0       	ldi	r19, 0x00	; 0
		}
		break;
     76c:	02 c0       	rjmp	.+4      	; 0x772 <digitalRead+0x8c>
	}
}

BOOL digitalRead(uint8_t pin)
{
	int result = 0;
     76e:	20 e0       	ldi	r18, 0x00	; 0
     770:	30 e0       	ldi	r19, 0x00	; 0
		{
		}
		break;
	}

	return(result != 0);
     772:	81 e0       	ldi	r24, 0x01	; 1
     774:	23 2b       	or	r18, r19
     776:	09 f4       	brne	.+2      	; 0x77a <digitalRead+0x94>
     778:	80 e0       	ldi	r24, 0x00	; 0
}
     77a:	08 95       	ret

0000077c <digitalWrite>:

void digitalWrite(uint8_t pin, uint8_t value)
{
	switch(pin)
     77c:	90 e0       	ldi	r25, 0x00	; 0
     77e:	82 31       	cpi	r24, 0x12	; 18
     780:	91 05       	cpc	r25, r1
     782:	08 f0       	brcs	.+2      	; 0x786 <digitalWrite+0xa>
     784:	64 c0       	rjmp	.+200    	; 0x84e <__DATA_REGION_LENGTH__+0x4e>
     786:	fc 01       	movw	r30, r24
     788:	e8 5a       	subi	r30, 0xA8	; 168
     78a:	ff 4f       	sbci	r31, 0xFF	; 255
     78c:	0c 94 d5 18 	jmp	0x31aa	; 0x31aa <__tablejump2__>
	{
		case PIN_RXD:
		{
			if(value)
     790:	66 23       	and	r22, r22
     792:	11 f0       	breq	.+4      	; 0x798 <digitalWrite+0x1c>
			{
				PORTD  |= (1 << PORTD0);
     794:	58 9a       	sbi	0x0b, 0	; 11
     796:	08 95       	ret
			}
			else
			{
				PORTD  &= ~(1 << PORTD0);
     798:	58 98       	cbi	0x0b, 0	; 11
     79a:	08 95       	ret
		} 
		break;
		
		case PIN_TXD:
		{
			if(value)
     79c:	66 23       	and	r22, r22
     79e:	11 f0       	breq	.+4      	; 0x7a4 <digitalWrite+0x28>
			{
				PORTD  |= (1 << PORTD1);
     7a0:	59 9a       	sbi	0x0b, 1	; 11
     7a2:	08 95       	ret
			}
			else
			{
				PORTD  &= ~(1 << PORTD1);
     7a4:	59 98       	cbi	0x0b, 1	; 11
     7a6:	08 95       	ret
		}
		break;
		
		case D2:
		{
			if(value)
     7a8:	66 23       	and	r22, r22
     7aa:	11 f0       	breq	.+4      	; 0x7b0 <digitalWrite+0x34>
			{
				PORTD  |= (1 << PORTD2);
     7ac:	5a 9a       	sbi	0x0b, 2	; 11
     7ae:	08 95       	ret
			}
			else
			{
				PORTD  &= ~(1 << PORTD2);
     7b0:	5a 98       	cbi	0x0b, 2	; 11
     7b2:	08 95       	ret
		}
		break;

		case D3:
		{
			if(value)
     7b4:	66 23       	and	r22, r22
     7b6:	11 f0       	breq	.+4      	; 0x7bc <digitalWrite+0x40>
			{
				PORTD  |= (1 << PORTD3);
     7b8:	5b 9a       	sbi	0x0b, 3	; 11
     7ba:	08 95       	ret
			}
			else
			{
				PORTD  &= ~(1 << PORTD3);
     7bc:	5b 98       	cbi	0x0b, 3	; 11
     7be:	08 95       	ret
		}
		break;

		case D4:
		{
			if(value)
     7c0:	66 23       	and	r22, r22
     7c2:	11 f0       	breq	.+4      	; 0x7c8 <digitalWrite+0x4c>
			{
				PORTD  |= (1 << PORTD4);
     7c4:	5c 9a       	sbi	0x0b, 4	; 11
     7c6:	08 95       	ret
			}
			else
			{
				PORTD  &= ~(1 << PORTD4);
     7c8:	5c 98       	cbi	0x0b, 4	; 11
     7ca:	08 95       	ret
		}
		break;

		case D5:
		{
			if(value)
     7cc:	66 23       	and	r22, r22
     7ce:	11 f0       	breq	.+4      	; 0x7d4 <digitalWrite+0x58>
			{
				PORTD  |= (1 << PORTD5);
     7d0:	5d 9a       	sbi	0x0b, 5	; 11
     7d2:	08 95       	ret
			}
			else
			{
				PORTD  &= ~(1 << PORTD5);
     7d4:	5d 98       	cbi	0x0b, 5	; 11
     7d6:	08 95       	ret
		}
		break;

		case D6:
		{
			if(value)
     7d8:	66 23       	and	r22, r22
     7da:	11 f0       	breq	.+4      	; 0x7e0 <digitalWrite+0x64>
			{
				PORTD  |= (1 << PORTD6);
     7dc:	5e 9a       	sbi	0x0b, 6	; 11
     7de:	08 95       	ret
			}
			else
			{
				PORTD  &= ~(1 << PORTD6);
     7e0:	5e 98       	cbi	0x0b, 6	; 11
     7e2:	08 95       	ret
		}
		break;

		case D7:
		{
			if(value)
     7e4:	66 23       	and	r22, r22
     7e6:	11 f0       	breq	.+4      	; 0x7ec <digitalWrite+0x70>
			{
				PORTD  |= (1 << PORTD7);
     7e8:	5f 9a       	sbi	0x0b, 7	; 11
     7ea:	08 95       	ret
			}
			else
			{
				PORTD  &= ~(1 << PORTD7);
     7ec:	5f 98       	cbi	0x0b, 7	; 11
     7ee:	08 95       	ret
		}
		break;

		case D8:
		{
			if(value)
     7f0:	66 23       	and	r22, r22
     7f2:	11 f0       	breq	.+4      	; 0x7f8 <digitalWrite+0x7c>
			{
				PORTB  |= (1 << PORTB0);
     7f4:	28 9a       	sbi	0x05, 0	; 5
     7f6:	08 95       	ret
			}
			else
			{
				PORTB  &= ~(1 << PORTB0);
     7f8:	28 98       	cbi	0x05, 0	; 5
     7fa:	08 95       	ret
		}
		break;

		case D9:
		{
			if(value)
     7fc:	66 23       	and	r22, r22
     7fe:	11 f0       	breq	.+4      	; 0x804 <__DATA_REGION_LENGTH__+0x4>
			{
				PORTB  |= (1 << PORTB1);
     800:	29 9a       	sbi	0x05, 1	; 5
     802:	08 95       	ret
			}
			else
			{
				PORTB  &= ~(1 << PORTB1);
     804:	29 98       	cbi	0x05, 1	; 5
     806:	08 95       	ret
		}
		break;

		case D10:
		{
			if(value)
     808:	66 23       	and	r22, r22
     80a:	11 f0       	breq	.+4      	; 0x810 <__DATA_REGION_LENGTH__+0x10>
			{
				PORTB  |= (1 << PORTB2);
     80c:	2a 9a       	sbi	0x05, 2	; 5
     80e:	08 95       	ret
			}
			else
			{
				PORTB  &= ~(1 << PORTB2);
     810:	2a 98       	cbi	0x05, 2	; 5
     812:	08 95       	ret
		}
		break;

		case D13:
		{
			if(value)
     814:	66 23       	and	r22, r22
     816:	11 f0       	breq	.+4      	; 0x81c <__DATA_REGION_LENGTH__+0x1c>
			{
				PORTB  |= (1 << PORTB5);
     818:	2d 9a       	sbi	0x05, 5	; 5
     81a:	08 95       	ret
			}
			else
			{
				PORTB  &= ~(1 << PORTB5);
     81c:	2d 98       	cbi	0x05, 5	; 5
     81e:	08 95       	ret
		}
		break;

		case A0:
		{
			if(value)
     820:	66 23       	and	r22, r22
     822:	11 f0       	breq	.+4      	; 0x828 <__DATA_REGION_LENGTH__+0x28>
			{
				PORTC  |= (1 << PORTC0);
     824:	40 9a       	sbi	0x08, 0	; 8
     826:	08 95       	ret
			}
			else
			{
				PORTC  &= ~(1 << PORTC0);
     828:	40 98       	cbi	0x08, 0	; 8
     82a:	08 95       	ret
		}
		break;

		case A1:
		{
			if(value)
     82c:	66 23       	and	r22, r22
     82e:	11 f0       	breq	.+4      	; 0x834 <__DATA_REGION_LENGTH__+0x34>
			{
				PORTC  |= (1 << PORTC1);
     830:	41 9a       	sbi	0x08, 1	; 8
     832:	08 95       	ret
			}
			else
			{
				PORTC  &= ~(1 << PORTC1);
     834:	41 98       	cbi	0x08, 1	; 8
     836:	08 95       	ret
		}
		break;

		case A2:
		{
			if(value)
     838:	66 23       	and	r22, r22
     83a:	11 f0       	breq	.+4      	; 0x840 <__DATA_REGION_LENGTH__+0x40>
			{
				PORTC  |= (1 << PORTC2);
     83c:	42 9a       	sbi	0x08, 2	; 8
     83e:	08 95       	ret
			}
			else
			{
				PORTC  &= ~(1 << PORTC2);
     840:	42 98       	cbi	0x08, 2	; 8
     842:	08 95       	ret
		}
		break;

		case A3:
		{
			if(value)
     844:	66 23       	and	r22, r22
     846:	11 f0       	breq	.+4      	; 0x84c <__DATA_REGION_LENGTH__+0x4c>
			{
				PORTC  |= (1 << PORTC3);
     848:	43 9a       	sbi	0x08, 3	; 8
     84a:	08 95       	ret
			}
			else
			{
				PORTC  &= ~(1 << PORTC3);
     84c:	43 98       	cbi	0x08, 3	; 8
     84e:	08 95       	ret

00000850 <_Z7bcd2dech>:
			failure = i2c_device_write(DS3231_BUS_BASE_ADDR, RTC_SECONDS, data, 7);
			while(tries-- && (failure = i2c_device_write(DS3231_BUS_BASE_ADDR, RTC_SECONDS, data, 7)));
		}

		return(failure);
	}
     850:	98 2f       	mov	r25, r24
     852:	96 95       	lsr	r25
     854:	96 95       	lsr	r25
     856:	96 95       	lsr	r25
     858:	9e 71       	andi	r25, 0x1E	; 30
     85a:	29 2f       	mov	r18, r25
     85c:	22 0f       	add	r18, r18
     85e:	22 0f       	add	r18, r18
     860:	92 0f       	add	r25, r18
     862:	8f 70       	andi	r24, 0x0F	; 15
     864:	89 0f       	add	r24, r25
     866:	08 95       	ret

00000868 <_Z14epoch_from_ltmP2tm>:
     868:	cf 92       	push	r12
     86a:	df 92       	push	r13
     86c:	ef 92       	push	r14
     86e:	ff 92       	push	r15
     870:	cf 93       	push	r28
     872:	df 93       	push	r29
     874:	ec 01       	movw	r28, r24
     876:	ee 81       	ldd	r30, Y+6	; 0x06
     878:	ff 81       	ldd	r31, Y+7	; 0x07
     87a:	89 81       	ldd	r24, Y+1	; 0x01
     87c:	c8 80       	ld	r12, Y
     87e:	0c 2c       	mov	r0, r12
     880:	00 0c       	add	r0, r0
     882:	dd 08       	sbc	r13, r13
     884:	9c e3       	ldi	r25, 0x3C	; 60
     886:	89 02       	muls	r24, r25
     888:	c0 0c       	add	r12, r0
     88a:	d1 1c       	adc	r13, r1
     88c:	11 24       	eor	r1, r1
     88e:	0d 2c       	mov	r0, r13
     890:	00 0c       	add	r0, r0
     892:	ee 08       	sbc	r14, r14
     894:	ff 08       	sbc	r15, r15
     896:	aa 81       	ldd	r26, Y+2	; 0x02
     898:	0a 2e       	mov	r0, r26
     89a:	00 0c       	add	r0, r0
     89c:	bb 0b       	sbc	r27, r27
     89e:	20 e1       	ldi	r18, 0x10	; 16
     8a0:	3e e0       	ldi	r19, 0x0E	; 14
     8a2:	0e 94 ea 18 	call	0x31d4	; 0x31d4 <__usmulhisi3>
     8a6:	c6 0e       	add	r12, r22
     8a8:	d7 1e       	adc	r13, r23
     8aa:	e8 1e       	adc	r14, r24
     8ac:	f9 1e       	adc	r15, r25
     8ae:	a8 85       	ldd	r26, Y+8	; 0x08
     8b0:	b9 85       	ldd	r27, Y+9	; 0x09
     8b2:	20 e8       	ldi	r18, 0x80	; 128
     8b4:	31 e5       	ldi	r19, 0x51	; 81
     8b6:	41 e0       	ldi	r20, 0x01	; 1
     8b8:	50 e0       	ldi	r21, 0x00	; 0
     8ba:	0e 94 fc 18 	call	0x31f8	; 0x31f8 <__mulshisi3>
     8be:	c6 0e       	add	r12, r22
     8c0:	d7 1e       	adc	r13, r23
     8c2:	e8 1e       	adc	r14, r24
     8c4:	f9 1e       	adc	r15, r25
     8c6:	df 01       	movw	r26, r30
     8c8:	a6 54       	subi	r26, 0x46	; 70
     8ca:	b1 09       	sbc	r27, r1
     8cc:	20 e8       	ldi	r18, 0x80	; 128
     8ce:	33 e3       	ldi	r19, 0x33	; 51
     8d0:	41 ee       	ldi	r20, 0xE1	; 225
     8d2:	51 e0       	ldi	r21, 0x01	; 1
     8d4:	0e 94 fc 18 	call	0x31f8	; 0x31f8 <__mulshisi3>
     8d8:	c6 0e       	add	r12, r22
     8da:	d7 1e       	adc	r13, r23
     8dc:	e8 1e       	adc	r14, r24
     8de:	f9 1e       	adc	r15, r25
     8e0:	cf 01       	movw	r24, r30
     8e2:	85 54       	subi	r24, 0x45	; 69
     8e4:	91 09       	sbc	r25, r1
     8e6:	dc 01       	movw	r26, r24
     8e8:	0a f4       	brpl	.+2      	; 0x8ec <_Z14epoch_from_ltmP2tm+0x84>
     8ea:	13 96       	adiw	r26, 0x03	; 3
     8ec:	b5 95       	asr	r27
     8ee:	a7 95       	ror	r26
     8f0:	b5 95       	asr	r27
     8f2:	a7 95       	ror	r26
     8f4:	20 e8       	ldi	r18, 0x80	; 128
     8f6:	31 e5       	ldi	r19, 0x51	; 81
     8f8:	41 e0       	ldi	r20, 0x01	; 1
     8fa:	50 e0       	ldi	r21, 0x00	; 0
     8fc:	0e 94 fc 18 	call	0x31f8	; 0x31f8 <__mulshisi3>
     900:	c6 0e       	add	r12, r22
     902:	d7 1e       	adc	r13, r23
     904:	e8 1e       	adc	r14, r24
     906:	f9 1e       	adc	r15, r25
     908:	cf 01       	movw	r24, r30
     90a:	01 97       	sbiw	r24, 0x01	; 1
     90c:	64 e6       	ldi	r22, 0x64	; 100
     90e:	70 e0       	ldi	r23, 0x00	; 0
     910:	0e 94 80 18 	call	0x3100	; 0x3100 <__divmodhi4>
     914:	db 01       	movw	r26, r22
     916:	20 e8       	ldi	r18, 0x80	; 128
     918:	3e ea       	ldi	r19, 0xAE	; 174
     91a:	4e ef       	ldi	r20, 0xFE	; 254
     91c:	5f ef       	ldi	r21, 0xFF	; 255
     91e:	0e 94 fc 18 	call	0x31f8	; 0x31f8 <__mulshisi3>
     922:	c6 0e       	add	r12, r22
     924:	d7 1e       	adc	r13, r23
     926:	e8 1e       	adc	r14, r24
     928:	f9 1e       	adc	r15, r25
     92a:	cf 01       	movw	r24, r30
     92c:	85 5d       	subi	r24, 0xD5	; 213
     92e:	9e 4f       	sbci	r25, 0xFE	; 254
     930:	60 e9       	ldi	r22, 0x90	; 144
     932:	71 e0       	ldi	r23, 0x01	; 1
     934:	0e 94 80 18 	call	0x3100	; 0x3100 <__divmodhi4>
     938:	db 01       	movw	r26, r22
     93a:	20 e8       	ldi	r18, 0x80	; 128
     93c:	31 e5       	ldi	r19, 0x51	; 81
     93e:	41 e0       	ldi	r20, 0x01	; 1
     940:	50 e0       	ldi	r21, 0x00	; 0
     942:	0e 94 fc 18 	call	0x31f8	; 0x31f8 <__mulshisi3>
     946:	6c 0d       	add	r22, r12
     948:	7d 1d       	adc	r23, r13
     94a:	8e 1d       	adc	r24, r14
     94c:	9f 1d       	adc	r25, r15
     94e:	df 91       	pop	r29
     950:	cf 91       	pop	r28
     952:	ff 90       	pop	r15
     954:	ef 90       	pop	r14
     956:	df 90       	pop	r13
     958:	cf 90       	pop	r12
     95a:	08 95       	ret

0000095c <_Z13RTC_get_epochPh>:
     95c:	af 92       	push	r10
     95e:	bf 92       	push	r11
     960:	cf 92       	push	r12
     962:	df 92       	push	r13
     964:	ef 92       	push	r14
     966:	ff 92       	push	r15
     968:	0f 93       	push	r16
     96a:	1f 93       	push	r17
     96c:	cf 93       	push	r28
     96e:	df 93       	push	r29
     970:	cd b7       	in	r28, 0x3d	; 61
     972:	de b7       	in	r29, 0x3e	; 62
     974:	63 97       	sbiw	r28, 0x13	; 19
     976:	0f b6       	in	r0, 0x3f	; 63
     978:	f8 94       	cli
     97a:	de bf       	out	0x3e, r29	; 62
     97c:	0f be       	out	0x3f, r0	; 63
     97e:	cd bf       	out	0x3d, r28	; 61
     980:	7c 01       	movw	r14, r24
     982:	fe 01       	movw	r30, r28
     984:	31 96       	adiw	r30, 0x01	; 1
     986:	87 e0       	ldi	r24, 0x07	; 7
     988:	df 01       	movw	r26, r30
     98a:	1d 92       	st	X+, r1
     98c:	8a 95       	dec	r24
     98e:	e9 f7       	brne	.-6      	; 0x98a <_Z13RTC_get_epochPh+0x2e>
     990:	1a e0       	ldi	r17, 0x0A	; 10
     992:	03 c0       	rjmp	.+6      	; 0x99a <_Z13RTC_get_epochPh+0x3e>
     994:	11 50       	subi	r17, 0x01	; 1
     996:	09 f4       	brne	.+2      	; 0x99a <_Z13RTC_get_epochPh+0x3e>
     998:	63 c0       	rjmp	.+198    	; 0xa60 <_Z13RTC_get_epochPh+0x104>
     99a:	27 e0       	ldi	r18, 0x07	; 7
     99c:	ae 01       	movw	r20, r28
     99e:	4f 5f       	subi	r20, 0xFF	; 255
     9a0:	5f 4f       	sbci	r21, 0xFF	; 255
     9a2:	60 e0       	ldi	r22, 0x00	; 0
     9a4:	80 ed       	ldi	r24, 0xD0	; 208
     9a6:	0e 94 0b 09 	call	0x1216	; 0x1216 <i2c_device_read>
     9aa:	08 2f       	mov	r16, r24
     9ac:	81 11       	cpse	r24, r1
     9ae:	f2 cf       	rjmp	.-28     	; 0x994 <_Z13RTC_get_epochPh+0x38>
     9b0:	64 c0       	rjmp	.+200    	; 0xa7a <_Z13RTC_get_epochPh+0x11e>
     9b2:	55 95       	asr	r21
     9b4:	47 95       	ror	r20
     9b6:	55 95       	asr	r21
     9b8:	47 95       	ror	r20
     9ba:	55 95       	asr	r21
     9bc:	47 95       	ror	r20
     9be:	55 95       	asr	r21
     9c0:	47 95       	ror	r20
     9c2:	55 95       	asr	r21
     9c4:	47 95       	ror	r20
     9c6:	40 fd       	sbrc	r20, 0
     9c8:	82 e0       	ldi	r24, 0x02	; 2
     9ca:	88 0f       	add	r24, r24
     9cc:	a8 2e       	mov	r10, r24
     9ce:	aa 0c       	add	r10, r10
     9d0:	aa 0c       	add	r10, r10
     9d2:	8a 0d       	add	r24, r10
     9d4:	a8 2e       	mov	r10, r24
     9d6:	a2 0e       	add	r10, r18
     9d8:	8f 81       	ldd	r24, Y+7	; 0x07
     9da:	0e 94 28 04 	call	0x850	; 0x850 <_Z7bcd2dech>
     9de:	c8 2e       	mov	r12, r24
     9e0:	d1 2c       	mov	r13, r1
     9e2:	c6 01       	movw	r24, r12
     9e4:	8c 59       	subi	r24, 0x9C	; 156
     9e6:	9f 4f       	sbci	r25, 0xFF	; 255
     9e8:	9f 87       	std	Y+15, r25	; 0x0f
     9ea:	8e 87       	std	Y+14, r24	; 0x0e
     9ec:	b0 e3       	ldi	r27, 0x30	; 48
     9ee:	cb 1a       	sub	r12, r27
     9f0:	b8 ef       	ldi	r27, 0xF8	; 248
     9f2:	db 0a       	sbc	r13, r27
     9f4:	8e 81       	ldd	r24, Y+6	; 0x06
     9f6:	0e 94 28 04 	call	0x850	; 0x850 <_Z7bcd2dech>
     9fa:	b8 2e       	mov	r11, r24
     9fc:	8f ef       	ldi	r24, 0xFF	; 255
     9fe:	8b 0d       	add	r24, r11
     a00:	8d 87       	std	Y+13, r24	; 0x0d
     a02:	8d 81       	ldd	r24, Y+5	; 0x05
     a04:	0e 94 28 04 	call	0x850	; 0x850 <_Z7bcd2dech>
     a08:	8b 87       	std	Y+11, r24	; 0x0b
     a0a:	e1 e0       	ldi	r30, 0x01	; 1
     a0c:	eb 15       	cp	r30, r11
     a0e:	70 f4       	brcc	.+28     	; 0xa2c <_Z13RTC_get_epochPh+0xd0>
     a10:	11 e0       	ldi	r17, 0x01	; 1
     a12:	61 2f       	mov	r22, r17
     a14:	c6 01       	movw	r24, r12
     a16:	0e 94 82 02 	call	0x504	; 0x504 <month_length>
     a1a:	28 89       	ldd	r18, Y+16	; 0x10
     a1c:	39 89       	ldd	r19, Y+17	; 0x11
     a1e:	28 0f       	add	r18, r24
     a20:	31 1d       	adc	r19, r1
     a22:	39 8b       	std	Y+17, r19	; 0x11
     a24:	28 8b       	std	Y+16, r18	; 0x10
     a26:	1f 5f       	subi	r17, 0xFF	; 255
     a28:	b1 12       	cpse	r11, r17
     a2a:	f3 cf       	rjmp	.-26     	; 0xa12 <_Z13RTC_get_epochPh+0xb6>
     a2c:	8b 85       	ldd	r24, Y+11	; 0x0b
     a2e:	08 2e       	mov	r0, r24
     a30:	00 0c       	add	r0, r0
     a32:	99 0b       	sbc	r25, r25
     a34:	01 97       	sbiw	r24, 0x01	; 1
     a36:	28 89       	ldd	r18, Y+16	; 0x10
     a38:	39 89       	ldd	r19, Y+17	; 0x11
     a3a:	82 0f       	add	r24, r18
     a3c:	93 1f       	adc	r25, r19
     a3e:	99 8b       	std	Y+17, r25	; 0x11
     a40:	88 8b       	std	Y+16, r24	; 0x10
     a42:	89 81       	ldd	r24, Y+1	; 0x01
     a44:	0e 94 28 04 	call	0x850	; 0x850 <_Z7bcd2dech>
     a48:	18 2f       	mov	r17, r24
     a4a:	8a 81       	ldd	r24, Y+2	; 0x02
     a4c:	0e 94 28 04 	call	0x850	; 0x850 <_Z7bcd2dech>
     a50:	aa 86       	std	Y+10, r10	; 0x0a
     a52:	89 87       	std	Y+9, r24	; 0x09
     a54:	18 87       	std	Y+8, r17	; 0x08
     a56:	ce 01       	movw	r24, r28
     a58:	08 96       	adiw	r24, 0x08	; 8
     a5a:	0e 94 34 04 	call	0x868	; 0x868 <_Z14epoch_from_ltmP2tm>
     a5e:	03 c0       	rjmp	.+6      	; 0xa66 <_Z13RTC_get_epochPh+0x10a>
     a60:	60 e0       	ldi	r22, 0x00	; 0
     a62:	70 e0       	ldi	r23, 0x00	; 0
     a64:	cb 01       	movw	r24, r22
     a66:	e1 14       	cp	r14, r1
     a68:	f1 04       	cpc	r15, r1
     a6a:	41 f1       	breq	.+80     	; 0xabc <_Z13RTC_get_epochPh+0x160>
     a6c:	21 e0       	ldi	r18, 0x01	; 1
     a6e:	01 11       	cpse	r16, r1
     a70:	01 c0       	rjmp	.+2      	; 0xa74 <_Z13RTC_get_epochPh+0x118>
     a72:	20 e0       	ldi	r18, 0x00	; 0
     a74:	d7 01       	movw	r26, r14
     a76:	2c 93       	st	X, r18
     a78:	21 c0       	rjmp	.+66     	; 0xabc <_Z13RTC_get_epochPh+0x160>
     a7a:	fe 01       	movw	r30, r28
     a7c:	38 96       	adiw	r30, 0x08	; 8
     a7e:	8c e0       	ldi	r24, 0x0C	; 12
     a80:	df 01       	movw	r26, r30
     a82:	1d 92       	st	X+, r1
     a84:	8a 95       	dec	r24
     a86:	e9 f7       	brne	.-6      	; 0xa82 <_Z13RTC_get_epochPh+0x126>
     a88:	2b 81       	ldd	r18, Y+3	; 0x03
     a8a:	42 2f       	mov	r20, r18
     a8c:	50 e0       	ldi	r21, 0x00	; 0
     a8e:	ca 01       	movw	r24, r20
     a90:	95 95       	asr	r25
     a92:	87 95       	ror	r24
     a94:	95 95       	asr	r25
     a96:	87 95       	ror	r24
     a98:	95 95       	asr	r25
     a9a:	87 95       	ror	r24
     a9c:	95 95       	asr	r25
     a9e:	87 95       	ror	r24
     aa0:	81 70       	andi	r24, 0x01	; 1
     aa2:	2f 70       	andi	r18, 0x0F	; 15
     aa4:	ba 01       	movw	r22, r20
     aa6:	06 2e       	mov	r0, r22
     aa8:	67 2f       	mov	r22, r23
     aaa:	00 0c       	add	r0, r0
     aac:	66 1f       	adc	r22, r22
     aae:	77 0b       	sbc	r23, r23
     ab0:	00 0c       	add	r0, r0
     ab2:	66 1f       	adc	r22, r22
     ab4:	77 1f       	adc	r23, r23
     ab6:	60 ff       	sbrs	r22, 0
     ab8:	7c cf       	rjmp	.-264    	; 0x9b2 <_Z13RTC_get_epochPh+0x56>
     aba:	87 cf       	rjmp	.-242    	; 0x9ca <_Z13RTC_get_epochPh+0x6e>
     abc:	63 96       	adiw	r28, 0x13	; 19
     abe:	0f b6       	in	r0, 0x3f	; 63
     ac0:	f8 94       	cli
     ac2:	de bf       	out	0x3e, r29	; 62
     ac4:	0f be       	out	0x3f, r0	; 63
     ac6:	cd bf       	out	0x3d, r28	; 61
     ac8:	df 91       	pop	r29
     aca:	cf 91       	pop	r28
     acc:	1f 91       	pop	r17
     ace:	0f 91       	pop	r16
     ad0:	ff 90       	pop	r15
     ad2:	ef 90       	pop	r14
     ad4:	df 90       	pop	r13
     ad6:	cf 90       	pop	r12
     ad8:	bf 90       	pop	r11
     ada:	af 90       	pop	r10
     adc:	08 95       	ret

00000ade <_Z10RTC_1s_sqwh>:


	BOOL RTC_1s_sqw(BOOL enable)
	{
     ade:	1f 93       	push	r17
     ae0:	cf 93       	push	r28
     ae2:	df 93       	push	r29
     ae4:	1f 92       	push	r1
     ae6:	cd b7       	in	r28, 0x3d	; 61
     ae8:	de b7       	in	r29, 0x3e	; 62
		uint8_t tries = 10; /* try several times in case of transient bus issues */
		bool failure;
		uint8_t data[1];
		
		data[0] = enable ? 0x00:0x04;	
     aea:	81 11       	cpse	r24, r1
     aec:	02 c0       	rjmp	.+4      	; 0xaf2 <_Z10RTC_1s_sqwh+0x14>
     aee:	84 e0       	ldi	r24, 0x04	; 4
     af0:	01 c0       	rjmp	.+2      	; 0xaf4 <_Z10RTC_1s_sqwh+0x16>
     af2:	80 e0       	ldi	r24, 0x00	; 0
     af4:	89 83       	std	Y+1, r24	; 0x01
     af6:	1a e0       	ldi	r17, 0x0A	; 10
     af8:	02 c0       	rjmp	.+4      	; 0xafe <_Z10RTC_1s_sqwh+0x20>
     afa:	11 50       	subi	r17, 0x01	; 1
		while(tries-- && (failure = i2c_device_write(DS3231_BUS_BASE_ADDR, RTC_CONTROL, data, 1)));
     afc:	51 f0       	breq	.+20     	; 0xb12 <_Z10RTC_1s_sqwh+0x34>
     afe:	21 e0       	ldi	r18, 0x01	; 1
     b00:	ae 01       	movw	r20, r28
     b02:	4f 5f       	subi	r20, 0xFF	; 255
     b04:	5f 4f       	sbci	r21, 0xFF	; 255
     b06:	6e e0       	ldi	r22, 0x0E	; 14
     b08:	80 ed       	ldi	r24, 0xD0	; 208
     b0a:	0e 94 a8 08 	call	0x1150	; 0x1150 <i2c_device_write>
     b0e:	81 11       	cpse	r24, r1
     b10:	f4 cf       	rjmp	.-24     	; 0xafa <_Z10RTC_1s_sqwh+0x1c>
		
		return(failure);
     b12:	91 e0       	ldi	r25, 0x01	; 1
     b14:	81 11       	cpse	r24, r1
     b16:	01 c0       	rjmp	.+2      	; 0xb1a <_Z10RTC_1s_sqwh+0x3c>
     b18:	90 e0       	ldi	r25, 0x00	; 0
	}
     b1a:	89 2f       	mov	r24, r25
     b1c:	0f 90       	pop	r0
     b1e:	df 91       	pop	r29
     b20:	cf 91       	pop	r28
     b22:	1f 91       	pop	r17
     b24:	08 95       	ret

00000b26 <_ZN13EepromManagerC1Ev>:

		failure = FALSE;
	}

	return( failure);
}
     b26:	08 95       	ret

00000b28 <_ZN13EepromManagerD1Ev>:
     b28:	08 95       	ret

00000b2a <_ZN13EepromManager16sendEEPROMStringE8EE_var_t>:
     b2a:	ef 92       	push	r14
     b2c:	ff 92       	push	r15
     b2e:	0f 93       	push	r16
     b30:	1f 93       	push	r17
     b32:	cf 93       	push	r28
     b34:	c6 2f       	mov	r28, r22
     b36:	0e 94 2f 0b 	call	0x165e	; 0x165e <lb_enabled>
     b3a:	88 23       	and	r24, r24
     b3c:	09 f4       	brne	.+2      	; 0xb40 <_ZN13EepromManager16sendEEPROMStringE8EE_var_t+0x16>
     b3e:	46 c0       	rjmp	.+140    	; 0xbcc <_ZN13EepromManager16sendEEPROMStringE8EE_var_t+0xa2>
     b40:	8c 2f       	mov	r24, r28
     b42:	90 e0       	ldi	r25, 0x00	; 0
     b44:	8b 30       	cpi	r24, 0x0B	; 11
     b46:	91 05       	cpc	r25, r1
     b48:	08 f0       	brcs	.+2      	; 0xb4c <_ZN13EepromManager16sendEEPROMStringE8EE_var_t+0x22>
     b4a:	40 c0       	rjmp	.+128    	; 0xbcc <_ZN13EepromManager16sendEEPROMStringE8EE_var_t+0xa2>
     b4c:	fc 01       	movw	r30, r24
     b4e:	e6 59       	subi	r30, 0x96	; 150
     b50:	ff 4f       	sbci	r31, 0xFF	; 255
     b52:	0c 94 d5 18 	jmp	0x31aa	; 0x31aa <__tablejump2__>
     b56:	81 eb       	ldi	r24, 0xB1	; 177
     b58:	90 e0       	ldi	r25, 0x00	; 0
     b5a:	30 c0       	rjmp	.+96     	; 0xbbc <_ZN13EepromManager16sendEEPROMStringE8EE_var_t+0x92>
     b5c:	8b e0       	ldi	r24, 0x0B	; 11
     b5e:	92 e0       	ldi	r25, 0x02	; 2
     b60:	2d c0       	rjmp	.+90     	; 0xbbc <_ZN13EepromManager16sendEEPROMStringE8EE_var_t+0x92>
     b62:	81 e3       	ldi	r24, 0x31	; 49
     b64:	92 e0       	ldi	r25, 0x02	; 2
     b66:	2a c0       	rjmp	.+84     	; 0xbbc <_ZN13EepromManager16sendEEPROMStringE8EE_var_t+0x92>
     b68:	88 e5       	ldi	r24, 0x58	; 88
     b6a:	92 e0       	ldi	r25, 0x02	; 2
     b6c:	27 c0       	rjmp	.+78     	; 0xbbc <_ZN13EepromManager16sendEEPROMStringE8EE_var_t+0x92>
     b6e:	89 e7       	ldi	r24, 0x79	; 121
     b70:	92 e0       	ldi	r25, 0x02	; 2
     b72:	24 c0       	rjmp	.+72     	; 0xbbc <_ZN13EepromManager16sendEEPROMStringE8EE_var_t+0x92>
     b74:	84 e9       	ldi	r24, 0x94	; 148
     b76:	92 e0       	ldi	r25, 0x02	; 2
     b78:	21 c0       	rjmp	.+66     	; 0xbbc <_ZN13EepromManager16sendEEPROMStringE8EE_var_t+0x92>
     b7a:	8a ea       	ldi	r24, 0xAA	; 170
     b7c:	92 e0       	ldi	r25, 0x02	; 2
     b7e:	1e c0       	rjmp	.+60     	; 0xbbc <_ZN13EepromManager16sendEEPROMStringE8EE_var_t+0x92>
     b80:	8f eb       	ldi	r24, 0xBF	; 191
     b82:	92 e0       	ldi	r25, 0x02	; 2
     b84:	1b c0       	rjmp	.+54     	; 0xbbc <_ZN13EepromManager16sendEEPROMStringE8EE_var_t+0x92>
     b86:	83 ed       	ldi	r24, 0xD3	; 211
     b88:	92 e0       	ldi	r25, 0x02	; 2
     b8a:	18 c0       	rjmp	.+48     	; 0xbbc <_ZN13EepromManager16sendEEPROMStringE8EE_var_t+0x92>
     b8c:	87 01       	movw	r16, r14
     b8e:	cc 23       	and	r28, r28
     b90:	e9 f0       	breq	.+58     	; 0xbcc <_ZN13EepromManager16sendEEPROMStringE8EE_var_t+0xa2>
     b92:	8c 2f       	mov	r24, r28
     b94:	0e 94 ed 0a 	call	0x15da	; 0x15da <lb_echo_char>
     b98:	78 01       	movw	r14, r16
     b9a:	8f ef       	ldi	r24, 0xFF	; 255
     b9c:	e8 1a       	sub	r14, r24
     b9e:	f8 0a       	sbc	r15, r24
     ba0:	c8 01       	movw	r24, r16
     ba2:	0e 94 ce 1b 	call	0x379c	; 0x379c <eeprom_read_byte>
     ba6:	c8 2f       	mov	r28, r24
     ba8:	0e 94 28 0a 	call	0x1450	; 0x1450 <linkbusTxInProgress>
     bac:	81 11       	cpse	r24, r1
     bae:	fc cf       	rjmp	.-8      	; 0xba8 <_ZN13EepromManager16sendEEPROMStringE8EE_var_t+0x7e>
     bb0:	ed cf       	rjmp	.-38     	; 0xb8c <_ZN13EepromManager16sendEEPROMStringE8EE_var_t+0x62>
     bb2:	86 e8       	ldi	r24, 0x86	; 134
     bb4:	90 e0       	ldi	r25, 0x00	; 0
     bb6:	02 c0       	rjmp	.+4      	; 0xbbc <_ZN13EepromManager16sendEEPROMStringE8EE_var_t+0x92>
     bb8:	83 ee       	ldi	r24, 0xE3	; 227
     bba:	91 e0       	ldi	r25, 0x01	; 1
     bbc:	8c 01       	movw	r16, r24
     bbe:	0f 5f       	subi	r16, 0xFF	; 255
     bc0:	1f 4f       	sbci	r17, 0xFF	; 255
     bc2:	0e 94 ce 1b 	call	0x379c	; 0x379c <eeprom_read_byte>
     bc6:	c8 2f       	mov	r28, r24
     bc8:	81 11       	cpse	r24, r1
     bca:	e3 cf       	rjmp	.-58     	; 0xb92 <_ZN13EepromManager16sendEEPROMStringE8EE_var_t+0x68>
     bcc:	cf 91       	pop	r28
     bce:	1f 91       	pop	r17
     bd0:	0f 91       	pop	r16
     bd2:	ff 90       	pop	r15
     bd4:	ef 90       	pop	r14
     bd6:	08 95       	ret

00000bd8 <_ZN13EepromManager17sendPROGMEMStringEPKc>:
		sendPROGMEMString((const char*)&TEXT_EEPROM_SUCCESS_MESSAGE);
//		dumpEEPROMVars();
	}

	void EepromManager::sendPROGMEMString(const char* fl_addr)
	{
     bd8:	0f 93       	push	r16
     bda:	1f 93       	push	r17
     bdc:	cf 93       	push	r28
     bde:	df 93       	push	r29
     be0:	eb 01       	movw	r28, r22
		if(!lb_enabled())
     be2:	0e 94 2f 0b 	call	0x165e	; 0x165e <lb_enabled>
     be6:	88 23       	and	r24, r24
     be8:	c1 f0       	breq	.+48     	; 0xc1a <_ZN13EepromManager17sendPROGMEMStringEPKc+0x42>
		{
			return;
		}

		if(fl_addr)
     bea:	20 97       	sbiw	r28, 0x00	; 0
     bec:	b1 f0       	breq	.+44     	; 0xc1a <_ZN13EepromManager17sendPROGMEMStringEPKc+0x42>
		{
			char c = pgm_read_byte(fl_addr++);
     bee:	8e 01       	movw	r16, r28
     bf0:	0f 5f       	subi	r16, 0xFF	; 255
     bf2:	1f 4f       	sbci	r17, 0xFF	; 255
     bf4:	fe 01       	movw	r30, r28
     bf6:	c4 91       	lpm	r28, Z

			while(c)
     bf8:	cc 23       	and	r28, r28
     bfa:	79 f0       	breq	.+30     	; 0xc1a <_ZN13EepromManager17sendPROGMEMStringEPKc+0x42>
     bfc:	04 c0       	rjmp	.+8      	; 0xc06 <_ZN13EepromManager17sendPROGMEMStringEPKc+0x2e>
     bfe:	0f 5f       	subi	r16, 0xFF	; 255
     c00:	1f 4f       	sbci	r17, 0xFF	; 255
     c02:	cc 23       	and	r28, r28
     c04:	51 f0       	breq	.+20     	; 0xc1a <_ZN13EepromManager17sendPROGMEMStringEPKc+0x42>
			{
				lb_echo_char(c);
     c06:	8c 2f       	mov	r24, r28
     c08:	0e 94 ed 0a 	call	0x15da	; 0x15da <lb_echo_char>
				c = pgm_read_byte((fl_addr++));
     c0c:	f8 01       	movw	r30, r16
     c0e:	c4 91       	lpm	r28, Z

				while(linkbusTxInProgress())
     c10:	0e 94 28 0a 	call	0x1450	; 0x1450 <linkbusTxInProgress>
     c14:	81 11       	cpse	r24, r1
     c16:	fc cf       	rjmp	.-8      	; 0xc10 <_ZN13EepromManager17sendPROGMEMStringEPKc+0x38>
     c18:	f2 cf       	rjmp	.-28     	; 0xbfe <_ZN13EepromManager17sendPROGMEMStringEPKc+0x26>
				{
					;
				}
			}
		}
	}
     c1a:	df 91       	pop	r29
     c1c:	cf 91       	pop	r28
     c1e:	1f 91       	pop	r17
     c20:	0f 91       	pop	r16
     c22:	08 95       	ret

00000c24 <_ZN13EepromManager17sendSuccessStringEv>:
	return( failure);
}

#if INIT_EEPROM_ONLY
	void EepromManager::sendSuccessString(void)
	{
     c24:	cf 93       	push	r28
     c26:	df 93       	push	r29
     c28:	ec 01       	movw	r28, r24
		sendEEPROMString(TextVersion);
     c2a:	60 e0       	ldi	r22, 0x00	; 0
     c2c:	0e 94 95 05 	call	0xb2a	; 0xb2a <_ZN13EepromManager16sendEEPROMStringE8EE_var_t>
		sendPROGMEMString((const char*)&TEXT_EEPROM_SUCCESS_MESSAGE);
     c30:	68 ee       	ldi	r22, 0xE8	; 232
     c32:	71 e0       	ldi	r23, 0x01	; 1
     c34:	ce 01       	movw	r24, r28
     c36:	0e 94 ec 05 	call	0xbd8	; 0xbd8 <_ZN13EepromManager17sendPROGMEMStringEPKc>
//		dumpEEPROMVars();
	}
     c3a:	df 91       	pop	r29
     c3c:	cf 91       	pop	r28
     c3e:	08 95       	ret

00000c40 <_ZN13EepromManager20initializeEEPROMVarsEv>:

/*
 * Set volatile variables to their values stored in EEPROM
 */
	BOOL EepromManager::initializeEEPROMVars(void)
	{
     c40:	cf 92       	push	r12
     c42:	df 92       	push	r13
     c44:	ef 92       	push	r14
     c46:	ff 92       	push	r15
     c48:	0f 93       	push	r16
     c4a:	1f 93       	push	r17
     c4c:	cf 93       	push	r28
     c4e:	df 93       	push	r29
					err = TRUE;
				}
			}
#endif  /* !ATMEL_STUDIO_7 */

		g_id_codespeed = EEPROM_ID_CODE_SPEED_DEFAULT;
     c50:	84 e1       	ldi	r24, 0x14	; 20
     c52:	80 93 07 01 	sts	0x0107, r24	; 0x800107 <g_id_codespeed>
		eeprom_write_byte((uint8_t*)&(EepromManager::ee_vars.id_codespeed), g_id_codespeed);
     c56:	60 91 07 01 	lds	r22, 0x0107	; 0x800107 <g_id_codespeed>
     c5a:	85 e2       	ldi	r24, 0x25	; 37
     c5c:	93 e0       	ldi	r25, 0x03	; 3
     c5e:	0e 94 d6 1b 	call	0x37ac	; 0x37ac <eeprom_write_byte>

		g_fox = EEPROM_FOX_SETTING_DEFAULT;
     c62:	81 e0       	ldi	r24, 0x01	; 1
     c64:	80 93 62 04 	sts	0x0462, r24	; 0x800462 <g_fox>
		eeprom_write_byte((uint8_t*)&(EepromManager::ee_vars.fox_setting), g_fox);
     c68:	60 91 62 04 	lds	r22, 0x0462	; 0x800462 <g_fox>
     c6c:	86 e2       	ldi	r24, 0x26	; 38
     c6e:	93 e0       	ldi	r25, 0x03	; 3
     c70:	0e 94 d6 1b 	call	0x37ac	; 0x37ac <eeprom_write_byte>

		g_AM_audio_frequency = EEPROM_AM_AUDIO_FREQ_DEFAULT;
     c74:	10 92 4c 04 	sts	0x044C, r1	; 0x80044c <g_AM_audio_frequency>
		eeprom_write_byte((uint8_t*)&(EepromManager::ee_vars.am_audio_frequency), (uint8_t)g_AM_audio_frequency);
     c78:	60 91 4c 04 	lds	r22, 0x044C	; 0x80044c <g_AM_audio_frequency>
     c7c:	87 e2       	ldi	r24, 0x27	; 39
     c7e:	93 e0       	ldi	r25, 0x03	; 3
     c80:	0e 94 d6 1b 	call	0x37ac	; 0x37ac <eeprom_write_byte>

		g_atmega_temp_calibration = EEPROM_TEMP_CALIBRATION_DEFAULT;
     c84:	8a e4       	ldi	r24, 0x4A	; 74
     c86:	91 e0       	ldi	r25, 0x01	; 1
     c88:	90 93 05 01 	sts	0x0105, r25	; 0x800105 <g_atmega_temp_calibration+0x1>
     c8c:	80 93 04 01 	sts	0x0104, r24	; 0x800104 <g_atmega_temp_calibration>
		eeprom_write_word((uint16_t*)&(EepromManager::ee_vars.atmega_temp_calibration), (uint16_t)g_atmega_temp_calibration);
     c90:	60 91 04 01 	lds	r22, 0x0104	; 0x800104 <g_atmega_temp_calibration>
     c94:	70 91 05 01 	lds	r23, 0x0105	; 0x800105 <g_atmega_temp_calibration+0x1>
     c98:	8a e7       	ldi	r24, 0x7A	; 122
     c9a:	90 e0       	ldi	r25, 0x00	; 0
     c9c:	0e 94 ec 1b 	call	0x37d8	; 0x37d8 <eeprom_write_word>

		i2c_init(); /* Needs to happen before reading RTC */
     ca0:	0e 94 2f 08 	call	0x105e	; 0x105e <i2c_init>
#if INCLUDE_RV3028_SUPPORT
		g_rv3028_offset = rv3028_get_offset_RAM();
		eeprom_write_word((uint16_t*)&(EepromManager::ee_vars.rv3028_offset), (uint16_t)g_rv3028_offset);
#endif // INCLUDE_RV3028_SUPPORT

		g_event_start_epoch = EEPROM_START_EPOCH_DEFAULT;
     ca4:	10 92 54 04 	sts	0x0454, r1	; 0x800454 <g_event_start_epoch>
     ca8:	10 92 55 04 	sts	0x0455, r1	; 0x800455 <g_event_start_epoch+0x1>
     cac:	10 92 56 04 	sts	0x0456, r1	; 0x800456 <g_event_start_epoch+0x2>
     cb0:	10 92 57 04 	sts	0x0457, r1	; 0x800457 <g_event_start_epoch+0x3>
		eeprom_write_dword((uint32_t*)&(EepromManager::ee_vars.event_start_epoch), g_event_start_epoch);
     cb4:	40 91 54 04 	lds	r20, 0x0454	; 0x800454 <g_event_start_epoch>
     cb8:	50 91 55 04 	lds	r21, 0x0455	; 0x800455 <g_event_start_epoch+0x1>
     cbc:	60 91 56 04 	lds	r22, 0x0456	; 0x800456 <g_event_start_epoch+0x2>
     cc0:	70 91 57 04 	lds	r23, 0x0457	; 0x800457 <g_event_start_epoch+0x3>
     cc4:	8e e7       	ldi	r24, 0x7E	; 126
     cc6:	90 e0       	ldi	r25, 0x00	; 0
     cc8:	0e 94 e4 1b 	call	0x37c8	; 0x37c8 <eeprom_write_dword>

		g_event_finish_epoch = EEPROM_FINISH_EPOCH_DEFAULT;
     ccc:	10 92 50 04 	sts	0x0450, r1	; 0x800450 <g_event_finish_epoch>
     cd0:	10 92 51 04 	sts	0x0451, r1	; 0x800451 <g_event_finish_epoch+0x1>
     cd4:	10 92 52 04 	sts	0x0452, r1	; 0x800452 <g_event_finish_epoch+0x2>
     cd8:	10 92 53 04 	sts	0x0453, r1	; 0x800453 <g_event_finish_epoch+0x3>
		eeprom_write_dword((uint32_t*)&(EepromManager::ee_vars.event_finish_epoch), g_event_finish_epoch);
     cdc:	40 91 50 04 	lds	r20, 0x0450	; 0x800450 <g_event_finish_epoch>
     ce0:	50 91 51 04 	lds	r21, 0x0451	; 0x800451 <g_event_finish_epoch+0x1>
     ce4:	60 91 52 04 	lds	r22, 0x0452	; 0x800452 <g_event_finish_epoch+0x2>
     ce8:	70 91 53 04 	lds	r23, 0x0453	; 0x800453 <g_event_finish_epoch+0x3>
     cec:	82 e8       	ldi	r24, 0x82	; 130
     cee:	90 e0       	ldi	r25, 0x00	; 0
     cf0:	0e 94 e4 1b 	call	0x37c8	; 0x37c8 <eeprom_write_dword>

		g_utc_offset = EEPROM_UTC_OFFSET_DEFAULT;
     cf4:	10 92 4f 04 	sts	0x044F, r1	; 0x80044f <g_utc_offset>
		eeprom_write_byte((uint8_t*)&(EepromManager::ee_vars.utc_offset), (uint8_t)g_utc_offset);
     cf8:	60 91 4f 04 	lds	r22, 0x044F	; 0x80044f <g_utc_offset>
     cfc:	88 e2       	ldi	r24, 0x28	; 40
     cfe:	93 e0       	ldi	r25, 0x03	; 3
     d00:	0e 94 d6 1b 	call	0x37ac	; 0x37ac <eeprom_write_byte>

		g_ptt_periodic_reset_enabled = EEPROM_PTT_PERIODIC_RESET_DEFAULT;
     d04:	10 92 4e 04 	sts	0x044E, r1	; 0x80044e <g_ptt_periodic_reset_enabled>
		eeprom_write_byte((uint8_t*)&(EepromManager::ee_vars.ptt_periodic_reset), g_ptt_periodic_reset_enabled);
     d08:	60 91 4e 04 	lds	r22, 0x044E	; 0x80044e <g_ptt_periodic_reset_enabled>
     d0c:	89 e2       	ldi	r24, 0x29	; 41
     d0e:	93 e0       	ldi	r25, 0x03	; 3
     d10:	0e 94 d6 1b 	call	0x37ac	; 0x37ac <eeprom_write_byte>

		g_messages_text[STATION_ID][0] = '\0';
     d14:	10 92 18 04 	sts	0x0418, r1	; 0x800418 <g_messages_text+0x15>
		eeprom_write_byte((uint8_t*)&(EepromManager::ee_vars.stationID_text[0]), 0);
     d18:	60 e0       	ldi	r22, 0x00	; 0
     d1a:	87 ee       	ldi	r24, 0xE7	; 231
     d1c:	92 e0       	ldi	r25, 0x02	; 2
     d1e:	0e 94 d6 1b 	call	0x37ac	; 0x37ac <eeprom_write_byte>
     d22:	03 e1       	ldi	r16, 0x13	; 19
     d24:	11 e0       	ldi	r17, 0x01	; 1
     d26:	0f 2e       	mov	r0, r31
     d28:	f2 e3       	ldi	r31, 0x32	; 50
     d2a:	ef 2e       	mov	r14, r31
     d2c:	f4 e0       	ldi	r31, 0x04	; 4
     d2e:	ff 2e       	mov	r15, r31
     d30:	f0 2d       	mov	r31, r0
     d32:	cc e1       	ldi	r28, 0x1C	; 28
     d34:	d3 e0       	ldi	r29, 0x03	; 3
     d36:	0f 2e       	mov	r0, r31
     d38:	f7 e1       	ldi	r31, 0x17	; 23
     d3a:	cf 2e       	mov	r12, r31
     d3c:	f1 e0       	ldi	r31, 0x01	; 1
     d3e:	df 2e       	mov	r13, r31
     d40:	f0 2d       	mov	r31, r0

		uint8_t *v = (uint8_t*)EEPROM_DTMF_UNLOCK_CODE_DEFAULT;
		for(i = 0; i < strlen(EEPROM_DTMF_UNLOCK_CODE_DEFAULT); i++)
		{
			g_unlockCode[i] = *v;
     d42:	f8 01       	movw	r30, r16
     d44:	61 91       	ld	r22, Z+
     d46:	8f 01       	movw	r16, r30
     d48:	f7 01       	movw	r30, r14
     d4a:	61 93       	st	Z+, r22
     d4c:	7f 01       	movw	r14, r30
			eeprom_write_byte((uint8_t*)&(EepromManager::ee_vars.unlockCode[i]), *v++);
     d4e:	ce 01       	movw	r24, r28
     d50:	0e 94 d6 1b 	call	0x37ac	; 0x37ac <eeprom_write_byte>
     d54:	21 96       	adiw	r28, 0x01	; 1

		g_messages_text[STATION_ID][0] = '\0';
		eeprom_write_byte((uint8_t*)&(EepromManager::ee_vars.stationID_text[0]), 0);

		uint8_t *v = (uint8_t*)EEPROM_DTMF_UNLOCK_CODE_DEFAULT;
		for(i = 0; i < strlen(EEPROM_DTMF_UNLOCK_CODE_DEFAULT); i++)
     d56:	c0 16       	cp	r12, r16
     d58:	d1 06       	cpc	r13, r17
     d5a:	99 f7       	brne	.-26     	; 0xd42 <_ZN13EepromManager20initializeEEPROMVarsEv+0x102>
		{
			g_unlockCode[i] = *v;
			eeprom_write_byte((uint8_t*)&(EepromManager::ee_vars.unlockCode[i]), *v++);
		}

		eeprom_write_byte((uint8_t*)&(EepromManager::ee_vars.unlockCode[i]), 0);
     d5c:	60 e0       	ldi	r22, 0x00	; 0
     d5e:	80 e2       	ldi	r24, 0x20	; 32
     d60:	93 e0       	ldi	r25, 0x03	; 3
     d62:	0e 94 d6 1b 	call	0x37ac	; 0x37ac <eeprom_write_byte>
		g_unlockCode[i] = '\0';
     d66:	10 92 36 04 	sts	0x0436, r1	; 0x800436 <g_unlockCode+0x4>
     d6a:	02 e0       	ldi	r16, 0x02	; 2
     d6c:	10 e0       	ldi	r17, 0x00	; 0

		/* Each correction pulse = 1 tick corresponds to 1 / (16384 x 64) = 0.9537 ppm.
		 * ppm frequency change = -0.035 * (T-T0)^2 (+/-10%)
		 * Table[0] = 25C, Table[1] = 24C or 26C, Table[2] = 23C or 27C, etc. */
		for(i = 0; i < SIZE_OF_TEMPERATURE_TABLE; i++)  /* Use 1-degree steps and take advantage of parabola symmetry for -35C to +85C coverage */
     d6e:	c0 e0       	ldi	r28, 0x00	; 0
     d70:	d0 e0       	ldi	r29, 0x00	; 0
		{
			uint16_t val = (uint16_t)(((i * i) * 37L) / 1000L);
			eeprom_write_byte((uint8_t*)&(EepromManager::ee_vars.temperature_table[i]), val);
     d72:	0f 2e       	mov	r0, r31
     d74:	f8 ee       	ldi	r31, 0xE8	; 232
     d76:	cf 2e       	mov	r12, r31
     d78:	f3 e0       	ldi	r31, 0x03	; 3
     d7a:	df 2e       	mov	r13, r31
     d7c:	e1 2c       	mov	r14, r1
     d7e:	f1 2c       	mov	r15, r1
     d80:	f0 2d       	mov	r31, r0
     d82:	cc 9f       	mul	r28, r28
     d84:	90 01       	movw	r18, r0
     d86:	cd 9f       	mul	r28, r29
     d88:	30 0d       	add	r19, r0
     d8a:	30 0d       	add	r19, r0
     d8c:	11 24       	eor	r1, r1
     d8e:	a5 e2       	ldi	r26, 0x25	; 37
     d90:	b0 e0       	ldi	r27, 0x00	; 0
     d92:	0e 94 db 18 	call	0x31b6	; 0x31b6 <__umulhisi3>
     d96:	a7 01       	movw	r20, r14
     d98:	96 01       	movw	r18, r12
     d9a:	0e 94 b6 18 	call	0x316c	; 0x316c <__divmodsi4>
     d9e:	62 2f       	mov	r22, r18
     da0:	c8 01       	movw	r24, r16
     da2:	0e 94 d6 1b 	call	0x37ac	; 0x37ac <eeprom_write_byte>
		g_unlockCode[i] = '\0';

		/* Each correction pulse = 1 tick corresponds to 1 / (16384 x 64) = 0.9537 ppm.
		 * ppm frequency change = -0.035 * (T-T0)^2 (+/-10%)
		 * Table[0] = 25C, Table[1] = 24C or 26C, Table[2] = 23C or 27C, etc. */
		for(i = 0; i < SIZE_OF_TEMPERATURE_TABLE; i++)  /* Use 1-degree steps and take advantage of parabola symmetry for -35C to +85C coverage */
     da6:	21 96       	adiw	r28, 0x01	; 1
     da8:	0e 5f       	subi	r16, 0xFE	; 254
     daa:	1f 4f       	sbci	r17, 0xFF	; 255
     dac:	cc 33       	cpi	r28, 0x3C	; 60
     dae:	d1 05       	cpc	r29, r1
     db0:	41 f7       	brne	.-48     	; 0xd82 <_ZN13EepromManager20initializeEEPROMVarsEv+0x142>
     db2:	c8 e0       	ldi	r28, 0x08	; 8
     db4:	d0 e0       	ldi	r29, 0x00	; 0
			eeprom_write_byte((uint8_t*)&(EepromManager::ee_vars.temperature_table[i]), val);
		}

		for(i = 0; i < SIZE_OF_DATA_MODULATION; i++)
		{
			float val = 5.5 * squaref((1.4 + sinf((i + (SIZE_OF_DATA_MODULATION / 4)) * 0.196))); /* Set maximum attenuation to fall at index 0 */
     db6:	be 01       	movw	r22, r28
     db8:	80 e0       	ldi	r24, 0x00	; 0
     dba:	90 e0       	ldi	r25, 0x00	; 0
     dbc:	0e 94 dd 16 	call	0x2dba	; 0x2dba <__floatunsisf>
     dc0:	29 e3       	ldi	r18, 0x39	; 57
     dc2:	34 eb       	ldi	r19, 0xB4	; 180
     dc4:	48 e4       	ldi	r20, 0x48	; 72
     dc6:	5e e3       	ldi	r21, 0x3E	; 62
     dc8:	0e 94 6b 17 	call	0x2ed6	; 0x2ed6 <__mulsf3>
     dcc:	0e 94 d8 17 	call	0x2fb0	; 0x2fb0 <sin>
     dd0:	23 e3       	ldi	r18, 0x33	; 51
     dd2:	33 e3       	ldi	r19, 0x33	; 51
     dd4:	43 eb       	ldi	r20, 0xB3	; 179
     dd6:	5f e3       	ldi	r21, 0x3F	; 63
     dd8:	0e 94 42 16 	call	0x2c84	; 0x2c84 <__addsf3>
     ddc:	0e 94 e0 17 	call	0x2fc0	; 0x2fc0 <square>
			eeprom_write_byte((uint8_t*)&(EepromManager::ee_vars.dataModulation[i]), (uint8_t)val);
     de0:	20 e0       	ldi	r18, 0x00	; 0
     de2:	30 e0       	ldi	r19, 0x00	; 0
     de4:	40 eb       	ldi	r20, 0xB0	; 176
     de6:	50 e4       	ldi	r21, 0x40	; 64
     de8:	0e 94 6b 17 	call	0x2ed6	; 0x2ed6 <__mulsf3>
     dec:	0e 94 ae 16 	call	0x2d5c	; 0x2d5c <__fixunssfsi>
     df0:	ce 01       	movw	r24, r28
     df2:	8c 50       	subi	r24, 0x0C	; 12
     df4:	9d 4f       	sbci	r25, 0xFD	; 253
     df6:	0e 94 d6 1b 	call	0x37ac	; 0x37ac <eeprom_write_byte>
     dfa:	21 96       	adiw	r28, 0x01	; 1
		{
			uint16_t val = (uint16_t)(((i * i) * 37L) / 1000L);
			eeprom_write_byte((uint8_t*)&(EepromManager::ee_vars.temperature_table[i]), val);
		}

		for(i = 0; i < SIZE_OF_DATA_MODULATION; i++)
     dfc:	c8 32       	cpi	r28, 0x28	; 40
     dfe:	d1 05       	cpc	r29, r1
     e00:	d1 f6       	brne	.-76     	; 0xdb6 <_ZN13EepromManager20initializeEEPROMVarsEv+0x176>
     e02:	c1 e8       	ldi	r28, 0x81	; 129
     e04:	d4 e0       	ldi	r29, 0x04	; 4
     e06:	06 e8       	ldi	r16, 0x86	; 134
     e08:	10 e0       	ldi	r17, 0x00	; 0
     e0a:	0f 2e       	mov	r0, r31
     e0c:	fb ea       	ldi	r31, 0xAB	; 171
     e0e:	ef 2e       	mov	r14, r31
     e10:	f4 e0       	ldi	r31, 0x04	; 4
     e12:	ff 2e       	mov	r15, r31
     e14:	f0 2d       	mov	r31, r0
		}

		/* Software Version String */
		for(i = 0; i < strlen_P(PRODUCT_NAME_LONG); i++)
		{
			uint8_t byteval = pgm_read_byte(PRODUCT_NAME_LONG + i);
     e16:	fe 01       	movw	r30, r28
     e18:	64 91       	lpm	r22, Z
			eeprom_write_byte((uint8_t*)&(EepromManager::ee_vars.textVersion[i]), byteval);
     e1a:	c8 01       	movw	r24, r16
     e1c:	0e 94 d6 1b 	call	0x37ac	; 0x37ac <eeprom_write_byte>
     e20:	21 96       	adiw	r28, 0x01	; 1
     e22:	0f 5f       	subi	r16, 0xFF	; 255
     e24:	1f 4f       	sbci	r17, 0xFF	; 255
			float val = 5.5 * squaref((1.4 + sinf((i + (SIZE_OF_DATA_MODULATION / 4)) * 0.196))); /* Set maximum attenuation to fall at index 0 */
			eeprom_write_byte((uint8_t*)&(EepromManager::ee_vars.dataModulation[i]), (uint8_t)val);
		}

		/* Software Version String */
		for(i = 0; i < strlen_P(PRODUCT_NAME_LONG); i++)
     e26:	ec 16       	cp	r14, r28
     e28:	fd 06       	cpc	r15, r29
     e2a:	a9 f7       	brne	.-22     	; 0xe16 <_ZN13EepromManager20initializeEEPROMVarsEv+0x1d6>
		{
			uint8_t byteval = pgm_read_byte(PRODUCT_NAME_LONG + i);
			eeprom_write_byte((uint8_t*)&(EepromManager::ee_vars.textVersion[i]), byteval);
		}

		eeprom_write_byte((uint8_t*)&(EepromManager::ee_vars.textVersion[i]), 0);
     e2c:	60 e0       	ldi	r22, 0x00	; 0
     e2e:	80 eb       	ldi	r24, 0xB0	; 176
     e30:	90 e0       	ldi	r25, 0x00	; 0
     e32:	0e 94 d6 1b 	call	0x37ac	; 0x37ac <eeprom_write_byte>
     e36:	cf e4       	ldi	r28, 0x4F	; 79
     e38:	d3 e0       	ldi	r29, 0x03	; 3
     e3a:	01 eb       	ldi	r16, 0xB1	; 177
     e3c:	10 e0       	ldi	r17, 0x00	; 0
     e3e:	0f 2e       	mov	r0, r31
     e40:	f0 e8       	ldi	r31, 0x80	; 128
     e42:	ef 2e       	mov	r14, r31
     e44:	f4 e0       	ldi	r31, 0x04	; 4
     e46:	ff 2e       	mov	r15, r31
     e48:	f0 2d       	mov	r31, r0

		/* Help String */
		for(i = 0; i < strlen_P(HELP_TEXT); i++)
		{
			uint8_t byteval = pgm_read_byte(HELP_TEXT + i);
     e4a:	fe 01       	movw	r30, r28
     e4c:	64 91       	lpm	r22, Z
			eeprom_write_byte((uint8_t*)&(EepromManager::ee_vars.textHelp[i]), byteval);
     e4e:	c8 01       	movw	r24, r16
     e50:	0e 94 d6 1b 	call	0x37ac	; 0x37ac <eeprom_write_byte>
     e54:	21 96       	adiw	r28, 0x01	; 1
     e56:	0f 5f       	subi	r16, 0xFF	; 255
     e58:	1f 4f       	sbci	r17, 0xFF	; 255
		}

		eeprom_write_byte((uint8_t*)&(EepromManager::ee_vars.textVersion[i]), 0);

		/* Help String */
		for(i = 0; i < strlen_P(HELP_TEXT); i++)
     e5a:	ec 16       	cp	r14, r28
     e5c:	fd 06       	cpc	r15, r29
     e5e:	a9 f7       	brne	.-22     	; 0xe4a <_ZN13EepromManager20initializeEEPROMVarsEv+0x20a>
		{
			uint8_t byteval = pgm_read_byte(HELP_TEXT + i);
			eeprom_write_byte((uint8_t*)&(EepromManager::ee_vars.textHelp[i]), byteval);
		}

		eeprom_write_byte((uint8_t*)&(EepromManager::ee_vars.textHelp[i]), 0);
     e60:	60 e0       	ldi	r22, 0x00	; 0
     e62:	82 ee       	ldi	r24, 0xE2	; 226
     e64:	91 e0       	ldi	r25, 0x01	; 1
     e66:	0e 94 d6 1b 	call	0x37ac	; 0x37ac <eeprom_write_byte>
     e6a:	c9 eb       	ldi	r28, 0xB9	; 185
     e6c:	d2 e0       	ldi	r29, 0x02	; 2
     e6e:	08 e5       	ldi	r16, 0x58	; 88
     e70:	12 e0       	ldi	r17, 0x02	; 2
     e72:	0f 2e       	mov	r0, r31
     e74:	f9 ed       	ldi	r31, 0xD9	; 217
     e76:	ef 2e       	mov	r14, r31
     e78:	f2 e0       	ldi	r31, 0x02	; 2
     e7a:	ff 2e       	mov	r15, r31
     e7c:	f0 2d       	mov	r31, r0

		/* Set ID String */
		for(i = 0; i < strlen_P(TEXT_SET_ID); i++)
		{
			uint8_t byteval = pgm_read_byte(TEXT_SET_ID + i);
     e7e:	fe 01       	movw	r30, r28
     e80:	64 91       	lpm	r22, Z
			eeprom_write_byte((uint8_t*)&(EepromManager::ee_vars.textSetID[i]), byteval);
     e82:	c8 01       	movw	r24, r16
     e84:	0e 94 d6 1b 	call	0x37ac	; 0x37ac <eeprom_write_byte>
     e88:	21 96       	adiw	r28, 0x01	; 1
     e8a:	0f 5f       	subi	r16, 0xFF	; 255
     e8c:	1f 4f       	sbci	r17, 0xFF	; 255
		}

		eeprom_write_byte((uint8_t*)&(EepromManager::ee_vars.textHelp[i]), 0);

		/* Set ID String */
		for(i = 0; i < strlen_P(TEXT_SET_ID); i++)
     e8e:	ec 16       	cp	r14, r28
     e90:	fd 06       	cpc	r15, r29
     e92:	a9 f7       	brne	.-22     	; 0xe7e <_ZN13EepromManager20initializeEEPROMVarsEv+0x23e>
		{
			uint8_t byteval = pgm_read_byte(TEXT_SET_ID + i);
			eeprom_write_byte((uint8_t*)&(EepromManager::ee_vars.textSetID[i]), byteval);
		}

		eeprom_write_byte((uint8_t*)&(EepromManager::ee_vars.textSetID[i]), 0);
     e94:	60 e0       	ldi	r22, 0x00	; 0
     e96:	88 e7       	ldi	r24, 0x78	; 120
     e98:	92 e0       	ldi	r25, 0x02	; 2
     e9a:	0e 94 d6 1b 	call	0x37ac	; 0x37ac <eeprom_write_byte>
     e9e:	c7 e2       	ldi	r28, 0x27	; 39
     ea0:	d3 e0       	ldi	r29, 0x03	; 3
     ea2:	03 ee       	ldi	r16, 0xE3	; 227
     ea4:	11 e0       	ldi	r17, 0x01	; 1
     ea6:	0f 2e       	mov	r0, r31
     ea8:	fe e4       	ldi	r31, 0x4E	; 78
     eaa:	ef 2e       	mov	r14, r31
     eac:	f3 e0       	ldi	r31, 0x03	; 3
     eae:	ff 2e       	mov	r15, r31
     eb0:	f0 2d       	mov	r31, r0

		/* Set Time String */
		for(i = 0; i < strlen_P(TEXT_SET_TIME); i++)
		{
			uint8_t byteval = pgm_read_byte(TEXT_SET_TIME + i);
     eb2:	fe 01       	movw	r30, r28
     eb4:	64 91       	lpm	r22, Z
			eeprom_write_byte((uint8_t*)&(EepromManager::ee_vars.textSetTime[i]), byteval);
     eb6:	c8 01       	movw	r24, r16
     eb8:	0e 94 d6 1b 	call	0x37ac	; 0x37ac <eeprom_write_byte>
     ebc:	21 96       	adiw	r28, 0x01	; 1
     ebe:	0f 5f       	subi	r16, 0xFF	; 255
     ec0:	1f 4f       	sbci	r17, 0xFF	; 255
		}

		eeprom_write_byte((uint8_t*)&(EepromManager::ee_vars.textSetID[i]), 0);

		/* Set Time String */
		for(i = 0; i < strlen_P(TEXT_SET_TIME); i++)
     ec2:	ec 16       	cp	r14, r28
     ec4:	fd 06       	cpc	r15, r29
     ec6:	a9 f7       	brne	.-22     	; 0xeb2 <_ZN13EepromManager20initializeEEPROMVarsEv+0x272>
		{
			uint8_t byteval = pgm_read_byte(TEXT_SET_TIME + i);
			eeprom_write_byte((uint8_t*)&(EepromManager::ee_vars.textSetTime[i]), byteval);
		}

		eeprom_write_byte((uint8_t*)&(EepromManager::ee_vars.textSetTime[i]), 0);
     ec8:	60 e0       	ldi	r22, 0x00	; 0
     eca:	8a e0       	ldi	r24, 0x0A	; 10
     ecc:	92 e0       	ldi	r25, 0x02	; 2
     ece:	0e 94 d6 1b 	call	0x37ac	; 0x37ac <eeprom_write_byte>
     ed2:	c1 e0       	ldi	r28, 0x01	; 1
     ed4:	d3 e0       	ldi	r29, 0x03	; 3
     ed6:	0b e0       	ldi	r16, 0x0B	; 11
     ed8:	12 e0       	ldi	r17, 0x02	; 2
     eda:	0f 2e       	mov	r0, r31
     edc:	f6 e2       	ldi	r31, 0x26	; 38
     ede:	ef 2e       	mov	r14, r31
     ee0:	f3 e0       	ldi	r31, 0x03	; 3
     ee2:	ff 2e       	mov	r15, r31
     ee4:	f0 2d       	mov	r31, r0

		/* Set Start String */
		for(i = 0; i < strlen_P(TEXT_SET_START); i++)
		{
			uint8_t byteval = pgm_read_byte(TEXT_SET_START + i);
     ee6:	fe 01       	movw	r30, r28
     ee8:	64 91       	lpm	r22, Z
			eeprom_write_byte((uint8_t*)&(EepromManager::ee_vars.textSetStart[i]), byteval);
     eea:	c8 01       	movw	r24, r16
     eec:	0e 94 d6 1b 	call	0x37ac	; 0x37ac <eeprom_write_byte>
     ef0:	21 96       	adiw	r28, 0x01	; 1
     ef2:	0f 5f       	subi	r16, 0xFF	; 255
     ef4:	1f 4f       	sbci	r17, 0xFF	; 255
		}

		eeprom_write_byte((uint8_t*)&(EepromManager::ee_vars.textSetTime[i]), 0);

		/* Set Start String */
		for(i = 0; i < strlen_P(TEXT_SET_START); i++)
     ef6:	ec 16       	cp	r14, r28
     ef8:	fd 06       	cpc	r15, r29
     efa:	a9 f7       	brne	.-22     	; 0xee6 <_ZN13EepromManager20initializeEEPROMVarsEv+0x2a6>
		{
			uint8_t byteval = pgm_read_byte(TEXT_SET_START + i);
			eeprom_write_byte((uint8_t*)&(EepromManager::ee_vars.textSetStart[i]), byteval);
		}

		eeprom_write_byte((uint8_t*)&(EepromManager::ee_vars.textSetStart[i]), 0);
     efc:	60 e0       	ldi	r22, 0x00	; 0
     efe:	80 e3       	ldi	r24, 0x30	; 48
     f00:	92 e0       	ldi	r25, 0x02	; 2
     f02:	0e 94 d6 1b 	call	0x37ac	; 0x37ac <eeprom_write_byte>
     f06:	ca ed       	ldi	r28, 0xDA	; 218
     f08:	d2 e0       	ldi	r29, 0x02	; 2
     f0a:	01 e3       	ldi	r16, 0x31	; 49
     f0c:	12 e0       	ldi	r17, 0x02	; 2
     f0e:	0f 2e       	mov	r0, r31
     f10:	f0 e0       	ldi	r31, 0x00	; 0
     f12:	ef 2e       	mov	r14, r31
     f14:	f3 e0       	ldi	r31, 0x03	; 3
     f16:	ff 2e       	mov	r15, r31
     f18:	f0 2d       	mov	r31, r0

		/* Set Finish String */
		for(i = 0; i < strlen_P(TEXT_SET_FINISH); i++)
		{
			uint8_t byteval = pgm_read_byte(TEXT_SET_FINISH + i);
     f1a:	fe 01       	movw	r30, r28
     f1c:	64 91       	lpm	r22, Z
			eeprom_write_byte((uint8_t*)&(EepromManager::ee_vars.textSetFinish[i]), byteval);
     f1e:	c8 01       	movw	r24, r16
     f20:	0e 94 d6 1b 	call	0x37ac	; 0x37ac <eeprom_write_byte>
     f24:	21 96       	adiw	r28, 0x01	; 1
     f26:	0f 5f       	subi	r16, 0xFF	; 255
     f28:	1f 4f       	sbci	r17, 0xFF	; 255
		}

		eeprom_write_byte((uint8_t*)&(EepromManager::ee_vars.textSetStart[i]), 0);

		/* Set Finish String */
		for(i = 0; i < strlen_P(TEXT_SET_FINISH); i++)
     f2a:	ec 16       	cp	r14, r28
     f2c:	fd 06       	cpc	r15, r29
     f2e:	a9 f7       	brne	.-22     	; 0xf1a <_ZN13EepromManager20initializeEEPROMVarsEv+0x2da>
		{
			uint8_t byteval = pgm_read_byte(TEXT_SET_FINISH + i);
			eeprom_write_byte((uint8_t*)&(EepromManager::ee_vars.textSetFinish[i]), byteval);
		}

		eeprom_write_byte((uint8_t*)&(EepromManager::ee_vars.textSetFinish[i]), 0);
     f30:	60 e0       	ldi	r22, 0x00	; 0
     f32:	87 e5       	ldi	r24, 0x57	; 87
     f34:	92 e0       	ldi	r25, 0x02	; 2
     f36:	0e 94 d6 1b 	call	0x37ac	; 0x37ac <eeprom_write_byte>
     f3a:	c8 e8       	ldi	r28, 0x88	; 136
     f3c:	d2 e0       	ldi	r29, 0x02	; 2
     f3e:	04 e9       	ldi	r16, 0x94	; 148
     f40:	12 e0       	ldi	r17, 0x02	; 2
     f42:	0f 2e       	mov	r0, r31
     f44:	fd e9       	ldi	r31, 0x9D	; 157
     f46:	ef 2e       	mov	r14, r31
     f48:	f2 e0       	ldi	r31, 0x02	; 2
     f4a:	ff 2e       	mov	r15, r31
     f4c:	f0 2d       	mov	r31, r0

		/* Set Err Finish in Past String */
		for(i = 0; i < strlen_P(TEXT_ERR_FINISH_IN_PAST); i++)
		{
			uint8_t byteval = pgm_read_byte(TEXT_ERR_FINISH_IN_PAST + i);
     f4e:	fe 01       	movw	r30, r28
     f50:	64 91       	lpm	r22, Z
			eeprom_write_byte((uint8_t*)&(EepromManager::ee_vars.textErrFinishInPast[i]), byteval);
     f52:	c8 01       	movw	r24, r16
     f54:	0e 94 d6 1b 	call	0x37ac	; 0x37ac <eeprom_write_byte>
     f58:	21 96       	adiw	r28, 0x01	; 1
     f5a:	0f 5f       	subi	r16, 0xFF	; 255
     f5c:	1f 4f       	sbci	r17, 0xFF	; 255
		}

		eeprom_write_byte((uint8_t*)&(EepromManager::ee_vars.textSetFinish[i]), 0);

		/* Set Err Finish in Past String */
		for(i = 0; i < strlen_P(TEXT_ERR_FINISH_IN_PAST); i++)
     f5e:	ec 16       	cp	r14, r28
     f60:	fd 06       	cpc	r15, r29
     f62:	a9 f7       	brne	.-22     	; 0xf4e <_ZN13EepromManager20initializeEEPROMVarsEv+0x30e>
		{
			uint8_t byteval = pgm_read_byte(TEXT_ERR_FINISH_IN_PAST + i);
			eeprom_write_byte((uint8_t*)&(EepromManager::ee_vars.textErrFinishInPast[i]), byteval);
		}

		eeprom_write_byte((uint8_t*)&(EepromManager::ee_vars.textErrFinishInPast[i]), 0);
     f64:	60 e0       	ldi	r22, 0x00	; 0
     f66:	89 ea       	ldi	r24, 0xA9	; 169
     f68:	92 e0       	ldi	r25, 0x02	; 2
     f6a:	0e 94 d6 1b 	call	0x37ac	; 0x37ac <eeprom_write_byte>
     f6e:	c3 e7       	ldi	r28, 0x73	; 115
     f70:	d2 e0       	ldi	r29, 0x02	; 2
     f72:	0a ea       	ldi	r16, 0xAA	; 170
     f74:	12 e0       	ldi	r17, 0x02	; 2
     f76:	0f 2e       	mov	r0, r31
     f78:	f7 e8       	ldi	r31, 0x87	; 135
     f7a:	ef 2e       	mov	r14, r31
     f7c:	f2 e0       	ldi	r31, 0x02	; 2
     f7e:	ff 2e       	mov	r15, r31
     f80:	f0 2d       	mov	r31, r0

		/* Set Err Start in Past String */
		for(i = 0; i < strlen_P(TEXT_ERR_START_IN_PAST); i++)
		{
			uint8_t byteval = pgm_read_byte(TEXT_ERR_START_IN_PAST + i);
     f82:	fe 01       	movw	r30, r28
     f84:	64 91       	lpm	r22, Z
			eeprom_write_byte((uint8_t*)&(EepromManager::ee_vars.textErrStartInPast[i]), byteval);
     f86:	c8 01       	movw	r24, r16
     f88:	0e 94 d6 1b 	call	0x37ac	; 0x37ac <eeprom_write_byte>
     f8c:	21 96       	adiw	r28, 0x01	; 1
     f8e:	0f 5f       	subi	r16, 0xFF	; 255
     f90:	1f 4f       	sbci	r17, 0xFF	; 255
		}

		eeprom_write_byte((uint8_t*)&(EepromManager::ee_vars.textErrFinishInPast[i]), 0);

		/* Set Err Start in Past String */
		for(i = 0; i < strlen_P(TEXT_ERR_START_IN_PAST); i++)
     f92:	ec 16       	cp	r14, r28
     f94:	fd 06       	cpc	r15, r29
     f96:	a9 f7       	brne	.-22     	; 0xf82 <_ZN13EepromManager20initializeEEPROMVarsEv+0x342>
		{
			uint8_t byteval = pgm_read_byte(TEXT_ERR_START_IN_PAST + i);
			eeprom_write_byte((uint8_t*)&(EepromManager::ee_vars.textErrStartInPast[i]), byteval);
		}

		eeprom_write_byte((uint8_t*)&(EepromManager::ee_vars.textErrStartInPast[i]), 0);
     f98:	60 e0       	ldi	r22, 0x00	; 0
     f9a:	8e eb       	ldi	r24, 0xBE	; 190
     f9c:	92 e0       	ldi	r25, 0x02	; 2
     f9e:	0e 94 d6 1b 	call	0x37ac	; 0x37ac <eeprom_write_byte>
     fa2:	ce e9       	ldi	r28, 0x9E	; 158
     fa4:	d2 e0       	ldi	r29, 0x02	; 2
     fa6:	09 e7       	ldi	r16, 0x79	; 121
     fa8:	12 e0       	ldi	r17, 0x02	; 2
     faa:	0f 2e       	mov	r0, r31
     fac:	f8 eb       	ldi	r31, 0xB8	; 184
     fae:	ef 2e       	mov	r14, r31
     fb0:	f2 e0       	ldi	r31, 0x02	; 2
     fb2:	ff 2e       	mov	r15, r31
     fb4:	f0 2d       	mov	r31, r0

		/* Set Err Finish Before Start String */
		for(i = 0; i < strlen_P(TEXT_ERR_FINISH_BEFORE_START); i++)
		{
			uint8_t byteval = pgm_read_byte(TEXT_ERR_FINISH_BEFORE_START + i);
     fb6:	fe 01       	movw	r30, r28
     fb8:	64 91       	lpm	r22, Z
			eeprom_write_byte((uint8_t*)&(EepromManager::ee_vars.textErrFinishB4Start[i]), byteval);
     fba:	c8 01       	movw	r24, r16
     fbc:	0e 94 d6 1b 	call	0x37ac	; 0x37ac <eeprom_write_byte>
     fc0:	21 96       	adiw	r28, 0x01	; 1
     fc2:	0f 5f       	subi	r16, 0xFF	; 255
     fc4:	1f 4f       	sbci	r17, 0xFF	; 255
		}

		eeprom_write_byte((uint8_t*)&(EepromManager::ee_vars.textErrStartInPast[i]), 0);

		/* Set Err Finish Before Start String */
		for(i = 0; i < strlen_P(TEXT_ERR_FINISH_BEFORE_START); i++)
     fc6:	ec 16       	cp	r14, r28
     fc8:	fd 06       	cpc	r15, r29
     fca:	a9 f7       	brne	.-22     	; 0xfb6 <_ZN13EepromManager20initializeEEPROMVarsEv+0x376>
		{
			uint8_t byteval = pgm_read_byte(TEXT_ERR_FINISH_BEFORE_START + i);
			eeprom_write_byte((uint8_t*)&(EepromManager::ee_vars.textErrFinishB4Start[i]), byteval);
		}

		eeprom_write_byte((uint8_t*)&(EepromManager::ee_vars.textErrFinishB4Start[i]), 0);
     fcc:	60 e0       	ldi	r22, 0x00	; 0
     fce:	83 e9       	ldi	r24, 0x93	; 147
     fd0:	92 e0       	ldi	r25, 0x02	; 2
     fd2:	0e 94 d6 1b 	call	0x37ac	; 0x37ac <eeprom_write_byte>
     fd6:	cf e5       	ldi	r28, 0x5F	; 95
     fd8:	d2 e0       	ldi	r29, 0x02	; 2
     fda:	0f eb       	ldi	r16, 0xBF	; 191
     fdc:	12 e0       	ldi	r17, 0x02	; 2
     fde:	0f 2e       	mov	r0, r31
     fe0:	f2 e7       	ldi	r31, 0x72	; 114
     fe2:	ef 2e       	mov	r14, r31
     fe4:	f2 e0       	ldi	r31, 0x02	; 2
     fe6:	ff 2e       	mov	r15, r31
     fe8:	f0 2d       	mov	r31, r0

		/* Set Err Invalid Time String */
		for(i = 0; i < strlen_P(TEXT_ERR_INVALID_TIME); i++)
		{
			uint8_t byteval = pgm_read_byte(TEXT_ERR_INVALID_TIME + i);
     fea:	fe 01       	movw	r30, r28
     fec:	64 91       	lpm	r22, Z
			eeprom_write_byte((uint8_t*)&(EepromManager::ee_vars.textErrInvalidTime[i]), byteval);
     fee:	c8 01       	movw	r24, r16
     ff0:	0e 94 d6 1b 	call	0x37ac	; 0x37ac <eeprom_write_byte>
     ff4:	21 96       	adiw	r28, 0x01	; 1
     ff6:	0f 5f       	subi	r16, 0xFF	; 255
     ff8:	1f 4f       	sbci	r17, 0xFF	; 255
		}

		eeprom_write_byte((uint8_t*)&(EepromManager::ee_vars.textErrFinishB4Start[i]), 0);

		/* Set Err Invalid Time String */
		for(i = 0; i < strlen_P(TEXT_ERR_INVALID_TIME); i++)
     ffa:	ec 16       	cp	r14, r28
     ffc:	fd 06       	cpc	r15, r29
     ffe:	a9 f7       	brne	.-22     	; 0xfea <_ZN13EepromManager20initializeEEPROMVarsEv+0x3aa>
		{
			uint8_t byteval = pgm_read_byte(TEXT_ERR_INVALID_TIME + i);
			eeprom_write_byte((uint8_t*)&(EepromManager::ee_vars.textErrInvalidTime[i]), byteval);
		}

		eeprom_write_byte((uint8_t*)&(EepromManager::ee_vars.textErrInvalidTime[i]), 0);
    1000:	60 e0       	ldi	r22, 0x00	; 0
    1002:	82 ed       	ldi	r24, 0xD2	; 210
    1004:	92 e0       	ldi	r25, 0x02	; 2
    1006:	0e 94 d6 1b 	call	0x37ac	; 0x37ac <eeprom_write_byte>
    100a:	cb e4       	ldi	r28, 0x4B	; 75
    100c:	d2 e0       	ldi	r29, 0x02	; 2
    100e:	03 ed       	ldi	r16, 0xD3	; 211
    1010:	12 e0       	ldi	r17, 0x02	; 2
    1012:	0f 2e       	mov	r0, r31
    1014:	fe e5       	ldi	r31, 0x5E	; 94
    1016:	ef 2e       	mov	r14, r31
    1018:	f2 e0       	ldi	r31, 0x02	; 2
    101a:	ff 2e       	mov	r15, r31
    101c:	f0 2d       	mov	r31, r0

		/* Set Err Time In Past String */
		for(i = 0; i < strlen_P(TEXT_ERR_TIME_IN_PAST); i++)
		{
			uint8_t byteval = pgm_read_byte(TEXT_ERR_TIME_IN_PAST + i);
    101e:	fe 01       	movw	r30, r28
    1020:	64 91       	lpm	r22, Z
			eeprom_write_byte((uint8_t*)&(EepromManager::ee_vars.textErrTimeInPast[i]), byteval);
    1022:	c8 01       	movw	r24, r16
    1024:	0e 94 d6 1b 	call	0x37ac	; 0x37ac <eeprom_write_byte>
    1028:	21 96       	adiw	r28, 0x01	; 1
    102a:	0f 5f       	subi	r16, 0xFF	; 255
    102c:	1f 4f       	sbci	r17, 0xFF	; 255
		}

		eeprom_write_byte((uint8_t*)&(EepromManager::ee_vars.textErrInvalidTime[i]), 0);

		/* Set Err Time In Past String */
		for(i = 0; i < strlen_P(TEXT_ERR_TIME_IN_PAST); i++)
    102e:	ec 16       	cp	r14, r28
    1030:	fd 06       	cpc	r15, r29
    1032:	a9 f7       	brne	.-22     	; 0x101e <_ZN13EepromManager20initializeEEPROMVarsEv+0x3de>
		{
			uint8_t byteval = pgm_read_byte(TEXT_ERR_TIME_IN_PAST + i);
			eeprom_write_byte((uint8_t*)&(EepromManager::ee_vars.textErrTimeInPast[i]), byteval);
		}

		eeprom_write_byte((uint8_t*)&(EepromManager::ee_vars.textErrTimeInPast[i]), 0);
    1034:	60 e0       	ldi	r22, 0x00	; 0
    1036:	86 ee       	ldi	r24, 0xE6	; 230
    1038:	92 e0       	ldi	r25, 0x02	; 2
    103a:	0e 94 d6 1b 	call	0x37ac	; 0x37ac <eeprom_write_byte>

		/* Done */

		eeprom_write_word((uint16_t*)&(EepromManager::ee_vars.eeprom_initialization_flag), EEPROM_INITIALIZED_FLAG);
    103e:	6b eb       	ldi	r22, 0xBB	; 187
    1040:	70 e0       	ldi	r23, 0x00	; 0
    1042:	80 e0       	ldi	r24, 0x00	; 0
    1044:	90 e0       	ldi	r25, 0x00	; 0
    1046:	0e 94 ec 1b 	call	0x37d8	; 0x37d8 <eeprom_write_word>

		return(err);
	}
    104a:	80 e0       	ldi	r24, 0x00	; 0
    104c:	df 91       	pop	r29
    104e:	cf 91       	pop	r28
    1050:	1f 91       	pop	r17
    1052:	0f 91       	pop	r16
    1054:	ff 90       	pop	r15
    1056:	ef 90       	pop	r14
    1058:	df 90       	pop	r13
    105a:	cf 90       	pop	r12
    105c:	08 95       	ret

0000105e <i2c_init>:
	}
#endif /* SUPPORT_I2C_CLEARBUS_FUNCTION */

void i2c_init(void)
{
	power_twi_enable();
    105e:	e4 e6       	ldi	r30, 0x64	; 100
    1060:	f0 e0       	ldi	r31, 0x00	; 0
    1062:	80 81       	ld	r24, Z
    1064:	8f 77       	andi	r24, 0x7F	; 127
    1066:	80 83       	st	Z, r24

	/* set SCL to ~100 kHz for 8 MHz CPU clock */
	TWSR = 0;   /* Prescale /1 */
    1068:	10 92 b9 00 	sts	0x00B9, r1	; 0x8000b9 <__TEXT_REGION_LENGTH__+0x7f80b9>
	TWBR = 0x25;
    106c:	85 e2       	ldi	r24, 0x25	; 37
    106e:	80 93 b8 00 	sts	0x00B8, r24	; 0x8000b8 <__TEXT_REGION_LENGTH__+0x7f80b8>

	/* enable I2C */
	TWCR = _BV(TWEN);
    1072:	84 e0       	ldi	r24, 0x04	; 4
    1074:	80 93 bc 00 	sts	0x00BC, r24	; 0x8000bc <__TEXT_REGION_LENGTH__+0x7f80bc>
	g_i2c_not_timed_out = TRUE;
    1078:	81 e0       	ldi	r24, 0x01	; 1
    107a:	80 93 00 01 	sts	0x0100, r24	; 0x800100 <__DATA_REGION_ORIGIN__>
    107e:	08 95       	ret

00001080 <i2c_start>:
#else
	void i2c_start(void)
#endif
{
#ifdef I2C_TIMEOUT_SUPPORT
		TWCR = _BV(TWINT) | _BV(TWSTA) | _BV(TWEN);
    1080:	84 ea       	ldi	r24, 0xA4	; 164
    1082:	80 93 bc 00 	sts	0x00BC, r24	; 0x8000bc <__TEXT_REGION_LENGTH__+0x7f80bc>
		while(!(TWCR & _BV(TWINT)) && g_i2c_not_timed_out)
    1086:	ec eb       	ldi	r30, 0xBC	; 188
    1088:	f0 e0       	ldi	r31, 0x00	; 0
    108a:	80 81       	ld	r24, Z
    108c:	88 23       	and	r24, r24
    108e:	64 f0       	brlt	.+24     	; 0x10a8 <i2c_start+0x28>
    1090:	80 91 00 01 	lds	r24, 0x0100	; 0x800100 <__DATA_REGION_ORIGIN__>
    1094:	81 11       	cpse	r24, r1
    1096:	f9 cf       	rjmp	.-14     	; 0x108a <i2c_start+0xa>
    1098:	07 c0       	rjmp	.+14     	; 0x10a8 <i2c_start+0x28>
			;
		}

		if(!g_i2c_not_timed_out)    /* if timed out, reset the bus */
		{
			TWCR = (1 << TWINT) | (1 << TWSTO);
    109a:	80 e9       	ldi	r24, 0x90	; 144
    109c:	80 93 bc 00 	sts	0x00BC, r24	; 0x8000bc <__TEXT_REGION_LENGTH__+0x7f80bc>
			g_i2c_not_timed_out = TRUE;
    10a0:	81 e0       	ldi	r24, 0x01	; 1
    10a2:	80 93 00 01 	sts	0x0100, r24	; 0x800100 <__DATA_REGION_ORIGIN__>
			return( TRUE);
    10a6:	08 95       	ret
		while(!(TWCR & _BV(TWINT)) && g_i2c_not_timed_out)
		{
			;
		}

		if(!g_i2c_not_timed_out)    /* if timed out, reset the bus */
    10a8:	80 91 00 01 	lds	r24, 0x0100	; 0x800100 <__DATA_REGION_ORIGIN__>
    10ac:	88 23       	and	r24, r24
    10ae:	a9 f3       	breq	.-22     	; 0x109a <i2c_start+0x1a>
			TWCR = (1 << TWINT) | (1 << TWSTO);
			g_i2c_not_timed_out = TRUE;
			return( TRUE);
		}

		return( FALSE);
    10b0:	80 e0       	ldi	r24, 0x00	; 0
		while(!(TWCR & _BV(TWINT)))
		{
			;
		}
#endif
}
    10b2:	08 95       	ret

000010b4 <i2c_stop>:

void i2c_stop(void)
{
	TWCR = _BV(TWINT) | _BV(TWSTO) | _BV(TWEN);
    10b4:	84 e9       	ldi	r24, 0x94	; 148
    10b6:	80 93 bc 00 	sts	0x00BC, r24	; 0x8000bc <__TEXT_REGION_LENGTH__+0x7f80bc>
    10ba:	08 95       	ret

000010bc <i2c_write_success>:
}

BOOL i2c_write_success(uint8_t data, uint8_t success)
{
#ifdef I2C_TIMEOUT_SUPPORT
		TWDR = data;
    10bc:	80 93 bb 00 	sts	0x00BB, r24	; 0x8000bb <__TEXT_REGION_LENGTH__+0x7f80bb>
		TWCR = _BV(TWINT) | _BV(TWEN);
    10c0:	84 e8       	ldi	r24, 0x84	; 132
    10c2:	80 93 bc 00 	sts	0x00BC, r24	; 0x8000bc <__TEXT_REGION_LENGTH__+0x7f80bc>
		while(!(TWCR & _BV(TWINT)) && g_i2c_not_timed_out)
    10c6:	ec eb       	ldi	r30, 0xBC	; 188
    10c8:	f0 e0       	ldi	r31, 0x00	; 0
    10ca:	80 81       	ld	r24, Z
    10cc:	88 23       	and	r24, r24
    10ce:	64 f0       	brlt	.+24     	; 0x10e8 <i2c_write_success+0x2c>
    10d0:	80 91 00 01 	lds	r24, 0x0100	; 0x800100 <__DATA_REGION_ORIGIN__>
    10d4:	81 11       	cpse	r24, r1
    10d6:	f9 cf       	rjmp	.-14     	; 0x10ca <i2c_write_success+0xe>
    10d8:	07 c0       	rjmp	.+14     	; 0x10e8 <i2c_write_success+0x2c>
		uint8_t stat = TW_STATUS;

		/* ignore timeout condition to ensure i2c_stop() gets sent */
		if(stat != success)
		{
			TWCR = _BV(TWINT) | _BV(TWSTO) | _BV(TWEN);
    10da:	84 e9       	ldi	r24, 0x94	; 148
    10dc:	80 93 bc 00 	sts	0x00BC, r24	; 0x8000bc <__TEXT_REGION_LENGTH__+0x7f80bc>
			g_i2c_not_timed_out = TRUE;
    10e0:	81 e0       	ldi	r24, 0x01	; 1
    10e2:	80 93 00 01 	sts	0x0100, r24	; 0x800100 <__DATA_REGION_ORIGIN__>
			return(TRUE);
    10e6:	08 95       	ret
		while(!(TWCR & _BV(TWINT)) && g_i2c_not_timed_out)
		{
			;
		}

		uint8_t stat = TW_STATUS;
    10e8:	80 91 b9 00 	lds	r24, 0x00B9	; 0x8000b9 <__TEXT_REGION_LENGTH__+0x7f80b9>

		/* ignore timeout condition to ensure i2c_stop() gets sent */
		if(stat != success)
    10ec:	88 7f       	andi	r24, 0xF8	; 248
    10ee:	86 13       	cpse	r24, r22
    10f0:	f4 cf       	rjmp	.-24     	; 0x10da <i2c_write_success+0x1e>
			TWCR = _BV(TWINT) | _BV(TWSTO) | _BV(TWEN);
			g_i2c_not_timed_out = TRUE;
			return(TRUE);
		}

		return( FALSE);
    10f2:	80 e0       	ldi	r24, 0x00	; 0
			return(TRUE);
		}

		return(FALSE);
#endif
}
    10f4:	08 95       	ret

000010f6 <i2c_read_ack>:

uint8_t i2c_read_ack(void)
{
#ifdef I2C_TIMEOUT_SUPPORT
		TWCR = _BV(TWINT) | _BV(TWEN) | _BV(TWEA);
    10f6:	84 ec       	ldi	r24, 0xC4	; 196
    10f8:	80 93 bc 00 	sts	0x00BC, r24	; 0x8000bc <__TEXT_REGION_LENGTH__+0x7f80bc>
		while(!(TWCR & _BV(TWINT)) && g_i2c_not_timed_out)
    10fc:	ec eb       	ldi	r30, 0xBC	; 188
    10fe:	f0 e0       	ldi	r31, 0x00	; 0
    1100:	80 81       	ld	r24, Z
    1102:	88 23       	and	r24, r24
    1104:	24 f0       	brlt	.+8      	; 0x110e <i2c_read_ack+0x18>
    1106:	80 91 00 01 	lds	r24, 0x0100	; 0x800100 <__DATA_REGION_ORIGIN__>
    110a:	81 11       	cpse	r24, r1
    110c:	f9 cf       	rjmp	.-14     	; 0x1100 <i2c_read_ack+0xa>
		{
			;
		}

		return(TWDR);
    110e:	80 91 bb 00 	lds	r24, 0x00BB	; 0x8000bb <__TEXT_REGION_LENGTH__+0x7f80bb>
			;
		}

		return( TWDR);
#endif
}
    1112:	08 95       	ret

00001114 <i2c_read_nack>:

uint8_t i2c_read_nack(void)
{
#ifdef I2C_TIMEOUT_SUPPORT
		TWCR = _BV(TWINT) | _BV(TWEN);
    1114:	84 e8       	ldi	r24, 0x84	; 132
    1116:	80 93 bc 00 	sts	0x00BC, r24	; 0x8000bc <__TEXT_REGION_LENGTH__+0x7f80bc>
		while(!(TWCR & _BV(TWINT)) && g_i2c_not_timed_out)
    111a:	ec eb       	ldi	r30, 0xBC	; 188
    111c:	f0 e0       	ldi	r31, 0x00	; 0
    111e:	80 81       	ld	r24, Z
    1120:	88 23       	and	r24, r24
    1122:	24 f0       	brlt	.+8      	; 0x112c <i2c_read_nack+0x18>
    1124:	80 91 00 01 	lds	r24, 0x0100	; 0x800100 <__DATA_REGION_ORIGIN__>
    1128:	81 11       	cpse	r24, r1
    112a:	f9 cf       	rjmp	.-14     	; 0x111e <i2c_read_nack+0xa>
		{
			;
		}

		return( TWDR);
    112c:	80 91 bb 00 	lds	r24, 0x00BB	; 0x8000bb <__TEXT_REGION_LENGTH__+0x7f80bb>
			;
		}

		return( TWDR);
#endif
}
    1130:	08 95       	ret

00001132 <i2c_status>:

BOOL i2c_status(uint8_t status)
{
	if(TW_STATUS != status)
    1132:	20 91 b9 00 	lds	r18, 0x00B9	; 0x8000b9 <__TEXT_REGION_LENGTH__+0x7f80b9>
    1136:	28 7f       	andi	r18, 0xF8	; 248
    1138:	30 e0       	ldi	r19, 0x00	; 0
    113a:	90 e0       	ldi	r25, 0x00	; 0
    113c:	28 17       	cp	r18, r24
    113e:	39 07       	cpc	r19, r25
    1140:	29 f0       	breq	.+10     	; 0x114c <i2c_status+0x1a>
	{
		TWCR = _BV(TWINT) | _BV(TWSTO) | _BV(TWEN);
    1142:	84 e9       	ldi	r24, 0x94	; 148
    1144:	80 93 bc 00 	sts	0x00BC, r24	; 0x8000bc <__TEXT_REGION_LENGTH__+0x7f80bc>
		return(TRUE);
    1148:	81 e0       	ldi	r24, 0x01	; 1
    114a:	08 95       	ret
	}

	return(FALSE);
    114c:	80 e0       	ldi	r24, 0x00	; 0
}
    114e:	08 95       	ret

00001150 <i2c_device_write>:
#ifdef SELECTIVELY_DISABLE_OPTIMIZATION
	BOOL __attribute__((optimize("O0"))) i2c_device_write(uint8_t slaveAddr, uint8_t addr, uint8_t data[], uint8_t bytes2write)
#else
	BOOL i2c_device_write(uint8_t slaveAddr, uint8_t addr, uint8_t data[], uint8_t bytes2write)
#endif
{
    1150:	cf 93       	push	r28
    1152:	df 93       	push	r29
    1154:	00 d0       	rcall	.+0      	; 0x1156 <i2c_device_write+0x6>
    1156:	00 d0       	rcall	.+0      	; 0x1158 <i2c_device_write+0x8>
    1158:	00 d0       	rcall	.+0      	; 0x115a <i2c_device_write+0xa>
    115a:	cd b7       	in	r28, 0x3d	; 61
    115c:	de b7       	in	r29, 0x3e	; 62
    115e:	8a 83       	std	Y+2, r24	; 0x02
    1160:	6b 83       	std	Y+3, r22	; 0x03
    1162:	5d 83       	std	Y+5, r21	; 0x05
    1164:	4c 83       	std	Y+4, r20	; 0x04
    1166:	2e 83       	std	Y+6, r18	; 0x06
		#ifndef DEBUG_WITHOUT_I2C
		uint8_t index = 0;
    1168:	19 82       	std	Y+1, r1	; 0x01

		i2c_start();
    116a:	0e 94 40 08 	call	0x1080	; 0x1080 <i2c_start>
		if(i2c_status(TW_START))
    116e:	88 e0       	ldi	r24, 0x08	; 8
    1170:	0e 94 99 08 	call	0x1132	; 0x1132 <i2c_status>
    1174:	98 2f       	mov	r25, r24
    1176:	81 e0       	ldi	r24, 0x01	; 1
    1178:	99 23       	and	r25, r25
    117a:	09 f4       	brne	.+2      	; 0x117e <i2c_device_write+0x2e>
    117c:	80 e0       	ldi	r24, 0x00	; 0
    117e:	88 23       	and	r24, r24
    1180:	11 f0       	breq	.+4      	; 0x1186 <i2c_device_write+0x36>
		{
			return(TRUE);
    1182:	81 e0       	ldi	r24, 0x01	; 1
    1184:	3f c0       	rjmp	.+126    	; 0x1204 <i2c_device_write+0xb4>
		}

		if(i2c_write_success(slaveAddr, TW_MT_SLA_ACK))
    1186:	68 e1       	ldi	r22, 0x18	; 24
    1188:	8a 81       	ldd	r24, Y+2	; 0x02
    118a:	0e 94 5e 08 	call	0x10bc	; 0x10bc <i2c_write_success>
    118e:	98 2f       	mov	r25, r24
    1190:	81 e0       	ldi	r24, 0x01	; 1
    1192:	99 23       	and	r25, r25
    1194:	09 f4       	brne	.+2      	; 0x1198 <i2c_device_write+0x48>
    1196:	80 e0       	ldi	r24, 0x00	; 0
    1198:	88 23       	and	r24, r24
    119a:	11 f0       	breq	.+4      	; 0x11a0 <i2c_device_write+0x50>
		{
			return(TRUE);
    119c:	81 e0       	ldi	r24, 0x01	; 1
    119e:	32 c0       	rjmp	.+100    	; 0x1204 <i2c_device_write+0xb4>
		}

		if(i2c_write_success(addr, TW_MT_DATA_ACK))
    11a0:	68 e2       	ldi	r22, 0x28	; 40
    11a2:	8b 81       	ldd	r24, Y+3	; 0x03
    11a4:	0e 94 5e 08 	call	0x10bc	; 0x10bc <i2c_write_success>
    11a8:	98 2f       	mov	r25, r24
    11aa:	81 e0       	ldi	r24, 0x01	; 1
    11ac:	99 23       	and	r25, r25
    11ae:	09 f4       	brne	.+2      	; 0x11b2 <i2c_device_write+0x62>
    11b0:	80 e0       	ldi	r24, 0x00	; 0
    11b2:	88 23       	and	r24, r24
    11b4:	11 f0       	breq	.+4      	; 0x11ba <i2c_device_write+0x6a>
		{
			return(TRUE);
    11b6:	81 e0       	ldi	r24, 0x01	; 1
    11b8:	25 c0       	rjmp	.+74     	; 0x1204 <i2c_device_write+0xb4>
		}

		while(bytes2write--)
    11ba:	8e 81       	ldd	r24, Y+6	; 0x06
    11bc:	9f ef       	ldi	r25, 0xFF	; 255
    11be:	98 0f       	add	r25, r24
    11c0:	9e 83       	std	Y+6, r25	; 0x06
    11c2:	91 e0       	ldi	r25, 0x01	; 1
    11c4:	88 23       	and	r24, r24
    11c6:	09 f4       	brne	.+2      	; 0x11ca <i2c_device_write+0x7a>
    11c8:	90 e0       	ldi	r25, 0x00	; 0
    11ca:	99 23       	and	r25, r25
    11cc:	c1 f0       	breq	.+48     	; 0x11fe <i2c_device_write+0xae>
		{
			if(i2c_write_success(data[index++], TW_MT_DATA_ACK))
    11ce:	89 81       	ldd	r24, Y+1	; 0x01
    11d0:	91 e0       	ldi	r25, 0x01	; 1
    11d2:	98 0f       	add	r25, r24
    11d4:	99 83       	std	Y+1, r25	; 0x01
    11d6:	88 2f       	mov	r24, r24
    11d8:	90 e0       	ldi	r25, 0x00	; 0
    11da:	2c 81       	ldd	r18, Y+4	; 0x04
    11dc:	3d 81       	ldd	r19, Y+5	; 0x05
    11de:	82 0f       	add	r24, r18
    11e0:	93 1f       	adc	r25, r19
    11e2:	fc 01       	movw	r30, r24
    11e4:	80 81       	ld	r24, Z
    11e6:	68 e2       	ldi	r22, 0x28	; 40
    11e8:	0e 94 5e 08 	call	0x10bc	; 0x10bc <i2c_write_success>
    11ec:	98 2f       	mov	r25, r24
    11ee:	81 e0       	ldi	r24, 0x01	; 1
    11f0:	99 23       	and	r25, r25
    11f2:	09 f4       	brne	.+2      	; 0x11f6 <i2c_device_write+0xa6>
    11f4:	80 e0       	ldi	r24, 0x00	; 0
    11f6:	88 23       	and	r24, r24
    11f8:	01 f3       	breq	.-64     	; 0x11ba <i2c_device_write+0x6a>
			{
				return(TRUE);
    11fa:	81 e0       	ldi	r24, 0x01	; 1
    11fc:	03 c0       	rjmp	.+6      	; 0x1204 <i2c_device_write+0xb4>
			}
		}

		i2c_stop();
    11fe:	0e 94 5a 08 	call	0x10b4	; 0x10b4 <i2c_stop>

		#endif  /* #ifndef DEBUG_WITHOUT_I2C */

	return(FALSE);
    1202:	80 e0       	ldi	r24, 0x00	; 0
}
    1204:	26 96       	adiw	r28, 0x06	; 6
    1206:	0f b6       	in	r0, 0x3f	; 63
    1208:	f8 94       	cli
    120a:	de bf       	out	0x3e, r29	; 62
    120c:	0f be       	out	0x3f, r0	; 63
    120e:	cd bf       	out	0x3d, r28	; 61
    1210:	df 91       	pop	r29
    1212:	cf 91       	pop	r28
    1214:	08 95       	ret

00001216 <i2c_device_read>:
#ifdef SELECTIVELY_DISABLE_OPTIMIZATION
	BOOL __attribute__((optimize("O0"))) i2c_device_read(uint8_t slaveAddr, uint8_t addr, uint8_t data[], uint8_t bytes2read)
#else
	BOOL i2c_device_read(uint8_t slaveAddr, uint8_t addr, uint8_t data[], uint8_t bytes2read)
#endif
{
    1216:	0f 93       	push	r16
    1218:	1f 93       	push	r17
    121a:	cf 93       	push	r28
    121c:	df 93       	push	r29
    121e:	00 d0       	rcall	.+0      	; 0x1220 <i2c_device_read+0xa>
    1220:	00 d0       	rcall	.+0      	; 0x1222 <i2c_device_read+0xc>
    1222:	00 d0       	rcall	.+0      	; 0x1224 <i2c_device_read+0xe>
    1224:	cd b7       	in	r28, 0x3d	; 61
    1226:	de b7       	in	r29, 0x3e	; 62
    1228:	8a 83       	std	Y+2, r24	; 0x02
    122a:	6b 83       	std	Y+3, r22	; 0x03
    122c:	5d 83       	std	Y+5, r21	; 0x05
    122e:	4c 83       	std	Y+4, r20	; 0x04
    1230:	2e 83       	std	Y+6, r18	; 0x06
		#ifndef DEBUG_WITHOUT_I2C
		uint8_t index = 0;
    1232:	19 82       	std	Y+1, r1	; 0x01

		i2c_start();
    1234:	0e 94 40 08 	call	0x1080	; 0x1080 <i2c_start>
		if(i2c_status(TW_START))
    1238:	88 e0       	ldi	r24, 0x08	; 8
    123a:	0e 94 99 08 	call	0x1132	; 0x1132 <i2c_status>
    123e:	98 2f       	mov	r25, r24
    1240:	81 e0       	ldi	r24, 0x01	; 1
    1242:	99 23       	and	r25, r25
    1244:	09 f4       	brne	.+2      	; 0x1248 <i2c_device_read+0x32>
    1246:	80 e0       	ldi	r24, 0x00	; 0
    1248:	88 23       	and	r24, r24
    124a:	11 f0       	breq	.+4      	; 0x1250 <i2c_device_read+0x3a>
		{
			return(TRUE);
    124c:	81 e0       	ldi	r24, 0x01	; 1
    124e:	79 c0       	rjmp	.+242    	; 0x1342 <i2c_device_read+0x12c>
		}

		if(i2c_write_success(slaveAddr, TW_MT_SLA_ACK))
    1250:	68 e1       	ldi	r22, 0x18	; 24
    1252:	8a 81       	ldd	r24, Y+2	; 0x02
    1254:	0e 94 5e 08 	call	0x10bc	; 0x10bc <i2c_write_success>
    1258:	98 2f       	mov	r25, r24
    125a:	81 e0       	ldi	r24, 0x01	; 1
    125c:	99 23       	and	r25, r25
    125e:	09 f4       	brne	.+2      	; 0x1262 <i2c_device_read+0x4c>
    1260:	80 e0       	ldi	r24, 0x00	; 0
    1262:	88 23       	and	r24, r24
    1264:	11 f0       	breq	.+4      	; 0x126a <i2c_device_read+0x54>
		{
			return(TRUE);
    1266:	81 e0       	ldi	r24, 0x01	; 1
    1268:	6c c0       	rjmp	.+216    	; 0x1342 <i2c_device_read+0x12c>
		}

		if(i2c_write_success(addr, TW_MT_DATA_ACK))
    126a:	68 e2       	ldi	r22, 0x28	; 40
    126c:	8b 81       	ldd	r24, Y+3	; 0x03
    126e:	0e 94 5e 08 	call	0x10bc	; 0x10bc <i2c_write_success>
    1272:	98 2f       	mov	r25, r24
    1274:	81 e0       	ldi	r24, 0x01	; 1
    1276:	99 23       	and	r25, r25
    1278:	09 f4       	brne	.+2      	; 0x127c <i2c_device_read+0x66>
    127a:	80 e0       	ldi	r24, 0x00	; 0
    127c:	88 23       	and	r24, r24
    127e:	11 f0       	breq	.+4      	; 0x1284 <i2c_device_read+0x6e>
		{
			return(TRUE);
    1280:	81 e0       	ldi	r24, 0x01	; 1
    1282:	5f c0       	rjmp	.+190    	; 0x1342 <i2c_device_read+0x12c>
		}

		i2c_start();
    1284:	0e 94 40 08 	call	0x1080	; 0x1080 <i2c_start>
		if(i2c_status(TW_REP_START))
    1288:	80 e1       	ldi	r24, 0x10	; 16
    128a:	0e 94 99 08 	call	0x1132	; 0x1132 <i2c_status>
    128e:	98 2f       	mov	r25, r24
    1290:	81 e0       	ldi	r24, 0x01	; 1
    1292:	99 23       	and	r25, r25
    1294:	09 f4       	brne	.+2      	; 0x1298 <i2c_device_read+0x82>
    1296:	80 e0       	ldi	r24, 0x00	; 0
    1298:	88 23       	and	r24, r24
    129a:	11 f0       	breq	.+4      	; 0x12a0 <i2c_device_read+0x8a>
		{
			return(TRUE);
    129c:	81 e0       	ldi	r24, 0x01	; 1
    129e:	51 c0       	rjmp	.+162    	; 0x1342 <i2c_device_read+0x12c>
		}

		if(i2c_write_success((slaveAddr | TW_READ), TW_MR_SLA_ACK))
    12a0:	8a 81       	ldd	r24, Y+2	; 0x02
    12a2:	81 60       	ori	r24, 0x01	; 1
    12a4:	60 e4       	ldi	r22, 0x40	; 64
    12a6:	0e 94 5e 08 	call	0x10bc	; 0x10bc <i2c_write_success>
    12aa:	98 2f       	mov	r25, r24
    12ac:	81 e0       	ldi	r24, 0x01	; 1
    12ae:	99 23       	and	r25, r25
    12b0:	09 f4       	brne	.+2      	; 0x12b4 <i2c_device_read+0x9e>
    12b2:	80 e0       	ldi	r24, 0x00	; 0
    12b4:	88 23       	and	r24, r24
    12b6:	11 f0       	breq	.+4      	; 0x12bc <i2c_device_read+0xa6>
		{
			return(TRUE);
    12b8:	81 e0       	ldi	r24, 0x01	; 1
    12ba:	43 c0       	rjmp	.+134    	; 0x1342 <i2c_device_read+0x12c>
		}

		while(bytes2read--)
    12bc:	8e 81       	ldd	r24, Y+6	; 0x06
    12be:	9f ef       	ldi	r25, 0xFF	; 255
    12c0:	98 0f       	add	r25, r24
    12c2:	9e 83       	std	Y+6, r25	; 0x06
    12c4:	91 e0       	ldi	r25, 0x01	; 1
    12c6:	88 23       	and	r24, r24
    12c8:	09 f4       	brne	.+2      	; 0x12cc <i2c_device_read+0xb6>
    12ca:	90 e0       	ldi	r25, 0x00	; 0
    12cc:	99 23       	and	r25, r25
    12ce:	b1 f1       	breq	.+108    	; 0x133c <i2c_device_read+0x126>
		{
			if(bytes2read)
    12d0:	8e 81       	ldd	r24, Y+6	; 0x06
    12d2:	88 23       	and	r24, r24
    12d4:	d9 f0       	breq	.+54     	; 0x130c <i2c_device_read+0xf6>
			{
				data[index++] = i2c_read_ack();
    12d6:	89 81       	ldd	r24, Y+1	; 0x01
    12d8:	91 e0       	ldi	r25, 0x01	; 1
    12da:	98 0f       	add	r25, r24
    12dc:	99 83       	std	Y+1, r25	; 0x01
    12de:	88 2f       	mov	r24, r24
    12e0:	90 e0       	ldi	r25, 0x00	; 0
    12e2:	2c 81       	ldd	r18, Y+4	; 0x04
    12e4:	3d 81       	ldd	r19, Y+5	; 0x05
    12e6:	89 01       	movw	r16, r18
    12e8:	08 0f       	add	r16, r24
    12ea:	19 1f       	adc	r17, r25
    12ec:	0e 94 7b 08 	call	0x10f6	; 0x10f6 <i2c_read_ack>
    12f0:	f8 01       	movw	r30, r16
    12f2:	80 83       	st	Z, r24
				if(i2c_status(TW_MR_DATA_ACK))
    12f4:	80 e5       	ldi	r24, 0x50	; 80
    12f6:	0e 94 99 08 	call	0x1132	; 0x1132 <i2c_status>
    12fa:	98 2f       	mov	r25, r24
    12fc:	81 e0       	ldi	r24, 0x01	; 1
    12fe:	99 23       	and	r25, r25
    1300:	09 f4       	brne	.+2      	; 0x1304 <i2c_device_read+0xee>
    1302:	80 e0       	ldi	r24, 0x00	; 0
    1304:	88 23       	and	r24, r24
    1306:	d1 f2       	breq	.-76     	; 0x12bc <i2c_device_read+0xa6>
				{
					return(TRUE);
    1308:	81 e0       	ldi	r24, 0x01	; 1
    130a:	1b c0       	rjmp	.+54     	; 0x1342 <i2c_device_read+0x12c>
				}
			}
			else
			{
				data[index] = i2c_read_nack();
    130c:	89 81       	ldd	r24, Y+1	; 0x01
    130e:	88 2f       	mov	r24, r24
    1310:	90 e0       	ldi	r25, 0x00	; 0
    1312:	2c 81       	ldd	r18, Y+4	; 0x04
    1314:	3d 81       	ldd	r19, Y+5	; 0x05
    1316:	89 01       	movw	r16, r18
    1318:	08 0f       	add	r16, r24
    131a:	19 1f       	adc	r17, r25
    131c:	0e 94 8a 08 	call	0x1114	; 0x1114 <i2c_read_nack>
    1320:	f8 01       	movw	r30, r16
    1322:	80 83       	st	Z, r24
				if(i2c_status(TW_MR_DATA_NACK))
    1324:	88 e5       	ldi	r24, 0x58	; 88
    1326:	0e 94 99 08 	call	0x1132	; 0x1132 <i2c_status>
    132a:	98 2f       	mov	r25, r24
    132c:	81 e0       	ldi	r24, 0x01	; 1
    132e:	99 23       	and	r25, r25
    1330:	09 f4       	brne	.+2      	; 0x1334 <i2c_device_read+0x11e>
    1332:	80 e0       	ldi	r24, 0x00	; 0
    1334:	88 23       	and	r24, r24
    1336:	11 f2       	breq	.-124    	; 0x12bc <i2c_device_read+0xa6>
				{
					return(TRUE);
    1338:	81 e0       	ldi	r24, 0x01	; 1
    133a:	03 c0       	rjmp	.+6      	; 0x1342 <i2c_device_read+0x12c>
				}
			}
		}

		i2c_stop();
    133c:	0e 94 5a 08 	call	0x10b4	; 0x10b4 <i2c_stop>

		#endif  /* #ifndef DEBUG_WITHOUT_I2C */

	return(FALSE);
    1340:	80 e0       	ldi	r24, 0x00	; 0
}
    1342:	26 96       	adiw	r28, 0x06	; 6
    1344:	0f b6       	in	r0, 0x3f	; 63
    1346:	f8 94       	cli
    1348:	de bf       	out	0x3e, r29	; 62
    134a:	0f be       	out	0x3f, r0	; 63
    134c:	cd bf       	out	0x3d, r28	; 61
    134e:	df 91       	pop	r29
    1350:	cf 91       	pop	r28
    1352:	1f 91       	pop	r17
    1354:	0f 91       	pop	r16
    1356:	08 95       	ret

00001358 <nextFullTxBuffer>:
	sprintf(g_tempMsgBuff, "> %s=%d%s", label, value, lineTerm);
	while((err = linkbus_send_text(g_tempMsgBuff)))
	{
		;
	}
	while(!err && linkbusTxInProgress())
    1358:	80 91 76 02 	lds	r24, 0x0276	; 0x800276 <_ZZ16nextFullTxBufferE11bufferIndex>
    135c:	93 e0       	ldi	r25, 0x03	; 3
    135e:	59 e2       	ldi	r21, 0x29	; 41
    1360:	28 2f       	mov	r18, r24
    1362:	30 e0       	ldi	r19, 0x00	; 0
    1364:	52 9f       	mul	r21, r18
    1366:	f0 01       	movw	r30, r0
    1368:	53 9f       	mul	r21, r19
    136a:	f0 0d       	add	r31, r0
    136c:	11 24       	eor	r1, r1
    136e:	eb 50       	subi	r30, 0x0B	; 11
    1370:	fd 4f       	sbci	r31, 0xFD	; 253
    1372:	40 81       	ld	r20, Z
    1374:	41 11       	cpse	r20, r1
    1376:	0c c0       	rjmp	.+24     	; 0x1390 <nextFullTxBuffer+0x38>
    1378:	91 50       	subi	r25, 0x01	; 1
    137a:	29 f0       	breq	.+10     	; 0x1386 <nextFullTxBuffer+0x2e>
    137c:	8f 5f       	subi	r24, 0xFF	; 255
    137e:	83 30       	cpi	r24, 0x03	; 3
    1380:	78 f3       	brcs	.-34     	; 0x1360 <nextFullTxBuffer+0x8>
    1382:	80 e0       	ldi	r24, 0x00	; 0
    1384:	ed cf       	rjmp	.-38     	; 0x1360 <nextFullTxBuffer+0x8>
    1386:	80 93 76 02 	sts	0x0276, r24	; 0x800276 <_ZZ16nextFullTxBufferE11bufferIndex>
    138a:	80 e0       	ldi	r24, 0x00	; 0
    138c:	90 e0       	ldi	r25, 0x00	; 0
    138e:	08 95       	ret
    1390:	80 93 76 02 	sts	0x0276, r24	; 0x800276 <_ZZ16nextFullTxBufferE11bufferIndex>
    1394:	49 e2       	ldi	r20, 0x29	; 41
    1396:	42 9f       	mul	r20, r18
    1398:	c0 01       	movw	r24, r0
    139a:	43 9f       	mul	r20, r19
    139c:	90 0d       	add	r25, r0
    139e:	11 24       	eor	r1, r1
    13a0:	8b 50       	subi	r24, 0x0B	; 11
    13a2:	9d 4f       	sbci	r25, 0xFD	; 253
    13a4:	08 95       	ret

000013a6 <nextEmptyTxBuffer>:
    13a6:	80 91 75 02 	lds	r24, 0x0275	; 0x800275 <_ZZ17nextEmptyTxBufferE11bufferIndex>
    13aa:	93 e0       	ldi	r25, 0x03	; 3
    13ac:	59 e2       	ldi	r21, 0x29	; 41
    13ae:	28 2f       	mov	r18, r24
    13b0:	30 e0       	ldi	r19, 0x00	; 0
    13b2:	52 9f       	mul	r21, r18
    13b4:	f0 01       	movw	r30, r0
    13b6:	53 9f       	mul	r21, r19
    13b8:	f0 0d       	add	r31, r0
    13ba:	11 24       	eor	r1, r1
    13bc:	eb 50       	subi	r30, 0x0B	; 11
    13be:	fd 4f       	sbci	r31, 0xFD	; 253
    13c0:	40 81       	ld	r20, Z
    13c2:	44 23       	and	r20, r20
    13c4:	61 f0       	breq	.+24     	; 0x13de <nextEmptyTxBuffer+0x38>
    13c6:	91 50       	subi	r25, 0x01	; 1
    13c8:	29 f0       	breq	.+10     	; 0x13d4 <nextEmptyTxBuffer+0x2e>
    13ca:	8f 5f       	subi	r24, 0xFF	; 255
    13cc:	83 30       	cpi	r24, 0x03	; 3
    13ce:	78 f3       	brcs	.-34     	; 0x13ae <nextEmptyTxBuffer+0x8>
    13d0:	80 e0       	ldi	r24, 0x00	; 0
    13d2:	ed cf       	rjmp	.-38     	; 0x13ae <nextEmptyTxBuffer+0x8>
    13d4:	80 93 75 02 	sts	0x0275, r24	; 0x800275 <_ZZ17nextEmptyTxBufferE11bufferIndex>
    13d8:	80 e0       	ldi	r24, 0x00	; 0
    13da:	90 e0       	ldi	r25, 0x00	; 0
    13dc:	08 95       	ret
    13de:	80 93 75 02 	sts	0x0275, r24	; 0x800275 <_ZZ17nextEmptyTxBufferE11bufferIndex>
    13e2:	49 e2       	ldi	r20, 0x29	; 41
    13e4:	42 9f       	mul	r20, r18
    13e6:	c0 01       	movw	r24, r0
    13e8:	43 9f       	mul	r20, r19
    13ea:	90 0d       	add	r25, r0
    13ec:	11 24       	eor	r1, r1
    13ee:	8b 50       	subi	r24, 0x0B	; 11
    13f0:	9d 4f       	sbci	r25, 0xFD	; 253
    13f2:	08 95       	ret

000013f4 <nextEmptyRxBuffer>:
    13f4:	80 91 74 02 	lds	r24, 0x0274	; 0x800274 <__data_end>
    13f8:	28 2f       	mov	r18, r24
    13fa:	30 e0       	ldi	r19, 0x00	; 0
    13fc:	9f e3       	ldi	r25, 0x3F	; 63
    13fe:	89 9f       	mul	r24, r25
    1400:	f0 01       	movw	r30, r0
    1402:	11 24       	eor	r1, r1
    1404:	e9 58       	subi	r30, 0x89	; 137
    1406:	fd 4f       	sbci	r31, 0xFD	; 253
    1408:	41 81       	ldd	r20, Z+1	; 0x01
    140a:	52 81       	ldd	r21, Z+2	; 0x02
    140c:	45 2b       	or	r20, r21
    140e:	a9 f0       	breq	.+42     	; 0x143a <nextEmptyRxBuffer+0x46>
    1410:	8f 5f       	subi	r24, 0xFF	; 255
    1412:	82 30       	cpi	r24, 0x02	; 2
    1414:	08 f0       	brcs	.+2      	; 0x1418 <nextEmptyRxBuffer+0x24>
    1416:	80 e0       	ldi	r24, 0x00	; 0
    1418:	28 2f       	mov	r18, r24
    141a:	30 e0       	ldi	r19, 0x00	; 0
    141c:	9f e3       	ldi	r25, 0x3F	; 63
    141e:	89 9f       	mul	r24, r25
    1420:	f0 01       	movw	r30, r0
    1422:	11 24       	eor	r1, r1
    1424:	e9 58       	subi	r30, 0x89	; 137
    1426:	fd 4f       	sbci	r31, 0xFD	; 253
    1428:	41 81       	ldd	r20, Z+1	; 0x01
    142a:	52 81       	ldd	r21, Z+2	; 0x02
    142c:	45 2b       	or	r20, r21
    142e:	29 f0       	breq	.+10     	; 0x143a <nextEmptyRxBuffer+0x46>
    1430:	80 93 74 02 	sts	0x0274, r24	; 0x800274 <__data_end>
    1434:	80 e0       	ldi	r24, 0x00	; 0
    1436:	90 e0       	ldi	r25, 0x00	; 0
    1438:	08 95       	ret
    143a:	80 93 74 02 	sts	0x0274, r24	; 0x800274 <__data_end>
    143e:	4f e3       	ldi	r20, 0x3F	; 63
    1440:	42 9f       	mul	r20, r18
    1442:	c0 01       	movw	r24, r0
    1444:	43 9f       	mul	r20, r19
    1446:	90 0d       	add	r25, r0
    1448:	11 24       	eor	r1, r1
    144a:	89 58       	subi	r24, 0x89	; 137
    144c:	9d 4f       	sbci	r25, 0xFD	; 253
    144e:	08 95       	ret

00001450 <linkbusTxInProgress>:
    1450:	80 91 70 03 	lds	r24, 0x0370	; 0x800370 <_ZL17linkbus_tx_active>
    1454:	08 95       	ret

00001456 <_Z16linkbus_start_txv>:
    1456:	90 91 70 03 	lds	r25, 0x0370	; 0x800370 <_ZL17linkbus_tx_active>
    145a:	81 e0       	ldi	r24, 0x01	; 1
    145c:	91 11       	cpse	r25, r1
    145e:	80 e0       	ldi	r24, 0x00	; 0
    1460:	91 11       	cpse	r25, r1
    1462:	08 c0       	rjmp	.+16     	; 0x1474 <_Z16linkbus_start_txv+0x1e>
    1464:	91 e0       	ldi	r25, 0x01	; 1
    1466:	90 93 70 03 	sts	0x0370, r25	; 0x800370 <_ZL17linkbus_tx_active>
    146a:	e1 ec       	ldi	r30, 0xC1	; 193
    146c:	f0 e0       	ldi	r31, 0x00	; 0
    146e:	90 81       	ld	r25, Z
    1470:	90 62       	ori	r25, 0x20	; 32
    1472:	90 83       	st	Z, r25
    1474:	08 95       	ret

00001476 <linkbus_end_tx>:
    1476:	80 91 70 03 	lds	r24, 0x0370	; 0x800370 <_ZL17linkbus_tx_active>
    147a:	88 23       	and	r24, r24
    147c:	39 f0       	breq	.+14     	; 0x148c <linkbus_end_tx+0x16>
    147e:	e1 ec       	ldi	r30, 0xC1	; 193
    1480:	f0 e0       	ldi	r31, 0x00	; 0
    1482:	80 81       	ld	r24, Z
    1484:	8f 7d       	andi	r24, 0xDF	; 223
    1486:	80 83       	st	Z, r24
    1488:	10 92 70 03 	sts	0x0370, r1	; 0x800370 <_ZL17linkbus_tx_active>
    148c:	08 95       	ret

0000148e <linkbus_init>:
    148e:	0f 93       	push	r16
    1490:	1f 93       	push	r17
    1492:	8b 01       	movw	r16, r22
    1494:	9c 01       	movw	r18, r24
    1496:	8e e7       	ldi	r24, 0x7E	; 126
    1498:	e7 e7       	ldi	r30, 0x77	; 119
    149a:	f2 e0       	ldi	r31, 0x02	; 2
    149c:	df 01       	movw	r26, r30
    149e:	1d 92       	st	X+, r1
    14a0:	8a 95       	dec	r24
    14a2:	e9 f7       	brne	.-6      	; 0x149e <linkbus_init+0x10>
    14a4:	e5 ef       	ldi	r30, 0xF5	; 245
    14a6:	f2 e0       	ldi	r31, 0x02	; 2
    14a8:	10 82       	st	Z, r1
    14aa:	11 a6       	std	Z+41, r1	; 0x29
    14ac:	10 92 47 03 	sts	0x0347, r1	; 0x800347 <_ZL9tx_buffer+0x52>
    14b0:	d9 01       	movw	r26, r18
    14b2:	c8 01       	movw	r24, r16
    14b4:	80 58       	subi	r24, 0x80	; 128
    14b6:	9b 47       	sbci	r25, 0x7B	; 123
    14b8:	a1 4e       	sbci	r26, 0xE1	; 225
    14ba:	bf 4f       	sbci	r27, 0xFF	; 255
    14bc:	88 0f       	add	r24, r24
    14be:	99 1f       	adc	r25, r25
    14c0:	aa 1f       	adc	r26, r26
    14c2:	bb 1f       	adc	r27, r27
    14c4:	88 0f       	add	r24, r24
    14c6:	99 1f       	adc	r25, r25
    14c8:	aa 1f       	adc	r26, r26
    14ca:	bb 1f       	adc	r27, r27
    14cc:	bc 01       	movw	r22, r24
    14ce:	cd 01       	movw	r24, r26
    14d0:	66 0f       	add	r22, r22
    14d2:	77 1f       	adc	r23, r23
    14d4:	88 1f       	adc	r24, r24
    14d6:	99 1f       	adc	r25, r25
    14d8:	00 0f       	add	r16, r16
    14da:	11 1f       	adc	r17, r17
    14dc:	22 1f       	adc	r18, r18
    14de:	33 1f       	adc	r19, r19
    14e0:	00 0f       	add	r16, r16
    14e2:	11 1f       	adc	r17, r17
    14e4:	22 1f       	adc	r18, r18
    14e6:	33 1f       	adc	r19, r19
    14e8:	a9 01       	movw	r20, r18
    14ea:	98 01       	movw	r18, r16
    14ec:	22 0f       	add	r18, r18
    14ee:	33 1f       	adc	r19, r19
    14f0:	44 1f       	adc	r20, r20
    14f2:	55 1f       	adc	r21, r21
    14f4:	22 0f       	add	r18, r18
    14f6:	33 1f       	adc	r19, r19
    14f8:	44 1f       	adc	r20, r20
    14fa:	55 1f       	adc	r21, r21
    14fc:	0e 94 94 18 	call	0x3128	; 0x3128 <__udivmodsi4>
    1500:	21 50       	subi	r18, 0x01	; 1
    1502:	31 09       	sbc	r19, r1
    1504:	30 93 c5 00 	sts	0x00C5, r19	; 0x8000c5 <__TEXT_REGION_LENGTH__+0x7f80c5>
    1508:	20 93 c4 00 	sts	0x00C4, r18	; 0x8000c4 <__TEXT_REGION_LENGTH__+0x7f80c4>
    150c:	88 e9       	ldi	r24, 0x98	; 152
    150e:	80 93 c1 00 	sts	0x00C1, r24	; 0x8000c1 <__TEXT_REGION_LENGTH__+0x7f80c1>
    1512:	8e e0       	ldi	r24, 0x0E	; 14
    1514:	80 93 c2 00 	sts	0x00C2, r24	; 0x8000c2 <__TEXT_REGION_LENGTH__+0x7f80c2>
    1518:	10 92 01 01 	sts	0x0101, r1	; 0x800101 <_ZL14g_bus_disabled>
    151c:	1f 91       	pop	r17
    151e:	0f 91       	pop	r16
    1520:	08 95       	ret

00001522 <linkbus_disable>:
    1522:	81 e0       	ldi	r24, 0x01	; 1
    1524:	80 93 01 01 	sts	0x0101, r24	; 0x800101 <_ZL14g_bus_disabled>
    1528:	10 92 c1 00 	sts	0x00C1, r1	; 0x8000c1 <__TEXT_REGION_LENGTH__+0x7f80c1>
    152c:	0e 94 3b 0a 	call	0x1476	; 0x1476 <linkbus_end_tx>
    1530:	8e e7       	ldi	r24, 0x7E	; 126
    1532:	e7 e7       	ldi	r30, 0x77	; 119
    1534:	f2 e0       	ldi	r31, 0x02	; 2
    1536:	df 01       	movw	r26, r30
    1538:	1d 92       	st	X+, r1
    153a:	8a 95       	dec	r24
    153c:	e9 f7       	brne	.-6      	; 0x1538 <linkbus_disable+0x16>
    153e:	e5 ef       	ldi	r30, 0xF5	; 245
    1540:	f2 e0       	ldi	r31, 0x02	; 2
    1542:	10 82       	st	Z, r1
    1544:	11 a6       	std	Z+41, r1	; 0x29
    1546:	10 92 47 03 	sts	0x0347, r1	; 0x800347 <_ZL9tx_buffer+0x52>
    154a:	08 95       	ret

0000154c <_Z17linkbus_send_textPc>:
    154c:	0f 93       	push	r16
    154e:	1f 93       	push	r17
    1550:	cf 93       	push	r28
    1552:	df 93       	push	r29
    1554:	20 91 01 01 	lds	r18, 0x0101	; 0x800101 <_ZL14g_bus_disabled>
    1558:	21 11       	cpse	r18, r1
    155a:	14 c0       	rjmp	.+40     	; 0x1584 <_Z17linkbus_send_textPc+0x38>
    155c:	00 97       	sbiw	r24, 0x00	; 0
    155e:	a1 f0       	breq	.+40     	; 0x1588 <_Z17linkbus_send_textPc+0x3c>
    1560:	8c 01       	movw	r16, r24
    1562:	0e 94 d3 09 	call	0x13a6	; 0x13a6 <nextEmptyTxBuffer>
    1566:	00 97       	sbiw	r24, 0x00	; 0
    1568:	b9 f4       	brne	.+46     	; 0x1598 <_Z17linkbus_send_textPc+0x4c>
    156a:	c8 ec       	ldi	r28, 0xC8	; 200
    156c:	d0 e0       	ldi	r29, 0x00	; 0
    156e:	02 c0       	rjmp	.+4      	; 0x1574 <_Z17linkbus_send_textPc+0x28>
    1570:	20 97       	sbiw	r28, 0x00	; 0
    1572:	61 f0       	breq	.+24     	; 0x158c <_Z17linkbus_send_textPc+0x40>
    1574:	90 91 70 03 	lds	r25, 0x0370	; 0x800370 <_ZL17linkbus_tx_active>
    1578:	99 23       	and	r25, r25
    157a:	51 f0       	breq	.+20     	; 0x1590 <_Z17linkbus_send_textPc+0x44>
    157c:	20 97       	sbiw	r28, 0x00	; 0
    157e:	d1 f0       	breq	.+52     	; 0x15b4 <_Z17linkbus_send_textPc+0x68>
    1580:	21 97       	sbiw	r28, 0x01	; 1
    1582:	f8 cf       	rjmp	.-16     	; 0x1574 <_Z17linkbus_send_textPc+0x28>
    1584:	81 e0       	ldi	r24, 0x01	; 1
    1586:	1b c0       	rjmp	.+54     	; 0x15be <_Z17linkbus_send_textPc+0x72>
    1588:	81 e0       	ldi	r24, 0x01	; 1
    158a:	19 c0       	rjmp	.+50     	; 0x15be <_Z17linkbus_send_textPc+0x72>
    158c:	81 e0       	ldi	r24, 0x01	; 1
    158e:	17 c0       	rjmp	.+46     	; 0x15be <_Z17linkbus_send_textPc+0x72>
    1590:	0e 94 d3 09 	call	0x13a6	; 0x13a6 <nextEmptyTxBuffer>
    1594:	00 97       	sbiw	r24, 0x00	; 0
    1596:	61 f3       	breq	.-40     	; 0x1570 <_Z17linkbus_send_textPc+0x24>
    1598:	1f 93       	push	r17
    159a:	0f 93       	push	r16
    159c:	9f 93       	push	r25
    159e:	8f 93       	push	r24
    15a0:	0e 94 1b 19 	call	0x3236	; 0x3236 <sprintf>
    15a4:	0e 94 2b 0a 	call	0x1456	; 0x1456 <_Z16linkbus_start_txv>
    15a8:	0f 90       	pop	r0
    15aa:	0f 90       	pop	r0
    15ac:	0f 90       	pop	r0
    15ae:	0f 90       	pop	r0
    15b0:	80 e0       	ldi	r24, 0x00	; 0
    15b2:	05 c0       	rjmp	.+10     	; 0x15be <_Z17linkbus_send_textPc+0x72>
    15b4:	0e 94 d3 09 	call	0x13a6	; 0x13a6 <nextEmptyTxBuffer>
    15b8:	00 97       	sbiw	r24, 0x00	; 0
    15ba:	71 f7       	brne	.-36     	; 0x1598 <_Z17linkbus_send_textPc+0x4c>
    15bc:	81 e0       	ldi	r24, 0x01	; 1
    15be:	df 91       	pop	r29
    15c0:	cf 91       	pop	r28
    15c2:	1f 91       	pop	r17
    15c4:	0f 91       	pop	r16
    15c6:	08 95       	ret

000015c8 <lb_send_NewLine>:
    15c8:	80 91 01 01 	lds	r24, 0x0101	; 0x800101 <_ZL14g_bus_disabled>
    15cc:	81 11       	cpse	r24, r1
    15ce:	04 c0       	rjmp	.+8      	; 0x15d8 <lb_send_NewLine+0x10>
    15d0:	80 e7       	ldi	r24, 0x70	; 112
    15d2:	91 e0       	ldi	r25, 0x01	; 1
    15d4:	0e 94 a6 0a 	call	0x154c	; 0x154c <_Z17linkbus_send_textPc>
    15d8:	08 95       	ret

000015da <lb_echo_char>:
    15da:	90 91 01 01 	lds	r25, 0x0101	; 0x800101 <_ZL14g_bus_disabled>
    15de:	91 11       	cpse	r25, r1
    15e0:	07 c0       	rjmp	.+14     	; 0x15f0 <lb_echo_char+0x16>
    15e2:	e1 e7       	ldi	r30, 0x71	; 113
    15e4:	f3 e0       	ldi	r31, 0x03	; 3
    15e6:	80 83       	st	Z, r24
    15e8:	11 82       	std	Z+1, r1	; 0x01
    15ea:	cf 01       	movw	r24, r30
    15ec:	0e 94 a6 0a 	call	0x154c	; 0x154c <_Z17linkbus_send_textPc>
    15f0:	08 95       	ret

000015f2 <lb_send_string>:
    15f2:	cf 93       	push	r28
    15f4:	20 91 01 01 	lds	r18, 0x0101	; 0x800101 <_ZL14g_bus_disabled>
    15f8:	21 11       	cpse	r18, r1
    15fa:	28 c0       	rjmp	.+80     	; 0x164c <lb_send_string+0x5a>
    15fc:	00 97       	sbiw	r24, 0x00	; 0
    15fe:	41 f1       	breq	.+80     	; 0x1650 <lb_send_string+0x5e>
    1600:	fc 01       	movw	r30, r24
    1602:	20 81       	ld	r18, Z
    1604:	22 23       	and	r18, r18
    1606:	31 f1       	breq	.+76     	; 0x1654 <lb_send_string+0x62>
    1608:	01 90       	ld	r0, Z+
    160a:	00 20       	and	r0, r0
    160c:	e9 f7       	brne	.-6      	; 0x1608 <lb_send_string+0x16>
    160e:	31 97       	sbiw	r30, 0x01	; 1
    1610:	e8 1b       	sub	r30, r24
    1612:	f9 0b       	sbc	r31, r25
    1614:	ba 97       	sbiw	r30, 0x2a	; 42
    1616:	00 f5       	brcc	.+64     	; 0x1658 <lb_send_string+0x66>
    1618:	c6 2f       	mov	r28, r22
    161a:	bc 01       	movw	r22, r24
    161c:	49 e2       	ldi	r20, 0x29	; 41
    161e:	50 e0       	ldi	r21, 0x00	; 0
    1620:	81 e7       	ldi	r24, 0x71	; 113
    1622:	93 e0       	ldi	r25, 0x03	; 3
    1624:	0e 94 0c 19 	call	0x3218	; 0x3218 <strncpy>
    1628:	cc 23       	and	r28, r28
    162a:	59 f0       	breq	.+22     	; 0x1642 <lb_send_string+0x50>
    162c:	81 e7       	ldi	r24, 0x71	; 113
    162e:	93 e0       	ldi	r25, 0x03	; 3
    1630:	0e 94 a6 0a 	call	0x154c	; 0x154c <_Z17linkbus_send_textPc>
    1634:	81 11       	cpse	r24, r1
    1636:	fa cf       	rjmp	.-12     	; 0x162c <lb_send_string+0x3a>
    1638:	80 91 70 03 	lds	r24, 0x0370	; 0x800370 <_ZL17linkbus_tx_active>
    163c:	81 11       	cpse	r24, r1
    163e:	fc cf       	rjmp	.-8      	; 0x1638 <lb_send_string+0x46>
    1640:	0c c0       	rjmp	.+24     	; 0x165a <lb_send_string+0x68>
    1642:	81 e7       	ldi	r24, 0x71	; 113
    1644:	93 e0       	ldi	r25, 0x03	; 3
    1646:	0e 94 a6 0a 	call	0x154c	; 0x154c <_Z17linkbus_send_textPc>
    164a:	07 c0       	rjmp	.+14     	; 0x165a <lb_send_string+0x68>
    164c:	81 e0       	ldi	r24, 0x01	; 1
    164e:	05 c0       	rjmp	.+10     	; 0x165a <lb_send_string+0x68>
    1650:	81 e0       	ldi	r24, 0x01	; 1
    1652:	03 c0       	rjmp	.+6      	; 0x165a <lb_send_string+0x68>
    1654:	81 e0       	ldi	r24, 0x01	; 1
    1656:	01 c0       	rjmp	.+2      	; 0x165a <lb_send_string+0x68>
    1658:	81 e0       	ldi	r24, 0x01	; 1
    165a:	cf 91       	pop	r28
    165c:	08 95       	ret

0000165e <lb_enabled>:
}


BOOL lb_enabled(void)
{
	return( !g_bus_disabled);
    165e:	90 91 01 01 	lds	r25, 0x0101	; 0x800101 <_ZL14g_bus_disabled>
    1662:	81 e0       	ldi	r24, 0x01	; 1
    1664:	91 11       	cpse	r25, r1
    1666:	80 e0       	ldi	r24, 0x00	; 0
}
    1668:	08 95       	ret

0000166a <__vector_6>:
	{
		key = D_KEY;
	}

	return( key);
}
    166a:	1f 92       	push	r1
    166c:	0f 92       	push	r0
    166e:	0f b6       	in	r0, 0x3f	; 63
    1670:	0f 92       	push	r0
    1672:	11 24       	eor	r1, r1
    1674:	8f 93       	push	r24
    1676:	ef 93       	push	r30
    1678:	ff 93       	push	r31
    167a:	10 92 00 01 	sts	0x0100, r1	; 0x800100 <__DATA_REGION_ORIGIN__>
    167e:	80 91 2d 04 	lds	r24, 0x042D	; 0x80042d <_ZL24g_enableHardwareWDResets>
    1682:	81 11       	cpse	r24, r1
    1684:	05 c0       	rjmp	.+10     	; 0x1690 <__vector_6+0x26>
    1686:	80 91 03 01 	lds	r24, 0x0103	; 0x800103 <_ZZ10__vector_6E5limit>
    168a:	81 11       	cpse	r24, r1
    168c:	09 c0       	rjmp	.+18     	; 0x16a0 <__vector_6+0x36>
    168e:	0e c0       	rjmp	.+28     	; 0x16ac <__vector_6+0x42>
    1690:	80 91 03 01 	lds	r24, 0x0103	; 0x800103 <_ZZ10__vector_6E5limit>
    1694:	88 23       	and	r24, r24
    1696:	51 f0       	breq	.+20     	; 0x16ac <__vector_6+0x42>
    1698:	81 50       	subi	r24, 0x01	; 1
    169a:	80 93 03 01 	sts	0x0103, r24	; 0x800103 <_ZZ10__vector_6E5limit>
    169e:	06 c0       	rjmp	.+12     	; 0x16ac <__vector_6+0x42>
    16a0:	e0 e6       	ldi	r30, 0x60	; 96
    16a2:	f0 e0       	ldi	r31, 0x00	; 0
    16a4:	80 81       	ld	r24, Z
    16a6:	80 64       	ori	r24, 0x40	; 64
    16a8:	80 83       	st	Z, r24
    16aa:	f2 cf       	rjmp	.-28     	; 0x1690 <__vector_6+0x26>
    16ac:	ff 91       	pop	r31
    16ae:	ef 91       	pop	r30
    16b0:	8f 91       	pop	r24
    16b2:	0f 90       	pop	r0
    16b4:	0f be       	out	0x3f, r0	; 63
    16b6:	0f 90       	pop	r0
    16b8:	1f 90       	pop	r1
    16ba:	18 95       	reti

000016bc <_Z8wdt_init7WDReset>:
    16bc:	a8 95       	wdr
    16be:	04 b6       	in	r0, 0x34	; 52
    16c0:	03 fe       	sbrs	r0, 3
    16c2:	03 c0       	rjmp	.+6      	; 0x16ca <_Z8wdt_init7WDReset+0xe>
    16c4:	94 b7       	in	r25, 0x34	; 52
    16c6:	98 70       	andi	r25, 0x08	; 8
    16c8:	94 bf       	out	0x34, r25	; 52
    16ca:	83 30       	cpi	r24, 0x03	; 3
    16cc:	61 f4       	brne	.+24     	; 0x16e6 <_Z8wdt_init7WDReset+0x2a>
    16ce:	84 b7       	in	r24, 0x34	; 52
    16d0:	87 7f       	andi	r24, 0xF7	; 247
    16d2:	84 bf       	out	0x34, r24	; 52
    16d4:	e0 e6       	ldi	r30, 0x60	; 96
    16d6:	f0 e0       	ldi	r31, 0x00	; 0
    16d8:	80 81       	ld	r24, Z
    16da:	88 61       	ori	r24, 0x18	; 24
    16dc:	80 83       	st	Z, r24
    16de:	10 82       	st	Z, r1
    16e0:	10 92 2d 04 	sts	0x042D, r1	; 0x80042d <_ZL24g_enableHardwareWDResets>
    16e4:	08 95       	ret
    16e6:	81 30       	cpi	r24, 0x01	; 1
    16e8:	41 f4       	brne	.+16     	; 0x16fa <_Z8wdt_init7WDReset+0x3e>
    16ea:	e0 e6       	ldi	r30, 0x60	; 96
    16ec:	f0 e0       	ldi	r31, 0x00	; 0
    16ee:	90 81       	ld	r25, Z
    16f0:	98 61       	ori	r25, 0x18	; 24
    16f2:	90 83       	st	Z, r25
    16f4:	98 e6       	ldi	r25, 0x68	; 104
    16f6:	90 83       	st	Z, r25
    16f8:	11 c0       	rjmp	.+34     	; 0x171c <_Z8wdt_init7WDReset+0x60>
    16fa:	81 11       	cpse	r24, r1
    16fc:	08 c0       	rjmp	.+16     	; 0x170e <_Z8wdt_init7WDReset+0x52>
    16fe:	e0 e6       	ldi	r30, 0x60	; 96
    1700:	f0 e0       	ldi	r31, 0x00	; 0
    1702:	90 81       	ld	r25, Z
    1704:	98 61       	ori	r25, 0x18	; 24
    1706:	90 83       	st	Z, r25
    1708:	96 e4       	ldi	r25, 0x46	; 70
    170a:	90 83       	st	Z, r25
    170c:	07 c0       	rjmp	.+14     	; 0x171c <_Z8wdt_init7WDReset+0x60>
    170e:	e0 e6       	ldi	r30, 0x60	; 96
    1710:	f0 e0       	ldi	r31, 0x00	; 0
    1712:	90 81       	ld	r25, Z
    1714:	98 61       	ori	r25, 0x18	; 24
    1716:	90 83       	st	Z, r25
    1718:	98 e4       	ldi	r25, 0x48	; 72
    171a:	90 83       	st	Z, r25
    171c:	91 e0       	ldi	r25, 0x01	; 1
    171e:	81 11       	cpse	r24, r1
    1720:	01 c0       	rjmp	.+2      	; 0x1724 <_Z8wdt_init7WDReset+0x68>
    1722:	90 e0       	ldi	r25, 0x00	; 0
    1724:	90 93 2d 04 	sts	0x042D, r25	; 0x80042d <_ZL24g_enableHardwareWDResets>
    1728:	08 95       	ret

0000172a <main>:
    172a:	63 e0       	ldi	r22, 0x03	; 3
    172c:	81 e1       	ldi	r24, 0x11	; 17
    172e:	0e 94 a3 02 	call	0x546	; 0x546 <pinMode>
    1732:	61 e0       	ldi	r22, 0x01	; 1
    1734:	80 e1       	ldi	r24, 0x10	; 16
    1736:	0e 94 a3 02 	call	0x546	; 0x546 <pinMode>
    173a:	60 e0       	ldi	r22, 0x00	; 0
    173c:	80 e1       	ldi	r24, 0x10	; 16
    173e:	0e 94 be 03 	call	0x77c	; 0x77c <digitalWrite>
    1742:	61 e0       	ldi	r22, 0x01	; 1
    1744:	86 e0       	ldi	r24, 0x06	; 6
    1746:	0e 94 a3 02 	call	0x546	; 0x546 <pinMode>
    174a:	60 e0       	ldi	r22, 0x00	; 0
    174c:	86 e0       	ldi	r24, 0x06	; 6
    174e:	0e 94 be 03 	call	0x77c	; 0x77c <digitalWrite>
    1752:	61 e0       	ldi	r22, 0x01	; 1
    1754:	85 e0       	ldi	r24, 0x05	; 5
    1756:	0e 94 a3 02 	call	0x546	; 0x546 <pinMode>
    175a:	60 e0       	ldi	r22, 0x00	; 0
    175c:	85 e0       	ldi	r24, 0x05	; 5
    175e:	0e 94 be 03 	call	0x77c	; 0x77c <digitalWrite>
    1762:	61 e0       	ldi	r22, 0x01	; 1
    1764:	84 e0       	ldi	r24, 0x04	; 4
    1766:	0e 94 a3 02 	call	0x546	; 0x546 <pinMode>
    176a:	60 e0       	ldi	r22, 0x00	; 0
    176c:	84 e0       	ldi	r24, 0x04	; 4
    176e:	0e 94 be 03 	call	0x77c	; 0x77c <digitalWrite>
    1772:	60 e0       	ldi	r22, 0x00	; 0
    1774:	84 e1       	ldi	r24, 0x14	; 20
    1776:	0e 94 a3 02 	call	0x546	; 0x546 <pinMode>
    177a:	60 e0       	ldi	r22, 0x00	; 0
    177c:	85 e1       	ldi	r24, 0x15	; 21
    177e:	0e 94 a3 02 	call	0x546	; 0x546 <pinMode>
    1782:	61 e0       	ldi	r22, 0x01	; 1
    1784:	87 e0       	ldi	r24, 0x07	; 7
    1786:	0e 94 a3 02 	call	0x546	; 0x546 <pinMode>
    178a:	61 e0       	ldi	r22, 0x01	; 1
    178c:	87 e0       	ldi	r24, 0x07	; 7
    178e:	0e 94 be 03 	call	0x77c	; 0x77c <digitalWrite>
    1792:	63 e0       	ldi	r22, 0x03	; 3
    1794:	83 e1       	ldi	r24, 0x13	; 19
    1796:	0e 94 a3 02 	call	0x546	; 0x546 <pinMode>
    179a:	63 e0       	ldi	r22, 0x03	; 3
    179c:	82 e1       	ldi	r24, 0x12	; 18
    179e:	0e 94 a3 02 	call	0x546	; 0x546 <pinMode>
    17a2:	63 e0       	ldi	r22, 0x03	; 3
    17a4:	82 e0       	ldi	r24, 0x02	; 2
    17a6:	0e 94 a3 02 	call	0x546	; 0x546 <pinMode>
    17aa:	0e 94 91 0a 	call	0x1522	; 0x1522 <linkbus_disable>
    17ae:	61 e0       	ldi	r22, 0x01	; 1
    17b0:	83 e0       	ldi	r24, 0x03	; 3
    17b2:	0e 94 a3 02 	call	0x546	; 0x546 <pinMode>
    17b6:	60 e0       	ldi	r22, 0x00	; 0
    17b8:	83 e0       	ldi	r24, 0x03	; 3
    17ba:	0e 94 be 03 	call	0x77c	; 0x77c <digitalWrite>
    17be:	61 e0       	ldi	r22, 0x01	; 1
    17c0:	8e e0       	ldi	r24, 0x0E	; 14
    17c2:	0e 94 a3 02 	call	0x546	; 0x546 <pinMode>
    17c6:	60 e0       	ldi	r22, 0x00	; 0
    17c8:	8e e0       	ldi	r24, 0x0E	; 14
    17ca:	0e 94 be 03 	call	0x77c	; 0x77c <digitalWrite>
    17ce:	61 e0       	ldi	r22, 0x01	; 1
    17d0:	8f e0       	ldi	r24, 0x0F	; 15
    17d2:	0e 94 a3 02 	call	0x546	; 0x546 <pinMode>
    17d6:	60 e0       	ldi	r22, 0x00	; 0
    17d8:	8f e0       	ldi	r24, 0x0F	; 15
    17da:	0e 94 be 03 	call	0x77c	; 0x77c <digitalWrite>
    17de:	84 b1       	in	r24, 0x04	; 4
    17e0:	8f 63       	ori	r24, 0x3F	; 63
    17e2:	84 b9       	out	0x04, r24	; 4
    17e4:	85 b1       	in	r24, 0x05	; 5
    17e6:	80 7c       	andi	r24, 0xC0	; 192
    17e8:	85 b9       	out	0x05, r24	; 5
    17ea:	8b e6       	ldi	r24, 0x6B	; 107
    17ec:	94 e0       	ldi	r25, 0x04	; 4
    17ee:	0e 94 20 06 	call	0xc40	; 0xc40 <_ZN13EepromManager20initializeEEPROMVarsEv>
    17f2:	c8 2f       	mov	r28, r24
    17f4:	f8 94       	cli
    17f6:	a0 eb       	ldi	r26, 0xB0	; 176
    17f8:	b0 e0       	ldi	r27, 0x00	; 0
    17fa:	1c 92       	st	X, r1
    17fc:	e1 eb       	ldi	r30, 0xB1	; 177
    17fe:	f0 e0       	ldi	r31, 0x00	; 0
    1800:	10 82       	st	Z, r1
    1802:	8c 91       	ld	r24, X
    1804:	82 60       	ori	r24, 0x02	; 2
    1806:	8c 93       	st	X, r24
    1808:	80 81       	ld	r24, Z
    180a:	87 60       	ori	r24, 0x07	; 7
    180c:	80 83       	st	Z, r24
    180e:	8c e0       	ldi	r24, 0x0C	; 12
    1810:	80 93 b3 00 	sts	0x00B3, r24	; 0x8000b3 <__TEXT_REGION_LENGTH__+0x7f80b3>
    1814:	10 92 b4 00 	sts	0x00B4, r1	; 0x8000b4 <__TEXT_REGION_LENGTH__+0x7f80b4>
    1818:	e6 eb       	ldi	r30, 0xB6	; 182
    181a:	f0 e0       	ldi	r31, 0x00	; 0
    181c:	80 81       	ld	r24, Z
    181e:	8f 7d       	andi	r24, 0xDF	; 223
    1820:	80 83       	st	Z, r24
    1822:	e0 e7       	ldi	r30, 0x70	; 112
    1824:	f0 e0       	ldi	r31, 0x00	; 0
    1826:	10 82       	st	Z, r1
    1828:	80 81       	ld	r24, Z
    182a:	84 60       	ori	r24, 0x04	; 4
    182c:	80 83       	st	Z, r24
    182e:	10 92 80 00 	sts	0x0080, r1	; 0x800080 <__TEXT_REGION_LENGTH__+0x7f8080>
    1832:	e1 e8       	ldi	r30, 0x81	; 129
    1834:	f0 e0       	ldi	r31, 0x00	; 0
    1836:	10 82       	st	Z, r1
    1838:	10 92 85 00 	sts	0x0085, r1	; 0x800085 <__TEXT_REGION_LENGTH__+0x7f8085>
    183c:	10 92 84 00 	sts	0x0084, r1	; 0x800084 <__TEXT_REGION_LENGTH__+0x7f8084>
    1840:	80 81       	ld	r24, Z
    1842:	88 60       	ori	r24, 0x08	; 8
    1844:	80 83       	st	Z, r24
    1846:	80 81       	ld	r24, Z
    1848:	81 60       	ori	r24, 0x01	; 1
    184a:	80 83       	st	Z, r24
    184c:	14 bc       	out	0x24, r1	; 36
    184e:	84 b5       	in	r24, 0x24	; 36
    1850:	82 60       	ori	r24, 0x02	; 2
    1852:	84 bd       	out	0x24, r24	; 36
    1854:	15 bc       	out	0x25, r1	; 37
    1856:	85 b5       	in	r24, 0x25	; 37
    1858:	84 60       	ori	r24, 0x04	; 4
    185a:	85 bd       	out	0x25, r24	; 37
    185c:	8f e2       	ldi	r24, 0x2F	; 47
    185e:	87 bd       	out	0x27, r24	; 39
    1860:	10 92 6e 00 	sts	0x006E, r1	; 0x80006e <__TEXT_REGION_LENGTH__+0x7f806e>
    1864:	10 92 6d 00 	sts	0x006D, r1	; 0x80006d <__TEXT_REGION_LENGTH__+0x7f806d>
    1868:	ec e6       	ldi	r30, 0x6C	; 108
    186a:	f0 e0       	ldi	r31, 0x00	; 0
    186c:	10 82       	st	Z, r1
    186e:	88 e0       	ldi	r24, 0x08	; 8
    1870:	80 83       	st	Z, r24
    1872:	e8 e6       	ldi	r30, 0x68	; 104
    1874:	f0 e0       	ldi	r31, 0x00	; 0
    1876:	10 82       	st	Z, r1
    1878:	82 e0       	ldi	r24, 0x02	; 2
    187a:	80 83       	st	Z, r24
    187c:	80 91 4c 04 	lds	r24, 0x044C	; 0x80044c <g_AM_audio_frequency>
    1880:	78 94       	sei
    1882:	60 e0       	ldi	r22, 0x00	; 0
    1884:	71 ee       	ldi	r23, 0xE1	; 225
    1886:	80 e0       	ldi	r24, 0x00	; 0
    1888:	90 e0       	ldi	r25, 0x00	; 0
    188a:	0e 94 47 0a 	call	0x148e	; 0x148e <linkbus_init>
    188e:	80 e0       	ldi	r24, 0x00	; 0
    1890:	0e 94 5e 0b 	call	0x16bc	; 0x16bc <_Z8wdt_init7WDReset>
    1894:	a8 95       	wdr
    1896:	81 e1       	ldi	r24, 0x11	; 17
    1898:	0e 94 73 03 	call	0x6e6	; 0x6e6 <digitalRead>
    189c:	91 e0       	ldi	r25, 0x01	; 1
    189e:	81 11       	cpse	r24, r1
    18a0:	90 e0       	ldi	r25, 0x00	; 0
    18a2:	90 93 2f 04 	sts	0x042F, r25	; 0x80042f <g_reset_button_held>
    18a6:	81 e0       	ldi	r24, 0x01	; 1
    18a8:	0e 94 6f 05 	call	0xade	; 0xade <_Z10RTC_1s_sqwh>
    18ac:	cc 23       	and	r28, r28
    18ae:	31 f0       	breq	.+12     	; 0x18bc <main+0x192>
    18b0:	61 e0       	ldi	r22, 0x01	; 1
    18b2:	82 e7       	ldi	r24, 0x72	; 114
    18b4:	91 e0       	ldi	r25, 0x01	; 1
    18b6:	0e 94 f9 0a 	call	0x15f2	; 0x15f2 <lb_send_string>
    18ba:	04 c0       	rjmp	.+8      	; 0x18c4 <main+0x19a>
    18bc:	8b e6       	ldi	r24, 0x6B	; 107
    18be:	94 e0       	ldi	r25, 0x04	; 4
    18c0:	0e 94 12 06 	call	0xc24	; 0xc24 <_ZN13EepromManager17sendSuccessStringEv>
    18c4:	61 e0       	ldi	r22, 0x01	; 1
    18c6:	80 e1       	ldi	r24, 0x10	; 16
    18c8:	0e 94 be 03 	call	0x77c	; 0x77c <digitalWrite>
    18cc:	ff cf       	rjmp	.-2      	; 0x18cc <main+0x1a2>

000018ce <__vector_21>:
    18ce:	1f 92       	push	r1
    18d0:	0f 92       	push	r0
    18d2:	0f b6       	in	r0, 0x3f	; 63
    18d4:	0f 92       	push	r0
    18d6:	11 24       	eor	r1, r1
    18d8:	0f 90       	pop	r0
    18da:	0f be       	out	0x3f, r0	; 63
    18dc:	0f 90       	pop	r0
    18de:	1f 90       	pop	r1
    18e0:	18 95       	reti

000018e2 <__vector_18>:
    18e2:	1f 92       	push	r1
    18e4:	0f 92       	push	r0
    18e6:	0f b6       	in	r0, 0x3f	; 63
    18e8:	0f 92       	push	r0
    18ea:	11 24       	eor	r1, r1
    18ec:	1f 93       	push	r17
    18ee:	2f 93       	push	r18
    18f0:	3f 93       	push	r19
    18f2:	4f 93       	push	r20
    18f4:	5f 93       	push	r21
    18f6:	6f 93       	push	r22
    18f8:	7f 93       	push	r23
    18fa:	8f 93       	push	r24
    18fc:	9f 93       	push	r25
    18fe:	af 93       	push	r26
    1900:	bf 93       	push	r27
    1902:	cf 93       	push	r28
    1904:	df 93       	push	r29
    1906:	ef 93       	push	r30
    1908:	ff 93       	push	r31
    190a:	10 91 c6 00 	lds	r17, 0x00C6	; 0x8000c6 <__TEXT_REGION_LENGTH__+0x7f80c6>
    190e:	c0 91 f4 03 	lds	r28, 0x03F4	; 0x8003f4 <_ZZ11__vector_18E4buff>
    1912:	d0 91 f5 03 	lds	r29, 0x03F5	; 0x8003f5 <_ZZ11__vector_18E4buff+0x1>
    1916:	20 97       	sbiw	r28, 0x00	; 0
    1918:	51 f4       	brne	.+20     	; 0x192e <__vector_18+0x4c>
    191a:	0e 94 fa 09 	call	0x13f4	; 0x13f4 <nextEmptyRxBuffer>
    191e:	ec 01       	movw	r28, r24
    1920:	90 93 f5 03 	sts	0x03F5, r25	; 0x8003f5 <_ZZ11__vector_18E4buff+0x1>
    1924:	80 93 f4 03 	sts	0x03F4, r24	; 0x8003f4 <_ZZ11__vector_18E4buff>
    1928:	89 2b       	or	r24, r25
    192a:	09 f4       	brne	.+2      	; 0x192e <__vector_18+0x4c>
    192c:	62 c1       	rjmp	.+708    	; 0x1bf2 <__vector_18+0x310>
    192e:	81 2f       	mov	r24, r17
    1930:	90 e0       	ldi	r25, 0x00	; 0
    1932:	0e 94 04 19 	call	0x3208	; 0x3208 <toupper>
    1936:	9c 01       	movw	r18, r24
    1938:	80 91 f3 03 	lds	r24, 0x03F3	; 0x8003f3 <_ZZ11__vector_18E11ignoreCount>
    193c:	88 23       	and	r24, r24
    193e:	21 f0       	breq	.+8      	; 0x1948 <__vector_18+0x66>
    1940:	81 50       	subi	r24, 0x01	; 1
    1942:	80 93 f3 03 	sts	0x03F3, r24	; 0x8003f3 <_ZZ11__vector_18E11ignoreCount>
    1946:	55 c1       	rjmp	.+682    	; 0x1bf2 <__vector_18+0x310>
    1948:	2b 31       	cpi	r18, 0x1B	; 27
    194a:	21 f4       	brne	.+8      	; 0x1954 <__vector_18+0x72>
    194c:	82 e0       	ldi	r24, 0x02	; 2
    194e:	80 93 f3 03 	sts	0x03F3, r24	; 0x8003f3 <_ZZ11__vector_18E11ignoreCount>
    1952:	4f c1       	rjmp	.+670    	; 0x1bf2 <__vector_18+0x310>
    1954:	2d 30       	cpi	r18, 0x0D	; 13
    1956:	09 f0       	breq	.+2      	; 0x195a <__vector_18+0x78>
    1958:	3f c0       	rjmp	.+126    	; 0x19d8 <__vector_18+0xf6>
    195a:	80 91 b2 03 	lds	r24, 0x03B2	; 0x8003b2 <_ZZ11__vector_18E13receiving_msg>
    195e:	88 23       	and	r24, r24
    1960:	31 f1       	breq	.+76     	; 0x19ae <__vector_18+0xcc>
    1962:	e0 91 f2 03 	lds	r30, 0x03F2	; 0x8003f2 <_ZZ11__vector_18E9charIndex>
    1966:	ee 23       	and	r30, r30
    1968:	f9 f0       	breq	.+62     	; 0x19a8 <__vector_18+0xc6>
    196a:	82 e0       	ldi	r24, 0x02	; 2
    196c:	88 83       	st	Y, r24
    196e:	80 91 b0 03 	lds	r24, 0x03B0	; 0x8003b0 <_ZZ11__vector_18E6msg_ID>
    1972:	90 91 b1 03 	lds	r25, 0x03B1	; 0x8003b1 <_ZZ11__vector_18E6msg_ID+0x1>
    1976:	9a 83       	std	Y+2, r25	; 0x02
    1978:	89 83       	std	Y+1, r24	; 0x01
    197a:	80 91 af 03 	lds	r24, 0x03AF	; 0x8003af <_ZZ11__vector_18E11field_index>
    197e:	88 23       	and	r24, r24
    1980:	79 f0       	breq	.+30     	; 0x19a0 <__vector_18+0xbe>
    1982:	90 e0       	ldi	r25, 0x00	; 0
    1984:	01 97       	sbiw	r24, 0x01	; 1
    1986:	40 91 ae 03 	lds	r20, 0x03AE	; 0x8003ae <_ZZ11__vector_18E9field_len>
    198a:	54 e1       	ldi	r21, 0x14	; 20
    198c:	58 9f       	mul	r21, r24
    198e:	90 01       	movw	r18, r0
    1990:	59 9f       	mul	r21, r25
    1992:	30 0d       	add	r19, r0
    1994:	11 24       	eor	r1, r1
    1996:	c2 0f       	add	r28, r18
    1998:	d3 1f       	adc	r29, r19
    199a:	c4 0f       	add	r28, r20
    199c:	d1 1d       	adc	r29, r1
    199e:	1b 82       	std	Y+3, r1	; 0x03
    19a0:	f0 e0       	ldi	r31, 0x00	; 0
    19a2:	ed 54       	subi	r30, 0x4D	; 77
    19a4:	fc 4f       	sbci	r31, 0xFC	; 252
    19a6:	10 82       	st	Z, r1
    19a8:	0e 94 e4 0a 	call	0x15c8	; 0x15c8 <lb_send_NewLine>
    19ac:	04 c0       	rjmp	.+8      	; 0x19b6 <__vector_18+0xd4>
    19ae:	8f ef       	ldi	r24, 0xFF	; 255
    19b0:	9f e7       	ldi	r25, 0x7F	; 127
    19b2:	9a 83       	std	Y+2, r25	; 0x02
    19b4:	89 83       	std	Y+1, r24	; 0x01
    19b6:	10 92 f2 03 	sts	0x03F2, r1	; 0x8003f2 <_ZZ11__vector_18E9charIndex>
    19ba:	10 92 ae 03 	sts	0x03AE, r1	; 0x8003ae <_ZZ11__vector_18E9field_len>
    19be:	10 92 b1 03 	sts	0x03B1, r1	; 0x8003b1 <_ZZ11__vector_18E6msg_ID+0x1>
    19c2:	10 92 b0 03 	sts	0x03B0, r1	; 0x8003b0 <_ZZ11__vector_18E6msg_ID>
    19c6:	10 92 af 03 	sts	0x03AF, r1	; 0x8003af <_ZZ11__vector_18E11field_index>
    19ca:	10 92 f5 03 	sts	0x03F5, r1	; 0x8003f5 <_ZZ11__vector_18E4buff+0x1>
    19ce:	10 92 f4 03 	sts	0x03F4, r1	; 0x8003f4 <_ZZ11__vector_18E4buff>
    19d2:	10 92 b2 03 	sts	0x03B2, r1	; 0x8003b2 <_ZZ11__vector_18E13receiving_msg>
    19d6:	0d c1       	rjmp	.+538    	; 0x1bf2 <__vector_18+0x310>
    19d8:	22 23       	and	r18, r18
    19da:	09 f4       	brne	.+2      	; 0x19de <__vector_18+0xfc>
    19dc:	0a c1       	rjmp	.+532    	; 0x1bf2 <__vector_18+0x310>
    19de:	e0 91 f2 03 	lds	r30, 0x03F2	; 0x8003f2 <_ZZ11__vector_18E9charIndex>
    19e2:	4e 2f       	mov	r20, r30
    19e4:	50 e0       	ldi	r21, 0x00	; 0
    19e6:	da 01       	movw	r26, r20
    19e8:	ad 54       	subi	r26, 0x4D	; 77
    19ea:	bc 4f       	sbci	r27, 0xFC	; 252
    19ec:	2c 93       	st	X, r18
    19ee:	ee 23       	and	r30, r30
    19f0:	09 f4       	brne	.+2      	; 0x19f4 <__vector_18+0x112>
    19f2:	d6 c0       	rjmp	.+428    	; 0x1ba0 <__vector_18+0x2be>
    19f4:	2f 37       	cpi	r18, 0x7F	; 127
    19f6:	09 f0       	breq	.+2      	; 0x19fa <__vector_18+0x118>
    19f8:	5f c0       	rjmp	.+190    	; 0x1ab8 <__vector_18+0x1d6>
    19fa:	e1 50       	subi	r30, 0x01	; 1
    19fc:	e0 93 f2 03 	sts	0x03F2, r30	; 0x8003f2 <_ZZ11__vector_18E9charIndex>
    1a00:	80 91 af 03 	lds	r24, 0x03AF	; 0x8003af <_ZZ11__vector_18E11field_index>
    1a04:	81 11       	cpse	r24, r1
    1a06:	13 c0       	rjmp	.+38     	; 0x1a2e <__vector_18+0x14c>
    1a08:	f0 e0       	ldi	r31, 0x00	; 0
    1a0a:	ed 54       	subi	r30, 0x4D	; 77
    1a0c:	fc 4f       	sbci	r31, 0xFC	; 252
    1a0e:	40 81       	ld	r20, Z
    1a10:	80 91 b0 03 	lds	r24, 0x03B0	; 0x8003b0 <_ZZ11__vector_18E6msg_ID>
    1a14:	90 91 b1 03 	lds	r25, 0x03B1	; 0x8003b1 <_ZZ11__vector_18E6msg_ID+0x1>
    1a18:	84 1b       	sub	r24, r20
    1a1a:	91 09       	sbc	r25, r1
    1a1c:	6a e0       	ldi	r22, 0x0A	; 10
    1a1e:	70 e0       	ldi	r23, 0x00	; 0
    1a20:	0e 94 80 18 	call	0x3100	; 0x3100 <__divmodhi4>
    1a24:	70 93 b1 03 	sts	0x03B1, r23	; 0x8003b1 <_ZZ11__vector_18E6msg_ID+0x1>
    1a28:	60 93 b0 03 	sts	0x03B0, r22	; 0x8003b0 <_ZZ11__vector_18E6msg_ID>
    1a2c:	39 c0       	rjmp	.+114    	; 0x1aa0 <__vector_18+0x1be>
    1a2e:	90 91 ae 03 	lds	r25, 0x03AE	; 0x8003ae <_ZZ11__vector_18E9field_len>
    1a32:	99 23       	and	r25, r25
    1a34:	91 f0       	breq	.+36     	; 0x1a5a <__vector_18+0x178>
    1a36:	4f ef       	ldi	r20, 0xFF	; 255
    1a38:	49 0f       	add	r20, r25
    1a3a:	40 93 ae 03 	sts	0x03AE, r20	; 0x8003ae <_ZZ11__vector_18E9field_len>
    1a3e:	90 e0       	ldi	r25, 0x00	; 0
    1a40:	01 97       	sbiw	r24, 0x01	; 1
    1a42:	54 e1       	ldi	r21, 0x14	; 20
    1a44:	58 9f       	mul	r21, r24
    1a46:	b0 01       	movw	r22, r0
    1a48:	59 9f       	mul	r21, r25
    1a4a:	70 0d       	add	r23, r0
    1a4c:	11 24       	eor	r1, r1
    1a4e:	c6 0f       	add	r28, r22
    1a50:	d7 1f       	adc	r29, r23
    1a52:	c4 0f       	add	r28, r20
    1a54:	d1 1d       	adc	r29, r1
    1a56:	1b 82       	std	Y+3, r1	; 0x03
    1a58:	23 c0       	rjmp	.+70     	; 0x1aa0 <__vector_18+0x1be>
    1a5a:	f0 e0       	ldi	r31, 0x00	; 0
    1a5c:	ed 54       	subi	r30, 0x4D	; 77
    1a5e:	fc 4f       	sbci	r31, 0xFC	; 252
    1a60:	90 81       	ld	r25, Z
    1a62:	90 32       	cpi	r25, 0x20	; 32
    1a64:	a1 f4       	brne	.+40     	; 0x1a8e <__vector_18+0x1ac>
    1a66:	81 50       	subi	r24, 0x01	; 1
    1a68:	80 93 af 03 	sts	0x03AF, r24	; 0x8003af <_ZZ11__vector_18E11field_index>
    1a6c:	de 01       	movw	r26, r28
    1a6e:	94 e1       	ldi	r25, 0x14	; 20
    1a70:	89 9f       	mul	r24, r25
    1a72:	a0 0d       	add	r26, r0
    1a74:	b1 1d       	adc	r27, r1
    1a76:	11 24       	eor	r1, r1
    1a78:	13 96       	adiw	r26, 0x03	; 3
    1a7a:	fd 01       	movw	r30, r26
    1a7c:	01 90       	ld	r0, Z+
    1a7e:	00 20       	and	r0, r0
    1a80:	e9 f7       	brne	.-6      	; 0x1a7c <__vector_18+0x19a>
    1a82:	31 97       	sbiw	r30, 0x01	; 1
    1a84:	ea 1b       	sub	r30, r26
    1a86:	fb 0b       	sbc	r31, r27
    1a88:	e0 93 ae 03 	sts	0x03AE, r30	; 0x8003ae <_ZZ11__vector_18E9field_len>
    1a8c:	09 c0       	rjmp	.+18     	; 0x1aa0 <__vector_18+0x1be>
    1a8e:	94 e1       	ldi	r25, 0x14	; 20
    1a90:	89 9f       	mul	r24, r25
    1a92:	c0 0d       	add	r28, r0
    1a94:	d1 1d       	adc	r29, r1
    1a96:	11 24       	eor	r1, r1
    1a98:	1b 82       	std	Y+3, r1	; 0x03
    1a9a:	81 50       	subi	r24, 0x01	; 1
    1a9c:	80 93 af 03 	sts	0x03AF, r24	; 0x8003af <_ZZ11__vector_18E11field_index>
    1aa0:	80 91 f2 03 	lds	r24, 0x03F2	; 0x8003f2 <_ZZ11__vector_18E9charIndex>
    1aa4:	e8 2f       	mov	r30, r24
    1aa6:	f0 e0       	ldi	r31, 0x00	; 0
    1aa8:	ed 54       	subi	r30, 0x4D	; 77
    1aaa:	fc 4f       	sbci	r31, 0xFC	; 252
    1aac:	10 82       	st	Z, r1
    1aae:	81 11       	cpse	r24, r1
    1ab0:	93 c0       	rjmp	.+294    	; 0x1bd8 <__vector_18+0x2f6>
    1ab2:	10 92 b2 03 	sts	0x03B2, r1	; 0x8003b2 <_ZZ11__vector_18E13receiving_msg>
    1ab6:	90 c0       	rjmp	.+288    	; 0x1bd8 <__vector_18+0x2f6>
    1ab8:	20 32       	cpi	r18, 0x20	; 32
    1aba:	79 f5       	brne	.+94     	; 0x1b1a <__vector_18+0x238>
    1abc:	fa 01       	movw	r30, r20
    1abe:	ee 54       	subi	r30, 0x4E	; 78
    1ac0:	fc 4f       	sbci	r31, 0xFC	; 252
    1ac2:	80 81       	ld	r24, Z
    1ac4:	80 32       	cpi	r24, 0x20	; 32
    1ac6:	09 f4       	brne	.+2      	; 0x1aca <__vector_18+0x1e8>
    1ac8:	94 c0       	rjmp	.+296    	; 0x1bf2 <__vector_18+0x310>
    1aca:	80 91 af 03 	lds	r24, 0x03AF	; 0x8003af <_ZZ11__vector_18E11field_index>
    1ace:	68 2f       	mov	r22, r24
    1ad0:	70 e0       	ldi	r23, 0x00	; 0
    1ad2:	fb 01       	movw	r30, r22
    1ad4:	31 96       	adiw	r30, 0x01	; 1
    1ad6:	33 97       	sbiw	r30, 0x03	; 3
    1ad8:	0c f0       	brlt	.+2      	; 0x1adc <__vector_18+0x1fa>
    1ada:	8b c0       	rjmp	.+278    	; 0x1bf2 <__vector_18+0x310>
    1adc:	88 23       	and	r24, r24
    1ade:	79 f0       	breq	.+30     	; 0x1afe <__vector_18+0x21c>
    1ae0:	61 50       	subi	r22, 0x01	; 1
    1ae2:	71 09       	sbc	r23, r1
    1ae4:	90 91 ae 03 	lds	r25, 0x03AE	; 0x8003ae <_ZZ11__vector_18E9field_len>
    1ae8:	a4 e1       	ldi	r26, 0x14	; 20
    1aea:	a6 9f       	mul	r26, r22
    1aec:	f0 01       	movw	r30, r0
    1aee:	a7 9f       	mul	r26, r23
    1af0:	f0 0d       	add	r31, r0
    1af2:	11 24       	eor	r1, r1
    1af4:	ce 0f       	add	r28, r30
    1af6:	df 1f       	adc	r29, r31
    1af8:	c9 0f       	add	r28, r25
    1afa:	d1 1d       	adc	r29, r1
    1afc:	1b 82       	std	Y+3, r1	; 0x03
    1afe:	8f 5f       	subi	r24, 0xFF	; 255
    1b00:	80 93 af 03 	sts	0x03AF, r24	; 0x8003af <_ZZ11__vector_18E11field_index>
    1b04:	10 92 ae 03 	sts	0x03AE, r1	; 0x8003ae <_ZZ11__vector_18E9field_len>
    1b08:	4f 5f       	subi	r20, 0xFF	; 255
    1b0a:	5f 4f       	sbci	r21, 0xFF	; 255
    1b0c:	4e 33       	cpi	r20, 0x3E	; 62
    1b0e:	51 05       	cpc	r21, r1
    1b10:	0c f0       	brlt	.+2      	; 0x1b14 <__vector_18+0x232>
    1b12:	4e e3       	ldi	r20, 0x3E	; 62
    1b14:	40 93 f2 03 	sts	0x03F2, r20	; 0x8003f2 <_ZZ11__vector_18E9charIndex>
    1b18:	5f c0       	rjmp	.+190    	; 0x1bd8 <__vector_18+0x2f6>
    1b1a:	80 91 ae 03 	lds	r24, 0x03AE	; 0x8003ae <_ZZ11__vector_18E9field_len>
    1b1e:	84 31       	cpi	r24, 0x14	; 20
    1b20:	08 f0       	brcs	.+2      	; 0x1b24 <__vector_18+0x242>
    1b22:	67 c0       	rjmp	.+206    	; 0x1bf2 <__vector_18+0x310>
    1b24:	40 91 af 03 	lds	r20, 0x03AF	; 0x8003af <_ZZ11__vector_18E11field_index>
    1b28:	41 11       	cpse	r20, r1
    1b2a:	19 c0       	rjmp	.+50     	; 0x1b5e <__vector_18+0x27c>
    1b2c:	40 91 b0 03 	lds	r20, 0x03B0	; 0x8003b0 <_ZZ11__vector_18E6msg_ID>
    1b30:	50 91 b1 03 	lds	r21, 0x03B1	; 0x8003b1 <_ZZ11__vector_18E6msg_ID+0x1>
    1b34:	ba 01       	movw	r22, r20
    1b36:	66 0f       	add	r22, r22
    1b38:	77 1f       	adc	r23, r23
    1b3a:	44 0f       	add	r20, r20
    1b3c:	55 1f       	adc	r21, r21
    1b3e:	44 0f       	add	r20, r20
    1b40:	55 1f       	adc	r21, r21
    1b42:	44 0f       	add	r20, r20
    1b44:	55 1f       	adc	r21, r21
    1b46:	46 0f       	add	r20, r22
    1b48:	57 1f       	adc	r21, r23
    1b4a:	42 0f       	add	r20, r18
    1b4c:	51 1d       	adc	r21, r1
    1b4e:	50 93 b1 03 	sts	0x03B1, r21	; 0x8003b1 <_ZZ11__vector_18E6msg_ID+0x1>
    1b52:	40 93 b0 03 	sts	0x03B0, r20	; 0x8003b0 <_ZZ11__vector_18E6msg_ID>
    1b56:	8f 5f       	subi	r24, 0xFF	; 255
    1b58:	80 93 ae 03 	sts	0x03AE, r24	; 0x8003ae <_ZZ11__vector_18E9field_len>
    1b5c:	16 c0       	rjmp	.+44     	; 0x1b8a <__vector_18+0x2a8>
    1b5e:	50 e0       	ldi	r21, 0x00	; 0
    1b60:	41 50       	subi	r20, 0x01	; 1
    1b62:	51 09       	sbc	r21, r1
    1b64:	91 e0       	ldi	r25, 0x01	; 1
    1b66:	98 0f       	add	r25, r24
    1b68:	90 93 ae 03 	sts	0x03AE, r25	; 0x8003ae <_ZZ11__vector_18E9field_len>
    1b6c:	e4 e1       	ldi	r30, 0x14	; 20
    1b6e:	e4 9f       	mul	r30, r20
    1b70:	b0 01       	movw	r22, r0
    1b72:	e5 9f       	mul	r30, r21
    1b74:	70 0d       	add	r23, r0
    1b76:	11 24       	eor	r1, r1
    1b78:	c6 0f       	add	r28, r22
    1b7a:	d7 1f       	adc	r29, r23
    1b7c:	fe 01       	movw	r30, r28
    1b7e:	e8 0f       	add	r30, r24
    1b80:	f1 1d       	adc	r31, r1
    1b82:	23 83       	std	Z+3, r18	; 0x03
    1b84:	c9 0f       	add	r28, r25
    1b86:	d1 1d       	adc	r29, r1
    1b88:	1b 82       	std	Y+3, r1	; 0x03
    1b8a:	80 91 f2 03 	lds	r24, 0x03F2	; 0x8003f2 <_ZZ11__vector_18E9charIndex>
    1b8e:	90 e0       	ldi	r25, 0x00	; 0
    1b90:	01 96       	adiw	r24, 0x01	; 1
    1b92:	8e 33       	cpi	r24, 0x3E	; 62
    1b94:	91 05       	cpc	r25, r1
    1b96:	0c f0       	brlt	.+2      	; 0x1b9a <__vector_18+0x2b8>
    1b98:	8e e3       	ldi	r24, 0x3E	; 62
    1b9a:	80 93 f2 03 	sts	0x03F2, r24	; 0x8003f2 <_ZZ11__vector_18E9charIndex>
    1b9e:	1c c0       	rjmp	.+56     	; 0x1bd8 <__vector_18+0x2f6>
    1ba0:	2f 37       	cpi	r18, 0x7F	; 127
    1ba2:	41 f4       	brne	.+16     	; 0x1bb4 <__vector_18+0x2d2>
    1ba4:	80 91 b0 03 	lds	r24, 0x03B0	; 0x8003b0 <_ZZ11__vector_18E6msg_ID>
    1ba8:	90 91 b1 03 	lds	r25, 0x03B1	; 0x8003b1 <_ZZ11__vector_18E6msg_ID+0x1>
    1bac:	18 16       	cp	r1, r24
    1bae:	19 06       	cpc	r1, r25
    1bb0:	bc f0       	brlt	.+46     	; 0x1be0 <__vector_18+0x2fe>
    1bb2:	1b c0       	rjmp	.+54     	; 0x1bea <__vector_18+0x308>
    1bb4:	20 32       	cpi	r18, 0x20	; 32
    1bb6:	e9 f0       	breq	.+58     	; 0x1bf2 <__vector_18+0x310>
    1bb8:	10 92 af 03 	sts	0x03AF, r1	; 0x8003af <_ZZ11__vector_18E11field_index>
    1bbc:	c9 01       	movw	r24, r18
    1bbe:	99 27       	eor	r25, r25
    1bc0:	90 93 b1 03 	sts	0x03B1, r25	; 0x8003b1 <_ZZ11__vector_18E6msg_ID+0x1>
    1bc4:	80 93 b0 03 	sts	0x03B0, r24	; 0x8003b0 <_ZZ11__vector_18E6msg_ID>
    1bc8:	1b 82       	std	Y+3, r1	; 0x03
    1bca:	1f 8a       	std	Y+23, r1	; 0x17
    1bcc:	1b a6       	std	Y+43, r1	; 0x2b
    1bce:	81 e0       	ldi	r24, 0x01	; 1
    1bd0:	80 93 b2 03 	sts	0x03B2, r24	; 0x8003b2 <_ZZ11__vector_18E13receiving_msg>
    1bd4:	80 93 f2 03 	sts	0x03F2, r24	; 0x8003f2 <_ZZ11__vector_18E9charIndex>
    1bd8:	82 2f       	mov	r24, r18
    1bda:	0e 94 ed 0a 	call	0x15da	; 0x15da <lb_echo_char>
    1bde:	09 c0       	rjmp	.+18     	; 0x1bf2 <__vector_18+0x310>
    1be0:	10 92 b1 03 	sts	0x03B1, r1	; 0x8003b1 <_ZZ11__vector_18E6msg_ID+0x1>
    1be4:	10 92 b0 03 	sts	0x03B0, r1	; 0x8003b0 <_ZZ11__vector_18E6msg_ID>
    1be8:	f7 cf       	rjmp	.-18     	; 0x1bd8 <__vector_18+0x2f6>
    1bea:	10 92 b1 03 	sts	0x03B1, r1	; 0x8003b1 <_ZZ11__vector_18E6msg_ID+0x1>
    1bee:	10 92 b0 03 	sts	0x03B0, r1	; 0x8003b0 <_ZZ11__vector_18E6msg_ID>
    1bf2:	ff 91       	pop	r31
    1bf4:	ef 91       	pop	r30
    1bf6:	df 91       	pop	r29
    1bf8:	cf 91       	pop	r28
    1bfa:	bf 91       	pop	r27
    1bfc:	af 91       	pop	r26
    1bfe:	9f 91       	pop	r25
    1c00:	8f 91       	pop	r24
    1c02:	7f 91       	pop	r23
    1c04:	6f 91       	pop	r22
    1c06:	5f 91       	pop	r21
    1c08:	4f 91       	pop	r20
    1c0a:	3f 91       	pop	r19
    1c0c:	2f 91       	pop	r18
    1c0e:	1f 91       	pop	r17
    1c10:	0f 90       	pop	r0
    1c12:	0f be       	out	0x3f, r0	; 63
    1c14:	0f 90       	pop	r0
    1c16:	1f 90       	pop	r1
    1c18:	18 95       	reti

00001c1a <__vector_19>:
    1c1a:	1f 92       	push	r1
    1c1c:	0f 92       	push	r0
    1c1e:	0f b6       	in	r0, 0x3f	; 63
    1c20:	0f 92       	push	r0
    1c22:	11 24       	eor	r1, r1
    1c24:	2f 93       	push	r18
    1c26:	3f 93       	push	r19
    1c28:	4f 93       	push	r20
    1c2a:	5f 93       	push	r21
    1c2c:	6f 93       	push	r22
    1c2e:	7f 93       	push	r23
    1c30:	8f 93       	push	r24
    1c32:	9f 93       	push	r25
    1c34:	af 93       	push	r26
    1c36:	bf 93       	push	r27
    1c38:	ef 93       	push	r30
    1c3a:	ff 93       	push	r31
    1c3c:	80 91 ac 03 	lds	r24, 0x03AC	; 0x8003ac <_ZZ11__vector_19E4buff>
    1c40:	90 91 ad 03 	lds	r25, 0x03AD	; 0x8003ad <_ZZ11__vector_19E4buff+0x1>
    1c44:	89 2b       	or	r24, r25
    1c46:	31 f4       	brne	.+12     	; 0x1c54 <__vector_19+0x3a>
    1c48:	0e 94 ac 09 	call	0x1358	; 0x1358 <nextFullTxBuffer>
    1c4c:	90 93 ad 03 	sts	0x03AD, r25	; 0x8003ad <_ZZ11__vector_19E4buff+0x1>
    1c50:	80 93 ac 03 	sts	0x03AC, r24	; 0x8003ac <_ZZ11__vector_19E4buff>
    1c54:	e0 91 ac 03 	lds	r30, 0x03AC	; 0x8003ac <_ZZ11__vector_19E4buff>
    1c58:	f0 91 ad 03 	lds	r31, 0x03AD	; 0x8003ad <_ZZ11__vector_19E4buff+0x1>
    1c5c:	80 91 ab 03 	lds	r24, 0x03AB	; 0x8003ab <_ZZ11__vector_19E9charIndex>
    1c60:	df 01       	movw	r26, r30
    1c62:	a8 0f       	add	r26, r24
    1c64:	b1 1d       	adc	r27, r1
    1c66:	9c 91       	ld	r25, X
    1c68:	99 23       	and	r25, r25
    1c6a:	31 f0       	breq	.+12     	; 0x1c78 <__vector_19+0x5e>
    1c6c:	8f 5f       	subi	r24, 0xFF	; 255
    1c6e:	80 93 ab 03 	sts	0x03AB, r24	; 0x8003ab <_ZZ11__vector_19E9charIndex>
    1c72:	90 93 c6 00 	sts	0x00C6, r25	; 0x8000c6 <__TEXT_REGION_LENGTH__+0x7f80c6>
    1c76:	0d c0       	rjmp	.+26     	; 0x1c92 <__vector_19+0x78>
    1c78:	10 92 ab 03 	sts	0x03AB, r1	; 0x8003ab <_ZZ11__vector_19E9charIndex>
    1c7c:	10 82       	st	Z, r1
    1c7e:	0e 94 ac 09 	call	0x1358	; 0x1358 <nextFullTxBuffer>
    1c82:	90 93 ad 03 	sts	0x03AD, r25	; 0x8003ad <_ZZ11__vector_19E4buff+0x1>
    1c86:	80 93 ac 03 	sts	0x03AC, r24	; 0x8003ac <_ZZ11__vector_19E4buff>
    1c8a:	89 2b       	or	r24, r25
    1c8c:	11 f4       	brne	.+4      	; 0x1c92 <__vector_19+0x78>
    1c8e:	0e 94 3b 0a 	call	0x1476	; 0x1476 <linkbus_end_tx>
    1c92:	ff 91       	pop	r31
    1c94:	ef 91       	pop	r30
    1c96:	bf 91       	pop	r27
    1c98:	af 91       	pop	r26
    1c9a:	9f 91       	pop	r25
    1c9c:	8f 91       	pop	r24
    1c9e:	7f 91       	pop	r23
    1ca0:	6f 91       	pop	r22
    1ca2:	5f 91       	pop	r21
    1ca4:	4f 91       	pop	r20
    1ca6:	3f 91       	pop	r19
    1ca8:	2f 91       	pop	r18
    1caa:	0f 90       	pop	r0
    1cac:	0f be       	out	0x3f, r0	; 63
    1cae:	0f 90       	pop	r0
    1cb0:	1f 90       	pop	r1
    1cb2:	18 95       	reti

00001cb4 <__vector_8>:
    1cb4:	1f 92       	push	r1
    1cb6:	0f 92       	push	r0
    1cb8:	0f b6       	in	r0, 0x3f	; 63
    1cba:	0f 92       	push	r0
    1cbc:	11 24       	eor	r1, r1
    1cbe:	1f 93       	push	r17
    1cc0:	2f 93       	push	r18
    1cc2:	3f 93       	push	r19
    1cc4:	4f 93       	push	r20
    1cc6:	5f 93       	push	r21
    1cc8:	6f 93       	push	r22
    1cca:	7f 93       	push	r23
    1ccc:	8f 93       	push	r24
    1cce:	9f 93       	push	r25
    1cd0:	af 93       	push	r26
    1cd2:	bf 93       	push	r27
    1cd4:	ef 93       	push	r30
    1cd6:	ff 93       	push	r31
    1cd8:	cf 93       	push	r28
    1cda:	df 93       	push	r29
    1cdc:	00 d0       	rcall	.+0      	; 0x1cde <__vector_8+0x2a>
    1cde:	cd b7       	in	r28, 0x3d	; 61
    1ce0:	de b7       	in	r29, 0x3e	; 62
    1ce2:	80 91 ff 03 	lds	r24, 0x03FF	; 0x8003ff <g_tick_count>
    1ce6:	90 91 00 04 	lds	r25, 0x0400	; 0x800400 <g_tick_count+0x1>
    1cea:	a0 91 01 04 	lds	r26, 0x0401	; 0x800401 <g_tick_count+0x2>
    1cee:	b0 91 02 04 	lds	r27, 0x0402	; 0x800402 <g_tick_count+0x3>
    1cf2:	01 96       	adiw	r24, 0x01	; 1
    1cf4:	a1 1d       	adc	r26, r1
    1cf6:	b1 1d       	adc	r27, r1
    1cf8:	80 93 ff 03 	sts	0x03FF, r24	; 0x8003ff <g_tick_count>
    1cfc:	90 93 00 04 	sts	0x0400, r25	; 0x800400 <g_tick_count+0x1>
    1d00:	a0 93 01 04 	sts	0x0401, r26	; 0x800401 <g_tick_count+0x2>
    1d04:	b0 93 02 04 	sts	0x0402, r27	; 0x800402 <g_tick_count+0x3>
    1d08:	80 91 5d 04 	lds	r24, 0x045D	; 0x80045d <g_dtmf_error_countdown>
    1d0c:	90 91 5e 04 	lds	r25, 0x045E	; 0x80045e <g_dtmf_error_countdown+0x1>
    1d10:	89 2b       	or	r24, r25
    1d12:	49 f0       	breq	.+18     	; 0x1d26 <__vector_8+0x72>
    1d14:	80 91 5d 04 	lds	r24, 0x045D	; 0x80045d <g_dtmf_error_countdown>
    1d18:	90 91 5e 04 	lds	r25, 0x045E	; 0x80045e <g_dtmf_error_countdown+0x1>
    1d1c:	01 97       	sbiw	r24, 0x01	; 1
    1d1e:	90 93 5e 04 	sts	0x045E, r25	; 0x80045e <g_dtmf_error_countdown+0x1>
    1d22:	80 93 5d 04 	sts	0x045D, r24	; 0x80045d <g_dtmf_error_countdown>
    1d26:	80 91 0a 01 	lds	r24, 0x010A	; 0x80010a <g_att_rf_shutdown_delay>
    1d2a:	90 91 0b 01 	lds	r25, 0x010B	; 0x80010b <g_att_rf_shutdown_delay+0x1>
    1d2e:	89 2b       	or	r24, r25
    1d30:	49 f0       	breq	.+18     	; 0x1d44 <__vector_8+0x90>
    1d32:	80 91 0a 01 	lds	r24, 0x010A	; 0x80010a <g_att_rf_shutdown_delay>
    1d36:	90 91 0b 01 	lds	r25, 0x010B	; 0x80010b <g_att_rf_shutdown_delay+0x1>
    1d3a:	01 97       	sbiw	r24, 0x01	; 1
    1d3c:	90 93 0b 01 	sts	0x010B, r25	; 0x80010b <g_att_rf_shutdown_delay+0x1>
    1d40:	80 93 0a 01 	sts	0x010A, r24	; 0x80010a <g_att_rf_shutdown_delay>
    1d44:	80 91 fb 03 	lds	r24, 0x03FB	; 0x8003fb <g_LED_Enunciation_holdoff>
    1d48:	90 91 fc 03 	lds	r25, 0x03FC	; 0x8003fc <g_LED_Enunciation_holdoff+0x1>
    1d4c:	89 2b       	or	r24, r25
    1d4e:	49 f0       	breq	.+18     	; 0x1d62 <__vector_8+0xae>
    1d50:	80 91 fb 03 	lds	r24, 0x03FB	; 0x8003fb <g_LED_Enunciation_holdoff>
    1d54:	90 91 fc 03 	lds	r25, 0x03FC	; 0x8003fc <g_LED_Enunciation_holdoff+0x1>
    1d58:	01 97       	sbiw	r24, 0x01	; 1
    1d5a:	90 93 fc 03 	sts	0x03FC, r25	; 0x8003fc <g_LED_Enunciation_holdoff+0x1>
    1d5e:	80 93 fb 03 	sts	0x03FB, r24	; 0x8003fb <g_LED_Enunciation_holdoff>
    1d62:	80 91 3b 04 	lds	r24, 0x043B	; 0x80043b <g_dtmf_detected>
    1d66:	88 23       	and	r24, r24
    1d68:	81 f0       	breq	.+32     	; 0x1d8a <__vector_8+0xd6>
    1d6a:	80 91 fd 03 	lds	r24, 0x03FD	; 0x8003fd <g_tone_duration_ticks>
    1d6e:	90 91 fe 03 	lds	r25, 0x03FE	; 0x8003fe <g_tone_duration_ticks+0x1>
    1d72:	01 96       	adiw	r24, 0x01	; 1
    1d74:	90 93 fe 03 	sts	0x03FE, r25	; 0x8003fe <g_tone_duration_ticks+0x1>
    1d78:	80 93 fd 03 	sts	0x03FD, r24	; 0x8003fd <g_tone_duration_ticks>
    1d7c:	84 e9       	ldi	r24, 0x94	; 148
    1d7e:	95 e0       	ldi	r25, 0x05	; 5
    1d80:	90 93 fc 03 	sts	0x03FC, r25	; 0x8003fc <g_LED_Enunciation_holdoff+0x1>
    1d84:	80 93 fb 03 	sts	0x03FB, r24	; 0x8003fb <g_LED_Enunciation_holdoff>
    1d88:	04 c0       	rjmp	.+8      	; 0x1d92 <__vector_8+0xde>
    1d8a:	10 92 fe 03 	sts	0x03FE, r1	; 0x8003fe <g_tone_duration_ticks+0x1>
    1d8e:	10 92 fd 03 	sts	0x03FD, r1	; 0x8003fd <g_tone_duration_ticks>
    1d92:	80 91 f7 03 	lds	r24, 0x03F7	; 0x8003f7 <g_DTMF_sentence_in_progress_ticks>
    1d96:	90 91 f8 03 	lds	r25, 0x03F8	; 0x8003f8 <g_DTMF_sentence_in_progress_ticks+0x1>
    1d9a:	a0 91 f9 03 	lds	r26, 0x03F9	; 0x8003f9 <g_DTMF_sentence_in_progress_ticks+0x2>
    1d9e:	b0 91 fa 03 	lds	r27, 0x03FA	; 0x8003fa <g_DTMF_sentence_in_progress_ticks+0x3>
    1da2:	89 2b       	or	r24, r25
    1da4:	8a 2b       	or	r24, r26
    1da6:	8b 2b       	or	r24, r27
    1da8:	99 f0       	breq	.+38     	; 0x1dd0 <__vector_8+0x11c>
    1daa:	80 91 f7 03 	lds	r24, 0x03F7	; 0x8003f7 <g_DTMF_sentence_in_progress_ticks>
    1dae:	90 91 f8 03 	lds	r25, 0x03F8	; 0x8003f8 <g_DTMF_sentence_in_progress_ticks+0x1>
    1db2:	a0 91 f9 03 	lds	r26, 0x03F9	; 0x8003f9 <g_DTMF_sentence_in_progress_ticks+0x2>
    1db6:	b0 91 fa 03 	lds	r27, 0x03FA	; 0x8003fa <g_DTMF_sentence_in_progress_ticks+0x3>
    1dba:	01 97       	sbiw	r24, 0x01	; 1
    1dbc:	a1 09       	sbc	r26, r1
    1dbe:	b1 09       	sbc	r27, r1
    1dc0:	80 93 f7 03 	sts	0x03F7, r24	; 0x8003f7 <g_DTMF_sentence_in_progress_ticks>
    1dc4:	90 93 f8 03 	sts	0x03F8, r25	; 0x8003f8 <g_DTMF_sentence_in_progress_ticks+0x1>
    1dc8:	a0 93 f9 03 	sts	0x03F9, r26	; 0x8003f9 <g_DTMF_sentence_in_progress_ticks+0x2>
    1dcc:	b0 93 fa 03 	sts	0x03FA, r27	; 0x8003fa <g_DTMF_sentence_in_progress_ticks+0x3>
    1dd0:	81 e0       	ldi	r24, 0x01	; 1
    1dd2:	89 83       	std	Y+1, r24	; 0x01
    1dd4:	1a 82       	std	Y+2, r1	; 0x02
    1dd6:	81 e1       	ldi	r24, 0x11	; 17
    1dd8:	0e 94 73 03 	call	0x6e6	; 0x6e6 <digitalRead>
    1ddc:	18 2f       	mov	r17, r24
    1dde:	80 91 2f 04 	lds	r24, 0x042F	; 0x80042f <g_reset_button_held>
    1de2:	88 23       	and	r24, r24
    1de4:	09 f4       	brne	.+2      	; 0x1de8 <__vector_8+0x134>
    1de6:	5c c1       	rjmp	.+696    	; 0x20a0 <__vector_8+0x3ec>
    1de8:	11 23       	and	r17, r17
    1dea:	09 f4       	brne	.+2      	; 0x1dee <__vector_8+0x13a>
    1dec:	5c c1       	rjmp	.+696    	; 0x20a6 <__vector_8+0x3f2>
    1dee:	58 c1       	rjmp	.+688    	; 0x20a0 <__vector_8+0x3ec>
    1df0:	61 e0       	ldi	r22, 0x01	; 1
    1df2:	80 e1       	ldi	r24, 0x10	; 16
    1df4:	0e 94 be 03 	call	0x77c	; 0x77c <digitalWrite>
    1df8:	1b c0       	rjmp	.+54     	; 0x1e30 <__vector_8+0x17c>
    1dfa:	80 91 63 04 	lds	r24, 0x0463	; 0x800463 <g_seconds_since_powerup>
    1dfe:	90 91 64 04 	lds	r25, 0x0464	; 0x800464 <g_seconds_since_powerup+0x1>
    1e02:	a0 91 65 04 	lds	r26, 0x0465	; 0x800465 <g_seconds_since_powerup+0x2>
    1e06:	b0 91 66 04 	lds	r27, 0x0466	; 0x800466 <g_seconds_since_powerup+0x3>
    1e0a:	05 97       	sbiw	r24, 0x05	; 5
    1e0c:	a1 05       	cpc	r26, r1
    1e0e:	b1 05       	cpc	r27, r1
    1e10:	79 f4       	brne	.+30     	; 0x1e30 <__vector_8+0x17c>
    1e12:	86 e0       	ldi	r24, 0x06	; 6
    1e14:	90 e0       	ldi	r25, 0x00	; 0
    1e16:	a0 e0       	ldi	r26, 0x00	; 0
    1e18:	b0 e0       	ldi	r27, 0x00	; 0
    1e1a:	80 93 63 04 	sts	0x0463, r24	; 0x800463 <g_seconds_since_powerup>
    1e1e:	90 93 64 04 	sts	0x0464, r25	; 0x800464 <g_seconds_since_powerup+0x1>
    1e22:	a0 93 65 04 	sts	0x0465, r26	; 0x800465 <g_seconds_since_powerup+0x2>
    1e26:	b0 93 66 04 	sts	0x0466, r27	; 0x800466 <g_seconds_since_powerup+0x3>
    1e2a:	81 e0       	ldi	r24, 0x01	; 1
    1e2c:	80 93 2e 04 	sts	0x042E, r24	; 0x80042e <g_perform_EEPROM_reset>
    1e30:	80 91 02 01 	lds	r24, 0x0102	; 0x800102 <_ZZ10__vector_8E15holdButtonState>
    1e34:	18 13       	cpse	r17, r24
    1e36:	28 c0       	rjmp	.+80     	; 0x1e88 <__vector_8+0x1d4>
    1e38:	80 91 3d 04 	lds	r24, 0x043D	; 0x80043d <g_sync_pin_timer>
    1e3c:	90 91 3e 04 	lds	r25, 0x043E	; 0x80043e <g_sync_pin_timer+0x1>
    1e40:	8b 3b       	cpi	r24, 0xBB	; 187
    1e42:	90 41       	sbci	r25, 0x10	; 16
    1e44:	4c f4       	brge	.+18     	; 0x1e58 <__vector_8+0x1a4>
    1e46:	80 91 3d 04 	lds	r24, 0x043D	; 0x80043d <g_sync_pin_timer>
    1e4a:	90 91 3e 04 	lds	r25, 0x043E	; 0x80043e <g_sync_pin_timer+0x1>
    1e4e:	01 96       	adiw	r24, 0x01	; 1
    1e50:	90 93 3e 04 	sts	0x043E, r25	; 0x80043e <g_sync_pin_timer+0x1>
    1e54:	80 93 3d 04 	sts	0x043D, r24	; 0x80043d <g_sync_pin_timer>
    1e58:	80 91 3d 04 	lds	r24, 0x043D	; 0x80043d <g_sync_pin_timer>
    1e5c:	90 91 3e 04 	lds	r25, 0x043E	; 0x80043e <g_sync_pin_timer+0x1>
    1e60:	80 39       	cpi	r24, 0x90	; 144
    1e62:	91 05       	cpc	r25, r1
    1e64:	bc f0       	brlt	.+46     	; 0x1e94 <__vector_8+0x1e0>
    1e66:	11 30       	cpi	r17, 0x01	; 1
    1e68:	09 f4       	brne	.+2      	; 0x1e6c <__vector_8+0x1b8>
    1e6a:	2b c1       	rjmp	.+598    	; 0x20c2 <__vector_8+0x40e>
    1e6c:	82 e0       	ldi	r24, 0x02	; 2
    1e6e:	80 93 3c 04 	sts	0x043C, r24	; 0x80043c <g_sync_pin_stable>
    1e72:	11 11       	cpse	r17, r1
    1e74:	0f c0       	rjmp	.+30     	; 0x1e94 <__vector_8+0x1e0>
    1e76:	80 91 2f 04 	lds	r24, 0x042F	; 0x80042f <g_reset_button_held>
    1e7a:	81 11       	cpse	r24, r1
    1e7c:	0b c0       	rjmp	.+22     	; 0x1e94 <__vector_8+0x1e0>
    1e7e:	61 e0       	ldi	r22, 0x01	; 1
    1e80:	80 e1       	ldi	r24, 0x10	; 16
    1e82:	0e 94 be 03 	call	0x77c	; 0x77c <digitalWrite>
    1e86:	06 c0       	rjmp	.+12     	; 0x1e94 <__vector_8+0x1e0>
    1e88:	10 93 02 01 	sts	0x0102, r17	; 0x800102 <_ZZ10__vector_8E15holdButtonState>
    1e8c:	10 92 3e 04 	sts	0x043E, r1	; 0x80043e <g_sync_pin_timer+0x1>
    1e90:	10 92 3d 04 	sts	0x043D, r1	; 0x80043d <g_sync_pin_timer>
    1e94:	80 91 0e 01 	lds	r24, 0x010E	; 0x80010e <g_transmissions_disabled>
    1e98:	81 11       	cpse	r24, r1
    1e9a:	17 c1       	rjmp	.+558    	; 0x20ca <__vector_8+0x416>
    1e9c:	80 91 61 04 	lds	r24, 0x0461	; 0x800461 <g_on_the_air>
    1ea0:	88 23       	and	r24, r24
    1ea2:	09 f4       	brne	.+2      	; 0x1ea6 <__vector_8+0x1f2>
    1ea4:	12 c1       	rjmp	.+548    	; 0x20ca <__vector_8+0x416>
    1ea6:	80 91 a9 03 	lds	r24, 0x03A9	; 0x8003a9 <_ZZ10__vector_8E11ptt_dropped>
    1eaa:	90 91 aa 03 	lds	r25, 0x03AA	; 0x8003aa <_ZZ10__vector_8E11ptt_dropped+0x1>
    1eae:	89 2b       	or	r24, r25
    1eb0:	09 f4       	brne	.+2      	; 0x1eb4 <__vector_8+0x200>
    1eb2:	11 c1       	rjmp	.+546    	; 0x20d6 <__vector_8+0x422>
    1eb4:	0a c1       	rjmp	.+532    	; 0x20ca <__vector_8+0x416>
    1eb6:	61 e0       	ldi	r22, 0x01	; 1
    1eb8:	84 e0       	ldi	r24, 0x04	; 4
    1eba:	0e 94 be 03 	call	0x77c	; 0x77c <digitalWrite>
    1ebe:	84 e9       	ldi	r24, 0x94	; 148
    1ec0:	95 e0       	ldi	r25, 0x05	; 5
    1ec2:	90 93 a8 03 	sts	0x03A8, r25	; 0x8003a8 <_ZZ10__vector_8E9ptt_delay+0x1>
    1ec6:	80 93 a7 03 	sts	0x03A7, r24	; 0x8003a7 <_ZZ10__vector_8E9ptt_delay>
    1eca:	11 c1       	rjmp	.+546    	; 0x20ee <__vector_8+0x43a>
    1ecc:	80 91 a7 03 	lds	r24, 0x03A7	; 0x8003a7 <_ZZ10__vector_8E9ptt_delay>
    1ed0:	90 91 a8 03 	lds	r25, 0x03A8	; 0x8003a8 <_ZZ10__vector_8E9ptt_delay+0x1>
    1ed4:	00 97       	sbiw	r24, 0x00	; 0
    1ed6:	31 f0       	breq	.+12     	; 0x1ee4 <__vector_8+0x230>
    1ed8:	01 97       	sbiw	r24, 0x01	; 1
    1eda:	90 93 a8 03 	sts	0x03A8, r25	; 0x8003a8 <_ZZ10__vector_8E9ptt_delay+0x1>
    1ede:	80 93 a7 03 	sts	0x03A7, r24	; 0x8003a7 <_ZZ10__vector_8E9ptt_delay>
    1ee2:	05 c1       	rjmp	.+522    	; 0x20ee <__vector_8+0x43a>
    1ee4:	80 91 a5 03 	lds	r24, 0x03A5	; 0x8003a5 <_ZZ10__vector_8E7codeInc>
    1ee8:	90 91 a6 03 	lds	r25, 0x03A6	; 0x8003a6 <_ZZ10__vector_8E7codeInc+0x1>
    1eec:	00 97       	sbiw	r24, 0x00	; 0
    1eee:	f1 f1       	breq	.+124    	; 0x1f6c <__vector_8+0x2b8>
    1ef0:	01 97       	sbiw	r24, 0x01	; 1
    1ef2:	90 93 a6 03 	sts	0x03A6, r25	; 0x8003a6 <_ZZ10__vector_8E7codeInc+0x1>
    1ef6:	80 93 a5 03 	sts	0x03A5, r24	; 0x8003a5 <_ZZ10__vector_8E7codeInc>
    1efa:	89 2b       	or	r24, r25
    1efc:	09 f0       	breq	.+2      	; 0x1f00 <__vector_8+0x24c>
    1efe:	f7 c0       	rjmp	.+494    	; 0x20ee <__vector_8+0x43a>
    1f00:	ae 01       	movw	r20, r28
    1f02:	4e 5f       	subi	r20, 0xFE	; 254
    1f04:	5f 4f       	sbci	r21, 0xFF	; 255
    1f06:	be 01       	movw	r22, r28
    1f08:	6f 5f       	subi	r22, 0xFF	; 255
    1f0a:	7f 4f       	sbci	r23, 0xFF	; 255
    1f0c:	80 e0       	ldi	r24, 0x00	; 0
    1f0e:	90 e0       	ldi	r25, 0x00	; 0
    1f10:	0e 94 35 15 	call	0x2a6a	; 0x2a6a <makeMorse>
    1f14:	80 93 a4 03 	sts	0x03A4, r24	; 0x8003a4 <_ZZ10__vector_8E3key>
    1f18:	89 81       	ldd	r24, Y+1	; 0x01
    1f1a:	81 11       	cpse	r24, r1
    1f1c:	14 c0       	rjmp	.+40     	; 0x1f46 <__vector_8+0x292>
    1f1e:	8a 81       	ldd	r24, Y+2	; 0x02
    1f20:	88 23       	and	r24, r24
    1f22:	89 f0       	breq	.+34     	; 0x1f46 <__vector_8+0x292>
    1f24:	10 92 a4 03 	sts	0x03A4, r1	; 0x8003a4 <_ZZ10__vector_8E3key>
    1f28:	81 e0       	ldi	r24, 0x01	; 1
    1f2a:	80 93 10 01 	sts	0x0110, r24	; 0x800110 <g_callsign_sent>
    1f2e:	80 91 40 04 	lds	r24, 0x0440	; 0x800440 <g_use_ptt_periodic_reset>
    1f32:	88 23       	and	r24, r24
    1f34:	41 f0       	breq	.+16     	; 0x1f46 <__vector_8+0x292>
    1f36:	10 92 61 04 	sts	0x0461, r1	; 0x800461 <g_on_the_air>
    1f3a:	84 e9       	ldi	r24, 0x94	; 148
    1f3c:	95 e0       	ldi	r25, 0x05	; 5
    1f3e:	90 93 aa 03 	sts	0x03AA, r25	; 0x8003aa <_ZZ10__vector_8E11ptt_dropped+0x1>
    1f42:	80 93 a9 03 	sts	0x03A9, r24	; 0x8003a9 <_ZZ10__vector_8E11ptt_dropped>
    1f46:	60 91 a4 03 	lds	r22, 0x03A4	; 0x8003a4 <_ZZ10__vector_8E3key>
    1f4a:	80 e1       	ldi	r24, 0x10	; 16
    1f4c:	0e 94 be 03 	call	0x77c	; 0x77c <digitalWrite>
    1f50:	60 91 a4 03 	lds	r22, 0x03A4	; 0x8003a4 <_ZZ10__vector_8E3key>
    1f54:	86 e0       	ldi	r24, 0x06	; 6
    1f56:	0e 94 be 03 	call	0x77c	; 0x77c <digitalWrite>
    1f5a:	80 91 a4 03 	lds	r24, 0x03A4	; 0x8003a4 <_ZZ10__vector_8E3key>
    1f5e:	80 93 4d 04 	sts	0x044D, r24	; 0x80044d <g_sendAMmodulation>
    1f62:	9f e2       	ldi	r25, 0x2F	; 47
    1f64:	97 bd       	out	0x27, r25	; 39
    1f66:	80 93 3f 04 	sts	0x043F, r24	; 0x80043f <g_audio_tone_state>
    1f6a:	c1 c0       	rjmp	.+386    	; 0x20ee <__vector_8+0x43a>
    1f6c:	80 91 3c 04 	lds	r24, 0x043C	; 0x80043c <g_sync_pin_stable>
    1f70:	82 30       	cpi	r24, 0x02	; 2
    1f72:	29 f0       	breq	.+10     	; 0x1f7e <__vector_8+0x2ca>
    1f74:	60 91 a4 03 	lds	r22, 0x03A4	; 0x8003a4 <_ZZ10__vector_8E3key>
    1f78:	80 e1       	ldi	r24, 0x10	; 16
    1f7a:	0e 94 be 03 	call	0x77c	; 0x77c <digitalWrite>
    1f7e:	60 91 a4 03 	lds	r22, 0x03A4	; 0x8003a4 <_ZZ10__vector_8E3key>
    1f82:	86 e0       	ldi	r24, 0x06	; 6
    1f84:	0e 94 be 03 	call	0x77c	; 0x77c <digitalWrite>
    1f88:	80 91 a4 03 	lds	r24, 0x03A4	; 0x8003a4 <_ZZ10__vector_8E3key>
    1f8c:	80 93 4d 04 	sts	0x044D, r24	; 0x80044d <g_sendAMmodulation>
    1f90:	9f e2       	ldi	r25, 0x2F	; 47
    1f92:	97 bd       	out	0x27, r25	; 39
    1f94:	80 93 3f 04 	sts	0x043F, r24	; 0x80043f <g_audio_tone_state>
    1f98:	80 91 5f 04 	lds	r24, 0x045F	; 0x80045f <g_code_throttle>
    1f9c:	90 91 60 04 	lds	r25, 0x0460	; 0x800460 <g_code_throttle+0x1>
    1fa0:	90 93 a6 03 	sts	0x03A6, r25	; 0x8003a6 <_ZZ10__vector_8E7codeInc+0x1>
    1fa4:	80 93 a5 03 	sts	0x03A5, r24	; 0x8003a5 <_ZZ10__vector_8E7codeInc>
    1fa8:	a2 c0       	rjmp	.+324    	; 0x20ee <__vector_8+0x43a>
    1faa:	80 91 a7 03 	lds	r24, 0x03A7	; 0x8003a7 <_ZZ10__vector_8E9ptt_delay>
    1fae:	90 91 a8 03 	lds	r25, 0x03A8	; 0x8003a8 <_ZZ10__vector_8E9ptt_delay+0x1>
    1fb2:	00 97       	sbiw	r24, 0x00	; 0
    1fb4:	39 f4       	brne	.+14     	; 0x1fc4 <__vector_8+0x310>
    1fb6:	84 e6       	ldi	r24, 0x64	; 100
    1fb8:	90 e0       	ldi	r25, 0x00	; 0
    1fba:	90 93 a8 03 	sts	0x03A8, r25	; 0x8003a8 <_ZZ10__vector_8E9ptt_delay+0x1>
    1fbe:	80 93 a7 03 	sts	0x03A7, r24	; 0x8003a7 <_ZZ10__vector_8E9ptt_delay>
    1fc2:	1c c0       	rjmp	.+56     	; 0x1ffc <__vector_8+0x348>
    1fc4:	01 97       	sbiw	r24, 0x01	; 1
    1fc6:	90 93 a8 03 	sts	0x03A8, r25	; 0x8003a8 <_ZZ10__vector_8E9ptt_delay+0x1>
    1fca:	80 93 a7 03 	sts	0x03A7, r24	; 0x8003a7 <_ZZ10__vector_8E9ptt_delay>
    1fce:	89 2b       	or	r24, r25
    1fd0:	a9 f4       	brne	.+42     	; 0x1ffc <__vector_8+0x348>
    1fd2:	60 e0       	ldi	r22, 0x00	; 0
    1fd4:	84 e0       	ldi	r24, 0x04	; 4
    1fd6:	0e 94 be 03 	call	0x77c	; 0x77c <digitalWrite>
    1fda:	10 c0       	rjmp	.+32     	; 0x1ffc <__vector_8+0x348>
    1fdc:	80 91 a9 03 	lds	r24, 0x03A9	; 0x8003a9 <_ZZ10__vector_8E11ptt_dropped>
    1fe0:	90 91 aa 03 	lds	r25, 0x03AA	; 0x8003aa <_ZZ10__vector_8E11ptt_dropped+0x1>
    1fe4:	00 97       	sbiw	r24, 0x00	; 0
    1fe6:	51 f0       	breq	.+20     	; 0x1ffc <__vector_8+0x348>
    1fe8:	01 97       	sbiw	r24, 0x01	; 1
    1fea:	90 93 aa 03 	sts	0x03AA, r25	; 0x8003aa <_ZZ10__vector_8E11ptt_dropped+0x1>
    1fee:	80 93 a9 03 	sts	0x03A9, r24	; 0x8003a9 <_ZZ10__vector_8E11ptt_dropped>
    1ff2:	89 2b       	or	r24, r25
    1ff4:	19 f4       	brne	.+6      	; 0x1ffc <__vector_8+0x348>
    1ff6:	81 e0       	ldi	r24, 0x01	; 1
    1ff8:	80 93 61 04 	sts	0x0461, r24	; 0x800461 <g_on_the_air>
    1ffc:	80 91 5c 04 	lds	r24, 0x045C	; 0x80045c <g_LED_enunciating>
    2000:	88 23       	and	r24, r24
    2002:	a9 f1       	breq	.+106    	; 0x206e <__vector_8+0x3ba>
    2004:	80 91 fb 03 	lds	r24, 0x03FB	; 0x8003fb <g_LED_Enunciation_holdoff>
    2008:	90 91 fc 03 	lds	r25, 0x03FC	; 0x8003fc <g_LED_Enunciation_holdoff+0x1>
    200c:	89 2b       	or	r24, r25
    200e:	e9 f5       	brne	.+122    	; 0x208a <__vector_8+0x3d6>
    2010:	80 91 a5 03 	lds	r24, 0x03A5	; 0x8003a5 <_ZZ10__vector_8E7codeInc>
    2014:	90 91 a6 03 	lds	r25, 0x03A6	; 0x8003a6 <_ZZ10__vector_8E7codeInc+0x1>
    2018:	00 97       	sbiw	r24, 0x00	; 0
    201a:	01 f1       	breq	.+64     	; 0x205c <__vector_8+0x3a8>
    201c:	01 97       	sbiw	r24, 0x01	; 1
    201e:	90 93 a6 03 	sts	0x03A6, r25	; 0x8003a6 <_ZZ10__vector_8E7codeInc+0x1>
    2022:	80 93 a5 03 	sts	0x03A5, r24	; 0x8003a5 <_ZZ10__vector_8E7codeInc>
    2026:	89 2b       	or	r24, r25
    2028:	81 f5       	brne	.+96     	; 0x208a <__vector_8+0x3d6>
    202a:	ae 01       	movw	r20, r28
    202c:	4e 5f       	subi	r20, 0xFE	; 254
    202e:	5f 4f       	sbci	r21, 0xFF	; 255
    2030:	be 01       	movw	r22, r28
    2032:	6f 5f       	subi	r22, 0xFF	; 255
    2034:	7f 4f       	sbci	r23, 0xFF	; 255
    2036:	80 e0       	ldi	r24, 0x00	; 0
    2038:	90 e0       	ldi	r25, 0x00	; 0
    203a:	0e 94 35 15 	call	0x2a6a	; 0x2a6a <makeMorse>
    203e:	80 93 a4 03 	sts	0x03A4, r24	; 0x8003a4 <_ZZ10__vector_8E3key>
    2042:	68 2f       	mov	r22, r24
    2044:	80 e1       	ldi	r24, 0x10	; 16
    2046:	0e 94 be 03 	call	0x77c	; 0x77c <digitalWrite>
    204a:	80 91 5f 04 	lds	r24, 0x045F	; 0x80045f <g_code_throttle>
    204e:	90 91 60 04 	lds	r25, 0x0460	; 0x800460 <g_code_throttle+0x1>
    2052:	90 93 a6 03 	sts	0x03A6, r25	; 0x8003a6 <_ZZ10__vector_8E7codeInc+0x1>
    2056:	80 93 a5 03 	sts	0x03A5, r24	; 0x8003a5 <_ZZ10__vector_8E7codeInc>
    205a:	17 c0       	rjmp	.+46     	; 0x208a <__vector_8+0x3d6>
    205c:	80 91 5f 04 	lds	r24, 0x045F	; 0x80045f <g_code_throttle>
    2060:	90 91 60 04 	lds	r25, 0x0460	; 0x800460 <g_code_throttle+0x1>
    2064:	90 93 a6 03 	sts	0x03A6, r25	; 0x8003a6 <_ZZ10__vector_8E7codeInc+0x1>
    2068:	80 93 a5 03 	sts	0x03A5, r24	; 0x8003a5 <_ZZ10__vector_8E7codeInc>
    206c:	0e c0       	rjmp	.+28     	; 0x208a <__vector_8+0x3d6>
    206e:	80 91 a4 03 	lds	r24, 0x03A4	; 0x8003a4 <_ZZ10__vector_8E3key>
    2072:	88 23       	and	r24, r24
    2074:	51 f0       	breq	.+20     	; 0x208a <__vector_8+0x3d6>
    2076:	10 92 a4 03 	sts	0x03A4, r1	; 0x8003a4 <_ZZ10__vector_8E3key>
    207a:	80 91 3c 04 	lds	r24, 0x043C	; 0x80043c <g_sync_pin_stable>
    207e:	82 30       	cpi	r24, 0x02	; 2
    2080:	21 f0       	breq	.+8      	; 0x208a <__vector_8+0x3d6>
    2082:	60 e0       	ldi	r22, 0x00	; 0
    2084:	80 e1       	ldi	r24, 0x10	; 16
    2086:	0e 94 be 03 	call	0x77c	; 0x77c <digitalWrite>
    208a:	60 e0       	ldi	r22, 0x00	; 0
    208c:	86 e0       	ldi	r24, 0x06	; 6
    208e:	0e 94 be 03 	call	0x77c	; 0x77c <digitalWrite>
    2092:	10 92 4d 04 	sts	0x044D, r1	; 0x80044d <g_sendAMmodulation>
    2096:	8f e2       	ldi	r24, 0x2F	; 47
    2098:	87 bd       	out	0x27, r24	; 39
    209a:	10 92 3f 04 	sts	0x043F, r1	; 0x80043f <g_audio_tone_state>
    209e:	27 c0       	rjmp	.+78     	; 0x20ee <__vector_8+0x43a>
    20a0:	10 92 2f 04 	sts	0x042F, r1	; 0x80042f <g_reset_button_held>
    20a4:	c5 ce       	rjmp	.-630    	; 0x1e30 <__vector_8+0x17c>
    20a6:	80 91 63 04 	lds	r24, 0x0463	; 0x800463 <g_seconds_since_powerup>
    20aa:	90 91 64 04 	lds	r25, 0x0464	; 0x800464 <g_seconds_since_powerup+0x1>
    20ae:	a0 91 65 04 	lds	r26, 0x0465	; 0x800465 <g_seconds_since_powerup+0x2>
    20b2:	b0 91 66 04 	lds	r27, 0x0466	; 0x800466 <g_seconds_since_powerup+0x3>
    20b6:	05 97       	sbiw	r24, 0x05	; 5
    20b8:	a1 05       	cpc	r26, r1
    20ba:	b1 05       	cpc	r27, r1
    20bc:	0c f0       	brlt	.+2      	; 0x20c0 <__vector_8+0x40c>
    20be:	9d ce       	rjmp	.-710    	; 0x1dfa <__vector_8+0x146>
    20c0:	97 ce       	rjmp	.-722    	; 0x1df0 <__vector_8+0x13c>
    20c2:	81 e0       	ldi	r24, 0x01	; 1
    20c4:	80 93 3c 04 	sts	0x043C, r24	; 0x80043c <g_sync_pin_stable>
    20c8:	e5 ce       	rjmp	.-566    	; 0x1e94 <__vector_8+0x1e0>
    20ca:	84 e0       	ldi	r24, 0x04	; 4
    20cc:	0e 94 73 03 	call	0x6e6	; 0x6e6 <digitalRead>
    20d0:	81 11       	cpse	r24, r1
    20d2:	6b cf       	rjmp	.-298    	; 0x1faa <__vector_8+0x2f6>
    20d4:	83 cf       	rjmp	.-250    	; 0x1fdc <__vector_8+0x328>
    20d6:	87 e2       	ldi	r24, 0x27	; 39
    20d8:	9b e0       	ldi	r25, 0x0B	; 11
    20da:	90 93 0b 01 	sts	0x010B, r25	; 0x80010b <g_att_rf_shutdown_delay+0x1>
    20de:	80 93 0a 01 	sts	0x010A, r24	; 0x80010a <g_att_rf_shutdown_delay>
    20e2:	84 e0       	ldi	r24, 0x04	; 4
    20e4:	0e 94 73 03 	call	0x6e6	; 0x6e6 <digitalRead>
    20e8:	81 11       	cpse	r24, r1
    20ea:	f0 ce       	rjmp	.-544    	; 0x1ecc <__vector_8+0x218>
    20ec:	e4 ce       	rjmp	.-568    	; 0x1eb6 <__vector_8+0x202>
    20ee:	0f 90       	pop	r0
    20f0:	0f 90       	pop	r0
    20f2:	df 91       	pop	r29
    20f4:	cf 91       	pop	r28
    20f6:	ff 91       	pop	r31
    20f8:	ef 91       	pop	r30
    20fa:	bf 91       	pop	r27
    20fc:	af 91       	pop	r26
    20fe:	9f 91       	pop	r25
    2100:	8f 91       	pop	r24
    2102:	7f 91       	pop	r23
    2104:	6f 91       	pop	r22
    2106:	5f 91       	pop	r21
    2108:	4f 91       	pop	r20
    210a:	3f 91       	pop	r19
    210c:	2f 91       	pop	r18
    210e:	1f 91       	pop	r17
    2110:	0f 90       	pop	r0
    2112:	0f be       	out	0x3f, r0	; 63
    2114:	0f 90       	pop	r0
    2116:	1f 90       	pop	r1
    2118:	18 95       	reti

0000211a <__vector_14>:
    211a:	1f 92       	push	r1
    211c:	0f 92       	push	r0
    211e:	0f b6       	in	r0, 0x3f	; 63
    2120:	0f 92       	push	r0
    2122:	11 24       	eor	r1, r1
    2124:	2f 93       	push	r18
    2126:	3f 93       	push	r19
    2128:	4f 93       	push	r20
    212a:	5f 93       	push	r21
    212c:	6f 93       	push	r22
    212e:	7f 93       	push	r23
    2130:	8f 93       	push	r24
    2132:	9f 93       	push	r25
    2134:	af 93       	push	r26
    2136:	bf 93       	push	r27
    2138:	ef 93       	push	r30
    213a:	ff 93       	push	r31
    213c:	80 91 0f 01 	lds	r24, 0x010F	; 0x80010f <g_AM_enabled>
    2140:	81 11       	cpse	r24, r1
    2142:	13 c0       	rjmp	.+38     	; 0x216a <__vector_14+0x50>
    2144:	61 e0       	ldi	r22, 0x01	; 1
    2146:	80 91 a3 03 	lds	r24, 0x03A3	; 0x8003a3 <_ZZ11__vector_14E6toggle>
    214a:	81 11       	cpse	r24, r1
    214c:	60 e0       	ldi	r22, 0x00	; 0
    214e:	60 93 a3 03 	sts	0x03A3, r22	; 0x8003a3 <_ZZ11__vector_14E6toggle>
    2152:	80 91 3f 04 	lds	r24, 0x043F	; 0x80043f <g_audio_tone_state>
    2156:	88 23       	and	r24, r24
    2158:	21 f0       	breq	.+8      	; 0x2162 <__vector_14+0x48>
    215a:	85 e0       	ldi	r24, 0x05	; 5
    215c:	0e 94 be 03 	call	0x77c	; 0x77c <digitalWrite>
    2160:	04 c0       	rjmp	.+8      	; 0x216a <__vector_14+0x50>
    2162:	60 e0       	ldi	r22, 0x00	; 0
    2164:	85 e0       	ldi	r24, 0x05	; 5
    2166:	0e 94 be 03 	call	0x77c	; 0x77c <digitalWrite>
    216a:	ff 91       	pop	r31
    216c:	ef 91       	pop	r30
    216e:	bf 91       	pop	r27
    2170:	af 91       	pop	r26
    2172:	9f 91       	pop	r25
    2174:	8f 91       	pop	r24
    2176:	7f 91       	pop	r23
    2178:	6f 91       	pop	r22
    217a:	5f 91       	pop	r21
    217c:	4f 91       	pop	r20
    217e:	3f 91       	pop	r19
    2180:	2f 91       	pop	r18
    2182:	0f 90       	pop	r0
    2184:	0f be       	out	0x3f, r0	; 63
    2186:	0f 90       	pop	r0
    2188:	1f 90       	pop	r1
    218a:	18 95       	reti

0000218c <__vector_11>:
    218c:	1f 92       	push	r1
    218e:	0f 92       	push	r0
    2190:	0f b6       	in	r0, 0x3f	; 63
    2192:	0f 92       	push	r0
    2194:	11 24       	eor	r1, r1
    2196:	0f 90       	pop	r0
    2198:	0f be       	out	0x3f, r0	; 63
    219a:	0f 90       	pop	r0
    219c:	1f 90       	pop	r1
    219e:	18 95       	reti

000021a0 <_Z23clockConfigurationCheckv>:
    21a0:	80 91 50 04 	lds	r24, 0x0450	; 0x800450 <g_event_finish_epoch>
    21a4:	90 91 51 04 	lds	r25, 0x0451	; 0x800451 <g_event_finish_epoch+0x1>
    21a8:	a0 91 52 04 	lds	r26, 0x0452	; 0x800452 <g_event_finish_epoch+0x2>
    21ac:	b0 91 53 04 	lds	r27, 0x0453	; 0x800453 <g_event_finish_epoch+0x3>
    21b0:	81 15       	cp	r24, r1
    21b2:	96 46       	sbci	r25, 0x66	; 102
    21b4:	ae 4e       	sbci	r26, 0xEE	; 238
    21b6:	bf 45       	sbci	r27, 0x5F	; 95
    21b8:	08 f4       	brcc	.+2      	; 0x21bc <_Z23clockConfigurationCheckv+0x1c>
    21ba:	67 c0       	rjmp	.+206    	; 0x228a <_Z23clockConfigurationCheckv+0xea>
    21bc:	80 91 54 04 	lds	r24, 0x0454	; 0x800454 <g_event_start_epoch>
    21c0:	90 91 55 04 	lds	r25, 0x0455	; 0x800455 <g_event_start_epoch+0x1>
    21c4:	a0 91 56 04 	lds	r26, 0x0456	; 0x800456 <g_event_start_epoch+0x2>
    21c8:	b0 91 57 04 	lds	r27, 0x0457	; 0x800457 <g_event_start_epoch+0x3>
    21cc:	81 15       	cp	r24, r1
    21ce:	96 46       	sbci	r25, 0x66	; 102
    21d0:	ae 4e       	sbci	r26, 0xEE	; 238
    21d2:	bf 45       	sbci	r27, 0x5F	; 95
    21d4:	08 f4       	brcc	.+2      	; 0x21d8 <_Z23clockConfigurationCheckv+0x38>
    21d6:	5b c0       	rjmp	.+182    	; 0x228e <_Z23clockConfigurationCheckv+0xee>
    21d8:	80 91 58 04 	lds	r24, 0x0458	; 0x800458 <g_current_epoch>
    21dc:	90 91 59 04 	lds	r25, 0x0459	; 0x800459 <g_current_epoch+0x1>
    21e0:	a0 91 5a 04 	lds	r26, 0x045A	; 0x80045a <g_current_epoch+0x2>
    21e4:	b0 91 5b 04 	lds	r27, 0x045B	; 0x80045b <g_current_epoch+0x3>
    21e8:	81 15       	cp	r24, r1
    21ea:	96 46       	sbci	r25, 0x66	; 102
    21ec:	ae 4e       	sbci	r26, 0xEE	; 238
    21ee:	bf 45       	sbci	r27, 0x5F	; 95
    21f0:	08 f4       	brcc	.+2      	; 0x21f4 <_Z23clockConfigurationCheckv+0x54>
    21f2:	4f c0       	rjmp	.+158    	; 0x2292 <_Z23clockConfigurationCheckv+0xf2>
    21f4:	40 91 50 04 	lds	r20, 0x0450	; 0x800450 <g_event_finish_epoch>
    21f8:	50 91 51 04 	lds	r21, 0x0451	; 0x800451 <g_event_finish_epoch+0x1>
    21fc:	60 91 52 04 	lds	r22, 0x0452	; 0x800452 <g_event_finish_epoch+0x2>
    2200:	70 91 53 04 	lds	r23, 0x0453	; 0x800453 <g_event_finish_epoch+0x3>
    2204:	80 91 54 04 	lds	r24, 0x0454	; 0x800454 <g_event_start_epoch>
    2208:	90 91 55 04 	lds	r25, 0x0455	; 0x800455 <g_event_start_epoch+0x1>
    220c:	a0 91 56 04 	lds	r26, 0x0456	; 0x800456 <g_event_start_epoch+0x2>
    2210:	b0 91 57 04 	lds	r27, 0x0457	; 0x800457 <g_event_start_epoch+0x3>
    2214:	84 17       	cp	r24, r20
    2216:	95 07       	cpc	r25, r21
    2218:	a6 07       	cpc	r26, r22
    221a:	b7 07       	cpc	r27, r23
    221c:	e0 f5       	brcc	.+120    	; 0x2296 <_Z23clockConfigurationCheckv+0xf6>
    221e:	40 91 58 04 	lds	r20, 0x0458	; 0x800458 <g_current_epoch>
    2222:	50 91 59 04 	lds	r21, 0x0459	; 0x800459 <g_current_epoch+0x1>
    2226:	60 91 5a 04 	lds	r22, 0x045A	; 0x80045a <g_current_epoch+0x2>
    222a:	70 91 5b 04 	lds	r23, 0x045B	; 0x80045b <g_current_epoch+0x3>
    222e:	80 91 50 04 	lds	r24, 0x0450	; 0x800450 <g_event_finish_epoch>
    2232:	90 91 51 04 	lds	r25, 0x0451	; 0x800451 <g_event_finish_epoch+0x1>
    2236:	a0 91 52 04 	lds	r26, 0x0452	; 0x800452 <g_event_finish_epoch+0x2>
    223a:	b0 91 53 04 	lds	r27, 0x0453	; 0x800453 <g_event_finish_epoch+0x3>
    223e:	84 17       	cp	r24, r20
    2240:	95 07       	cpc	r25, r21
    2242:	a6 07       	cpc	r26, r22
    2244:	b7 07       	cpc	r27, r23
    2246:	48 f1       	brcs	.+82     	; 0x229a <_Z23clockConfigurationCheckv+0xfa>
    2248:	40 91 58 04 	lds	r20, 0x0458	; 0x800458 <g_current_epoch>
    224c:	50 91 59 04 	lds	r21, 0x0459	; 0x800459 <g_current_epoch+0x1>
    2250:	60 91 5a 04 	lds	r22, 0x045A	; 0x80045a <g_current_epoch+0x2>
    2254:	70 91 5b 04 	lds	r23, 0x045B	; 0x80045b <g_current_epoch+0x3>
    2258:	80 91 54 04 	lds	r24, 0x0454	; 0x800454 <g_event_start_epoch>
    225c:	90 91 55 04 	lds	r25, 0x0455	; 0x800455 <g_event_start_epoch+0x1>
    2260:	a0 91 56 04 	lds	r26, 0x0456	; 0x800456 <g_event_start_epoch+0x2>
    2264:	b0 91 57 04 	lds	r27, 0x0457	; 0x800457 <g_event_start_epoch+0x3>
    2268:	84 17       	cp	r24, r20
    226a:	95 07       	cpc	r25, r21
    226c:	a6 07       	cpc	r26, r22
    226e:	b7 07       	cpc	r27, r23
    2270:	30 f4       	brcc	.+12     	; 0x227e <_Z23clockConfigurationCheckv+0xde>
    2272:	80 91 0e 01 	lds	r24, 0x010E	; 0x80010e <g_transmissions_disabled>
    2276:	81 11       	cpse	r24, r1
    2278:	12 c0       	rjmp	.+36     	; 0x229e <_Z23clockConfigurationCheckv+0xfe>
    227a:	85 e0       	ldi	r24, 0x05	; 5
    227c:	08 95       	ret
    227e:	80 91 30 04 	lds	r24, 0x0430	; 0x800430 <g_use_rtc_for_startstop>
    2282:	88 23       	and	r24, r24
    2284:	71 f0       	breq	.+28     	; 0x22a2 <_Z23clockConfigurationCheckv+0x102>
    2286:	81 e0       	ldi	r24, 0x01	; 1
    2288:	08 95       	ret
    228a:	82 e0       	ldi	r24, 0x02	; 2
    228c:	08 95       	ret
    228e:	82 e0       	ldi	r24, 0x02	; 2
    2290:	08 95       	ret
    2292:	82 e0       	ldi	r24, 0x02	; 2
    2294:	08 95       	ret
    2296:	82 e0       	ldi	r24, 0x02	; 2
    2298:	08 95       	ret
    229a:	82 e0       	ldi	r24, 0x02	; 2
    229c:	08 95       	ret
    229e:	83 e0       	ldi	r24, 0x03	; 3
    22a0:	08 95       	ret
    22a2:	84 e0       	ldi	r24, 0x04	; 4
    22a4:	08 95       	ret

000022a6 <_Z11setupForFoxP5Fox_t13EventAction_t>:
    22a6:	0f 93       	push	r16
    22a8:	1f 93       	push	r17
    22aa:	cf 93       	push	r28
    22ac:	df 93       	push	r29
    22ae:	00 d0       	rcall	.+0      	; 0x22b0 <_Z11setupForFoxP5Fox_t13EventAction_t+0xa>
    22b0:	cd b7       	in	r28, 0x3d	; 61
    22b2:	de b7       	in	r29, 0x3e	; 62
    22b4:	16 2f       	mov	r17, r22
    22b6:	00 97       	sbiw	r24, 0x00	; 0
    22b8:	31 f0       	breq	.+12     	; 0x22c6 <_Z11setupForFoxP5Fox_t13EventAction_t+0x20>
    22ba:	fc 01       	movw	r30, r24
    22bc:	80 81       	ld	r24, Z
    22be:	82 31       	cpi	r24, 0x12	; 18
    22c0:	11 f0       	breq	.+4      	; 0x22c6 <_Z11setupForFoxP5Fox_t13EventAction_t+0x20>
    22c2:	80 93 62 04 	sts	0x0462, r24	; 0x800462 <g_fox>
    22c6:	80 e0       	ldi	r24, 0x00	; 0
    22c8:	90 e0       	ldi	r25, 0x00	; 0
    22ca:	0e 94 ae 04 	call	0x95c	; 0x95c <_Z13RTC_get_epochPh>
    22ce:	60 93 58 04 	sts	0x0458, r22	; 0x800458 <g_current_epoch>
    22d2:	70 93 59 04 	sts	0x0459, r23	; 0x800459 <g_current_epoch+0x1>
    22d6:	80 93 5a 04 	sts	0x045A, r24	; 0x80045a <g_current_epoch+0x2>
    22da:	90 93 5b 04 	sts	0x045B, r25	; 0x80045b <g_current_epoch+0x3>
    22de:	10 92 40 04 	sts	0x0440, r1	; 0x800440 <g_use_ptt_periodic_reset>
    22e2:	f8 94       	cli
    22e4:	e0 91 62 04 	lds	r30, 0x0462	; 0x800462 <g_fox>
    22e8:	8e 2f       	mov	r24, r30
    22ea:	90 e0       	ldi	r25, 0x00	; 0
    22ec:	fc 01       	movw	r30, r24
    22ee:	31 97       	sbiw	r30, 0x01	; 1
    22f0:	e3 31       	cpi	r30, 0x13	; 19
    22f2:	f1 05       	cpc	r31, r1
    22f4:	08 f0       	brcs	.+2      	; 0x22f8 <_Z11setupForFoxP5Fox_t13EventAction_t+0x52>
    22f6:	84 c0       	rjmp	.+264    	; 0x2400 <_Z11setupForFoxP5Fox_t13EventAction_t+0x15a>
    22f8:	eb 58       	subi	r30, 0x8B	; 139
    22fa:	ff 4f       	sbci	r31, 0xFF	; 255
    22fc:	0c 94 d5 18 	jmp	0x31aa	; 0x31aa <__tablejump2__>
    2300:	8c e3       	ldi	r24, 0x3C	; 60
    2302:	90 e0       	ldi	r25, 0x00	; 0
    2304:	90 93 4b 04 	sts	0x044B, r25	; 0x80044b <g_on_air_interval_seconds+0x1>
    2308:	80 93 4a 04 	sts	0x044A, r24	; 0x80044a <g_on_air_interval_seconds>
    230c:	8c e2       	ldi	r24, 0x2C	; 44
    230e:	91 e0       	ldi	r25, 0x01	; 1
    2310:	90 93 49 04 	sts	0x0449, r25	; 0x800449 <g_cycle_period_seconds+0x1>
    2314:	80 93 48 04 	sts	0x0448, r24	; 0x800448 <g_cycle_period_seconds>
    2318:	25 e0       	ldi	r18, 0x05	; 5
    231a:	30 e0       	ldi	r19, 0x00	; 0
    231c:	30 93 47 04 	sts	0x0447, r19	; 0x800447 <g_number_of_foxes+0x1>
    2320:	20 93 46 04 	sts	0x0446, r18	; 0x800446 <g_number_of_foxes>
    2324:	10 92 45 04 	sts	0x0445, r1	; 0x800445 <g_fox_id_offset+0x1>
    2328:	10 92 44 04 	sts	0x0444, r1	; 0x800444 <g_fox_id_offset>
    232c:	28 e0       	ldi	r18, 0x08	; 8
    232e:	20 93 06 01 	sts	0x0106, r18	; 0x800106 <g_pattern_codespeed>
    2332:	90 93 43 04 	sts	0x0443, r25	; 0x800443 <g_id_interval_seconds+0x1>
    2336:	80 93 42 04 	sts	0x0442, r24	; 0x800442 <g_id_interval_seconds>
    233a:	90 c0       	rjmp	.+288    	; 0x245c <_Z11setupForFoxP5Fox_t13EventAction_t+0x1b6>
    233c:	8c e0       	ldi	r24, 0x0C	; 12
    233e:	90 e0       	ldi	r25, 0x00	; 0
    2340:	90 93 4b 04 	sts	0x044B, r25	; 0x80044b <g_on_air_interval_seconds+0x1>
    2344:	80 93 4a 04 	sts	0x044A, r24	; 0x80044a <g_on_air_interval_seconds>
    2348:	8c e3       	ldi	r24, 0x3C	; 60
    234a:	90 e0       	ldi	r25, 0x00	; 0
    234c:	90 93 49 04 	sts	0x0449, r25	; 0x800449 <g_cycle_period_seconds+0x1>
    2350:	80 93 48 04 	sts	0x0448, r24	; 0x800448 <g_cycle_period_seconds>
    2354:	85 e0       	ldi	r24, 0x05	; 5
    2356:	90 e0       	ldi	r25, 0x00	; 0
    2358:	90 93 47 04 	sts	0x0447, r25	; 0x800447 <g_number_of_foxes+0x1>
    235c:	80 93 46 04 	sts	0x0446, r24	; 0x800446 <g_number_of_foxes>
    2360:	88 e0       	ldi	r24, 0x08	; 8
    2362:	80 93 06 01 	sts	0x0106, r24	; 0x800106 <g_pattern_codespeed>
    2366:	87 e0       	ldi	r24, 0x07	; 7
    2368:	90 e0       	ldi	r25, 0x00	; 0
    236a:	90 93 45 04 	sts	0x0445, r25	; 0x800445 <g_fox_id_offset+0x1>
    236e:	80 93 44 04 	sts	0x0444, r24	; 0x800444 <g_fox_id_offset>
    2372:	88 e5       	ldi	r24, 0x58	; 88
    2374:	92 e0       	ldi	r25, 0x02	; 2
    2376:	90 93 43 04 	sts	0x0443, r25	; 0x800443 <g_id_interval_seconds+0x1>
    237a:	80 93 42 04 	sts	0x0442, r24	; 0x800442 <g_id_interval_seconds>
    237e:	6e c0       	rjmp	.+220    	; 0x245c <_Z11setupForFoxP5Fox_t13EventAction_t+0x1b6>
    2380:	8c e0       	ldi	r24, 0x0C	; 12
    2382:	90 e0       	ldi	r25, 0x00	; 0
    2384:	90 93 4b 04 	sts	0x044B, r25	; 0x80044b <g_on_air_interval_seconds+0x1>
    2388:	80 93 4a 04 	sts	0x044A, r24	; 0x80044a <g_on_air_interval_seconds>
    238c:	2c e3       	ldi	r18, 0x3C	; 60
    238e:	30 e0       	ldi	r19, 0x00	; 0
    2390:	30 93 49 04 	sts	0x0449, r19	; 0x800449 <g_cycle_period_seconds+0x1>
    2394:	20 93 48 04 	sts	0x0448, r18	; 0x800448 <g_cycle_period_seconds>
    2398:	25 e0       	ldi	r18, 0x05	; 5
    239a:	30 e0       	ldi	r19, 0x00	; 0
    239c:	30 93 47 04 	sts	0x0447, r19	; 0x800447 <g_number_of_foxes+0x1>
    23a0:	20 93 46 04 	sts	0x0446, r18	; 0x800446 <g_number_of_foxes>
    23a4:	2f e0       	ldi	r18, 0x0F	; 15
    23a6:	20 93 06 01 	sts	0x0106, r18	; 0x800106 <g_pattern_codespeed>
    23aa:	90 93 45 04 	sts	0x0445, r25	; 0x800445 <g_fox_id_offset+0x1>
    23ae:	80 93 44 04 	sts	0x0444, r24	; 0x800444 <g_fox_id_offset>
    23b2:	88 e5       	ldi	r24, 0x58	; 88
    23b4:	92 e0       	ldi	r25, 0x02	; 2
    23b6:	90 93 43 04 	sts	0x0443, r25	; 0x800443 <g_id_interval_seconds+0x1>
    23ba:	80 93 42 04 	sts	0x0442, r24	; 0x800442 <g_id_interval_seconds>
    23be:	4e c0       	rjmp	.+156    	; 0x245c <_Z11setupForFoxP5Fox_t13EventAction_t+0x1b6>
    23c0:	8e e1       	ldi	r24, 0x1E	; 30
    23c2:	90 e0       	ldi	r25, 0x00	; 0
    23c4:	90 93 4b 04 	sts	0x044B, r25	; 0x80044b <g_on_air_interval_seconds+0x1>
    23c8:	80 93 4a 04 	sts	0x044A, r24	; 0x80044a <g_on_air_interval_seconds>
    23cc:	8c e3       	ldi	r24, 0x3C	; 60
    23ce:	90 e0       	ldi	r25, 0x00	; 0
    23d0:	90 93 49 04 	sts	0x0449, r25	; 0x800449 <g_cycle_period_seconds+0x1>
    23d4:	80 93 48 04 	sts	0x0448, r24	; 0x800448 <g_cycle_period_seconds>
    23d8:	22 e0       	ldi	r18, 0x02	; 2
    23da:	30 e0       	ldi	r19, 0x00	; 0
    23dc:	30 93 47 04 	sts	0x0447, r19	; 0x800447 <g_number_of_foxes+0x1>
    23e0:	20 93 46 04 	sts	0x0446, r18	; 0x800446 <g_number_of_foxes>
    23e4:	28 e0       	ldi	r18, 0x08	; 8
    23e6:	20 93 06 01 	sts	0x0106, r18	; 0x800106 <g_pattern_codespeed>
    23ea:	22 e1       	ldi	r18, 0x12	; 18
    23ec:	30 e0       	ldi	r19, 0x00	; 0
    23ee:	30 93 45 04 	sts	0x0445, r19	; 0x800445 <g_fox_id_offset+0x1>
    23f2:	20 93 44 04 	sts	0x0444, r18	; 0x800444 <g_fox_id_offset>
    23f6:	90 93 43 04 	sts	0x0443, r25	; 0x800443 <g_id_interval_seconds+0x1>
    23fa:	80 93 42 04 	sts	0x0442, r24	; 0x800442 <g_id_interval_seconds>
    23fe:	2e c0       	rjmp	.+92     	; 0x245c <_Z11setupForFoxP5Fox_t13EventAction_t+0x1b6>
    2400:	80 91 4e 04 	lds	r24, 0x044E	; 0x80044e <g_ptt_periodic_reset_enabled>
    2404:	80 93 40 04 	sts	0x0440, r24	; 0x800440 <g_use_ptt_periodic_reset>
    2408:	81 e0       	ldi	r24, 0x01	; 1
    240a:	90 e0       	ldi	r25, 0x00	; 0
    240c:	90 93 47 04 	sts	0x0447, r25	; 0x800447 <g_number_of_foxes+0x1>
    2410:	80 93 46 04 	sts	0x0446, r24	; 0x800446 <g_number_of_foxes>
    2414:	88 e0       	ldi	r24, 0x08	; 8
    2416:	80 93 06 01 	sts	0x0106, r24	; 0x800106 <g_pattern_codespeed>
    241a:	80 91 4e 04 	lds	r24, 0x044E	; 0x80044e <g_ptt_periodic_reset_enabled>
    241e:	81 11       	cpse	r24, r1
    2420:	03 c0       	rjmp	.+6      	; 0x2428 <_Z11setupForFoxP5Fox_t13EventAction_t+0x182>
    2422:	88 e5       	ldi	r24, 0x58	; 88
    2424:	92 e0       	ldi	r25, 0x02	; 2
    2426:	02 c0       	rjmp	.+4      	; 0x242c <_Z11setupForFoxP5Fox_t13EventAction_t+0x186>
    2428:	8c e3       	ldi	r24, 0x3C	; 60
    242a:	90 e0       	ldi	r25, 0x00	; 0
    242c:	90 93 43 04 	sts	0x0443, r25	; 0x800443 <g_id_interval_seconds+0x1>
    2430:	80 93 42 04 	sts	0x0442, r24	; 0x800442 <g_id_interval_seconds>
    2434:	80 91 42 04 	lds	r24, 0x0442	; 0x800442 <g_id_interval_seconds>
    2438:	90 91 43 04 	lds	r25, 0x0443	; 0x800443 <g_id_interval_seconds+0x1>
    243c:	90 93 4b 04 	sts	0x044B, r25	; 0x80044b <g_on_air_interval_seconds+0x1>
    2440:	80 93 4a 04 	sts	0x044A, r24	; 0x80044a <g_on_air_interval_seconds>
    2444:	10 92 45 04 	sts	0x0445, r1	; 0x800445 <g_fox_id_offset+0x1>
    2448:	10 92 44 04 	sts	0x0444, r1	; 0x800444 <g_fox_id_offset>
    244c:	80 91 42 04 	lds	r24, 0x0442	; 0x800442 <g_id_interval_seconds>
    2450:	90 91 43 04 	lds	r25, 0x0443	; 0x800443 <g_id_interval_seconds+0x1>
    2454:	90 93 49 04 	sts	0x0449, r25	; 0x800449 <g_cycle_period_seconds+0x1>
    2458:	80 93 48 04 	sts	0x0448, r24	; 0x800448 <g_cycle_period_seconds>
    245c:	11 11       	cpse	r17, r1
    245e:	06 c0       	rjmp	.+12     	; 0x246c <_Z11setupForFoxP5Fox_t13EventAction_t+0x1c6>
    2460:	10 92 30 04 	sts	0x0430, r1	; 0x800430 <g_use_rtc_for_startstop>
    2464:	81 e0       	ldi	r24, 0x01	; 1
    2466:	80 93 0e 01 	sts	0x010E, r24	; 0x80010e <g_transmissions_disabled>
    246a:	fd c0       	rjmp	.+506    	; 0x2666 <_Z11setupForFoxP5Fox_t13EventAction_t+0x3c0>
    246c:	11 30       	cpi	r17, 0x01	; 1
    246e:	99 f4       	brne	.+38     	; 0x2496 <_Z11setupForFoxP5Fox_t13EventAction_t+0x1f0>
    2470:	81 e0       	ldi	r24, 0x01	; 1
    2472:	90 e0       	ldi	r25, 0x00	; 0
    2474:	90 93 0d 01 	sts	0x010D, r25	; 0x80010d <g_fox_counter+0x1>
    2478:	80 93 0c 01 	sts	0x010C, r24	; 0x80010c <g_fox_counter>
    247c:	10 92 67 04 	sts	0x0467, r1	; 0x800467 <g_seconds_since_sync>
    2480:	10 92 68 04 	sts	0x0468, r1	; 0x800468 <g_seconds_since_sync+0x1>
    2484:	10 92 69 04 	sts	0x0469, r1	; 0x800469 <g_seconds_since_sync+0x2>
    2488:	10 92 6a 04 	sts	0x046A, r1	; 0x80046a <g_seconds_since_sync+0x3>
    248c:	10 92 30 04 	sts	0x0430, r1	; 0x800430 <g_use_rtc_for_startstop>
    2490:	10 92 0e 01 	sts	0x010E, r1	; 0x80010e <g_transmissions_disabled>
    2494:	e8 c0       	rjmp	.+464    	; 0x2666 <_Z11setupForFoxP5Fox_t13EventAction_t+0x3c0>
    2496:	12 30       	cpi	r17, 0x02	; 2
    2498:	b9 f5       	brne	.+110    	; 0x2508 <_Z11setupForFoxP5Fox_t13EventAction_t+0x262>
    249a:	80 91 62 04 	lds	r24, 0x0462	; 0x800462 <g_fox>
    249e:	20 91 44 04 	lds	r18, 0x0444	; 0x800444 <g_fox_id_offset>
    24a2:	30 91 45 04 	lds	r19, 0x0445	; 0x800445 <g_fox_id_offset+0x1>
    24a6:	90 e0       	ldi	r25, 0x00	; 0
    24a8:	82 1b       	sub	r24, r18
    24aa:	93 0b       	sbc	r25, r19
    24ac:	18 16       	cp	r1, r24
    24ae:	19 06       	cpc	r1, r25
    24b0:	14 f0       	brlt	.+4      	; 0x24b6 <_Z11setupForFoxP5Fox_t13EventAction_t+0x210>
    24b2:	81 e0       	ldi	r24, 0x01	; 1
    24b4:	90 e0       	ldi	r25, 0x00	; 0
    24b6:	90 93 0d 01 	sts	0x010D, r25	; 0x80010d <g_fox_counter+0x1>
    24ba:	80 93 0c 01 	sts	0x010C, r24	; 0x80010c <g_fox_counter>
    24be:	20 91 0c 01 	lds	r18, 0x010C	; 0x80010c <g_fox_counter>
    24c2:	30 91 0d 01 	lds	r19, 0x010D	; 0x80010d <g_fox_counter+0x1>
    24c6:	40 91 4a 04 	lds	r20, 0x044A	; 0x80044a <g_on_air_interval_seconds>
    24ca:	50 91 4b 04 	lds	r21, 0x044B	; 0x80044b <g_on_air_interval_seconds+0x1>
    24ce:	21 50       	subi	r18, 0x01	; 1
    24d0:	31 09       	sbc	r19, r1
    24d2:	24 9f       	mul	r18, r20
    24d4:	c0 01       	movw	r24, r0
    24d6:	25 9f       	mul	r18, r21
    24d8:	90 0d       	add	r25, r0
    24da:	34 9f       	mul	r19, r20
    24dc:	90 0d       	add	r25, r0
    24de:	11 24       	eor	r1, r1
    24e0:	09 2e       	mov	r0, r25
    24e2:	00 0c       	add	r0, r0
    24e4:	aa 0b       	sbc	r26, r26
    24e6:	bb 0b       	sbc	r27, r27
    24e8:	80 93 67 04 	sts	0x0467, r24	; 0x800467 <g_seconds_since_sync>
    24ec:	90 93 68 04 	sts	0x0468, r25	; 0x800468 <g_seconds_since_sync+0x1>
    24f0:	a0 93 69 04 	sts	0x0469, r26	; 0x800469 <g_seconds_since_sync+0x2>
    24f4:	b0 93 6a 04 	sts	0x046A, r27	; 0x80046a <g_seconds_since_sync+0x3>
    24f8:	10 92 30 04 	sts	0x0430, r1	; 0x800430 <g_use_rtc_for_startstop>
    24fc:	10 92 0e 01 	sts	0x010E, r1	; 0x80010e <g_transmissions_disabled>
    2500:	81 e0       	ldi	r24, 0x01	; 1
    2502:	80 93 41 04 	sts	0x0441, r24	; 0x800441 <g_initialize_fox_transmissions>
    2506:	af c0       	rjmp	.+350    	; 0x2666 <_Z11setupForFoxP5Fox_t13EventAction_t+0x3c0>
    2508:	40 91 54 04 	lds	r20, 0x0454	; 0x800454 <g_event_start_epoch>
    250c:	50 91 55 04 	lds	r21, 0x0455	; 0x800455 <g_event_start_epoch+0x1>
    2510:	60 91 56 04 	lds	r22, 0x0456	; 0x800456 <g_event_start_epoch+0x2>
    2514:	70 91 57 04 	lds	r23, 0x0457	; 0x800457 <g_event_start_epoch+0x3>
    2518:	80 91 58 04 	lds	r24, 0x0458	; 0x800458 <g_current_epoch>
    251c:	90 91 59 04 	lds	r25, 0x0459	; 0x800459 <g_current_epoch+0x1>
    2520:	a0 91 5a 04 	lds	r26, 0x045A	; 0x80045a <g_current_epoch+0x2>
    2524:	b0 91 5b 04 	lds	r27, 0x045B	; 0x80045b <g_current_epoch+0x3>
    2528:	48 17       	cp	r20, r24
    252a:	59 07       	cpc	r21, r25
    252c:	6a 07       	cpc	r22, r26
    252e:	7b 07       	cpc	r23, r27
    2530:	08 f0       	brcs	.+2      	; 0x2534 <_Z11setupForFoxP5Fox_t13EventAction_t+0x28e>
    2532:	69 c0       	rjmp	.+210    	; 0x2606 <_Z11setupForFoxP5Fox_t13EventAction_t+0x360>
    2534:	80 91 58 04 	lds	r24, 0x0458	; 0x800458 <g_current_epoch>
    2538:	90 91 59 04 	lds	r25, 0x0459	; 0x800459 <g_current_epoch+0x1>
    253c:	a0 91 5a 04 	lds	r26, 0x045A	; 0x80045a <g_current_epoch+0x2>
    2540:	b0 91 5b 04 	lds	r27, 0x045B	; 0x80045b <g_current_epoch+0x3>
    2544:	40 91 54 04 	lds	r20, 0x0454	; 0x800454 <g_event_start_epoch>
    2548:	50 91 55 04 	lds	r21, 0x0455	; 0x800455 <g_event_start_epoch+0x1>
    254c:	60 91 56 04 	lds	r22, 0x0456	; 0x800456 <g_event_start_epoch+0x2>
    2550:	70 91 57 04 	lds	r23, 0x0457	; 0x800457 <g_event_start_epoch+0x3>
    2554:	84 1b       	sub	r24, r20
    2556:	95 0b       	sbc	r25, r21
    2558:	a6 0b       	sbc	r26, r22
    255a:	b7 0b       	sbc	r27, r23
    255c:	80 93 67 04 	sts	0x0467, r24	; 0x800467 <g_seconds_since_sync>
    2560:	90 93 68 04 	sts	0x0468, r25	; 0x800468 <g_seconds_since_sync+0x1>
    2564:	a0 93 69 04 	sts	0x0469, r26	; 0x800469 <g_seconds_since_sync+0x2>
    2568:	b0 93 6a 04 	sts	0x046A, r27	; 0x80046a <g_seconds_since_sync+0x3>
    256c:	60 91 67 04 	lds	r22, 0x0467	; 0x800467 <g_seconds_since_sync>
    2570:	70 91 68 04 	lds	r23, 0x0468	; 0x800468 <g_seconds_since_sync+0x1>
    2574:	80 91 69 04 	lds	r24, 0x0469	; 0x800469 <g_seconds_since_sync+0x2>
    2578:	90 91 6a 04 	lds	r25, 0x046A	; 0x80046a <g_seconds_since_sync+0x3>
    257c:	20 91 48 04 	lds	r18, 0x0448	; 0x800448 <g_cycle_period_seconds>
    2580:	30 91 49 04 	lds	r19, 0x0449	; 0x800449 <g_cycle_period_seconds+0x1>
    2584:	00 91 4a 04 	lds	r16, 0x044A	; 0x80044a <g_on_air_interval_seconds>
    2588:	10 91 4b 04 	lds	r17, 0x044B	; 0x80044b <g_on_air_interval_seconds+0x1>
    258c:	03 2e       	mov	r0, r19
    258e:	00 0c       	add	r0, r0
    2590:	44 0b       	sbc	r20, r20
    2592:	55 0b       	sbc	r21, r21
    2594:	0e 94 b6 18 	call	0x316c	; 0x316c <__divmodsi4>
    2598:	98 01       	movw	r18, r16
    259a:	11 0f       	add	r17, r17
    259c:	44 0b       	sbc	r20, r20
    259e:	55 0b       	sbc	r21, r21
    25a0:	0e 94 b6 18 	call	0x316c	; 0x316c <__divmodsi4>
    25a4:	ba 01       	movw	r22, r20
    25a6:	a9 01       	movw	r20, r18
    25a8:	4f 5f       	subi	r20, 0xFF	; 255
    25aa:	5f 4f       	sbci	r21, 0xFF	; 255
    25ac:	6f 4f       	sbci	r22, 0xFF	; 255
    25ae:	7f 4f       	sbci	r23, 0xFF	; 255
    25b0:	80 91 46 04 	lds	r24, 0x0446	; 0x800446 <g_number_of_foxes>
    25b4:	90 91 47 04 	lds	r25, 0x0447	; 0x800447 <g_number_of_foxes+0x1>
    25b8:	9a 83       	std	Y+2, r25	; 0x02
    25ba:	89 83       	std	Y+1, r24	; 0x01
    25bc:	89 81       	ldd	r24, Y+1	; 0x01
    25be:	9a 81       	ldd	r25, Y+2	; 0x02
    25c0:	09 2e       	mov	r0, r25
    25c2:	00 0c       	add	r0, r0
    25c4:	aa 0b       	sbc	r26, r26
    25c6:	bb 0b       	sbc	r27, r27
    25c8:	84 17       	cp	r24, r20
    25ca:	95 07       	cpc	r25, r21
    25cc:	a6 07       	cpc	r26, r22
    25ce:	b7 07       	cpc	r27, r23
    25d0:	3c f4       	brge	.+14     	; 0x25e0 <_Z11setupForFoxP5Fox_t13EventAction_t+0x33a>
    25d2:	29 81       	ldd	r18, Y+1	; 0x01
    25d4:	3a 81       	ldd	r19, Y+2	; 0x02
    25d6:	c9 01       	movw	r24, r18
    25d8:	33 0f       	add	r19, r19
    25da:	aa 0b       	sbc	r26, r26
    25dc:	bb 0b       	sbc	r27, r27
    25de:	0b c0       	rjmp	.+22     	; 0x25f6 <_Z11setupForFoxP5Fox_t13EventAction_t+0x350>
    25e0:	db 01       	movw	r26, r22
    25e2:	ca 01       	movw	r24, r20
    25e4:	14 16       	cp	r1, r20
    25e6:	15 06       	cpc	r1, r21
    25e8:	16 06       	cpc	r1, r22
    25ea:	17 06       	cpc	r1, r23
    25ec:	24 f0       	brlt	.+8      	; 0x25f6 <_Z11setupForFoxP5Fox_t13EventAction_t+0x350>
    25ee:	81 e0       	ldi	r24, 0x01	; 1
    25f0:	90 e0       	ldi	r25, 0x00	; 0
    25f2:	a0 e0       	ldi	r26, 0x00	; 0
    25f4:	b0 e0       	ldi	r27, 0x00	; 0
    25f6:	90 93 0d 01 	sts	0x010D, r25	; 0x80010d <g_fox_counter+0x1>
    25fa:	80 93 0c 01 	sts	0x010C, r24	; 0x80010c <g_fox_counter>
    25fe:	83 e0       	ldi	r24, 0x03	; 3
    2600:	80 93 41 04 	sts	0x0441, r24	; 0x800441 <g_initialize_fox_transmissions>
    2604:	2b c0       	rjmp	.+86     	; 0x265c <_Z11setupForFoxP5Fox_t13EventAction_t+0x3b6>
    2606:	10 92 67 04 	sts	0x0467, r1	; 0x800467 <g_seconds_since_sync>
    260a:	10 92 68 04 	sts	0x0468, r1	; 0x800468 <g_seconds_since_sync+0x1>
    260e:	10 92 69 04 	sts	0x0469, r1	; 0x800469 <g_seconds_since_sync+0x2>
    2612:	10 92 6a 04 	sts	0x046A, r1	; 0x80046a <g_seconds_since_sync+0x3>
    2616:	81 e0       	ldi	r24, 0x01	; 1
    2618:	90 e0       	ldi	r25, 0x00	; 0
    261a:	90 93 0d 01 	sts	0x010D, r25	; 0x80010d <g_fox_counter+0x1>
    261e:	80 93 0c 01 	sts	0x010C, r24	; 0x80010c <g_fox_counter>
    2622:	80 91 58 04 	lds	r24, 0x0458	; 0x800458 <g_current_epoch>
    2626:	90 91 59 04 	lds	r25, 0x0459	; 0x800459 <g_current_epoch+0x1>
    262a:	a0 91 5a 04 	lds	r26, 0x045A	; 0x80045a <g_current_epoch+0x2>
    262e:	b0 91 5b 04 	lds	r27, 0x045B	; 0x80045b <g_current_epoch+0x3>
    2632:	40 91 54 04 	lds	r20, 0x0454	; 0x800454 <g_event_start_epoch>
    2636:	50 91 55 04 	lds	r21, 0x0455	; 0x800455 <g_event_start_epoch+0x1>
    263a:	60 91 56 04 	lds	r22, 0x0456	; 0x800456 <g_event_start_epoch+0x2>
    263e:	70 91 57 04 	lds	r23, 0x0457	; 0x800457 <g_event_start_epoch+0x3>
    2642:	84 5d       	subi	r24, 0xD4	; 212
    2644:	9e 4f       	sbci	r25, 0xFE	; 254
    2646:	af 4f       	sbci	r26, 0xFF	; 255
    2648:	bf 4f       	sbci	r27, 0xFF	; 255
    264a:	84 17       	cp	r24, r20
    264c:	95 07       	cpc	r25, r21
    264e:	a6 07       	cpc	r26, r22
    2650:	b7 07       	cpc	r27, r23
    2652:	20 f4       	brcc	.+8      	; 0x265c <_Z11setupForFoxP5Fox_t13EventAction_t+0x3b6>
    2654:	60 e0       	ldi	r22, 0x00	; 0
    2656:	87 e0       	ldi	r24, 0x07	; 7
    2658:	0e 94 be 03 	call	0x77c	; 0x77c <digitalWrite>
    265c:	81 e0       	ldi	r24, 0x01	; 1
    265e:	80 93 30 04 	sts	0x0430, r24	; 0x800430 <g_use_rtc_for_startstop>
    2662:	80 93 0e 01 	sts	0x010E, r24	; 0x80010e <g_transmissions_disabled>
    2666:	8f e2       	ldi	r24, 0x2F	; 47
    2668:	87 bd       	out	0x27, r24	; 39
    266a:	10 92 3f 04 	sts	0x043F, r1	; 0x80043f <g_audio_tone_state>
    266e:	10 92 60 04 	sts	0x0460, r1	; 0x800460 <g_code_throttle+0x1>
    2672:	10 92 5f 04 	sts	0x045F, r1	; 0x80045f <g_code_throttle>
    2676:	10 92 61 04 	sts	0x0461, r1	; 0x800461 <g_on_the_air>
    267a:	10 92 31 04 	sts	0x0431, r1	; 0x800431 <g_config_error>
    267e:	60 e0       	ldi	r22, 0x00	; 0
    2680:	80 e1       	ldi	r24, 0x10	; 16
    2682:	0e 94 be 03 	call	0x77c	; 0x77c <digitalWrite>
    2686:	60 e0       	ldi	r22, 0x00	; 0
    2688:	86 e0       	ldi	r24, 0x06	; 6
    268a:	0e 94 be 03 	call	0x77c	; 0x77c <digitalWrite>
    268e:	10 92 4d 04 	sts	0x044D, r1	; 0x80044d <g_sendAMmodulation>
    2692:	10 92 5c 04 	sts	0x045C, r1	; 0x80045c <g_LED_enunciating>
    2696:	10 92 31 04 	sts	0x0431, r1	; 0x800431 <g_config_error>
    269a:	78 94       	sei
    269c:	0f 90       	pop	r0
    269e:	0f 90       	pop	r0
    26a0:	df 91       	pop	r29
    26a2:	cf 91       	pop	r28
    26a4:	1f 91       	pop	r17
    26a6:	0f 91       	pop	r16
    26a8:	08 95       	ret

000026aa <_Z13startEventNow19EventActionSource_t>:
    26aa:	cf 93       	push	r28
    26ac:	c8 2f       	mov	r28, r24
    26ae:	0e 94 d0 10 	call	0x21a0	; 0x21a0 <_Z23clockConfigurationCheckv>
    26b2:	f8 94       	cli
    26b4:	c1 11       	cpse	r28, r1
    26b6:	0e c0       	rjmp	.+28     	; 0x26d4 <_Z13startEventNow19EventActionSource_t+0x2a>
    26b8:	82 30       	cpi	r24, 0x02	; 2
    26ba:	31 f4       	brne	.+12     	; 0x26c8 <_Z13startEventNow19EventActionSource_t+0x1e>
    26bc:	60 e0       	ldi	r22, 0x00	; 0
    26be:	80 e0       	ldi	r24, 0x00	; 0
    26c0:	90 e0       	ldi	r25, 0x00	; 0
    26c2:	0e 94 53 11 	call	0x22a6	; 0x22a6 <_Z11setupForFoxP5Fox_t13EventAction_t>
    26c6:	3e c0       	rjmp	.+124    	; 0x2744 <_Z13startEventNow19EventActionSource_t+0x9a>
    26c8:	63 e0       	ldi	r22, 0x03	; 3
    26ca:	80 e0       	ldi	r24, 0x00	; 0
    26cc:	90 e0       	ldi	r25, 0x00	; 0
    26ce:	0e 94 53 11 	call	0x22a6	; 0x22a6 <_Z11setupForFoxP5Fox_t13EventAction_t>
    26d2:	38 c0       	rjmp	.+112    	; 0x2744 <_Z13startEventNow19EventActionSource_t+0x9a>
    26d4:	c2 30       	cpi	r28, 0x02	; 2
    26d6:	c9 f4       	brne	.+50     	; 0x270a <_Z13startEventNow19EventActionSource_t+0x60>
    26d8:	82 30       	cpi	r24, 0x02	; 2
    26da:	31 f4       	brne	.+12     	; 0x26e8 <_Z13startEventNow19EventActionSource_t+0x3e>
    26dc:	61 e0       	ldi	r22, 0x01	; 1
    26de:	80 e0       	ldi	r24, 0x00	; 0
    26e0:	90 e0       	ldi	r25, 0x00	; 0
    26e2:	0e 94 53 11 	call	0x22a6	; 0x22a6 <_Z11setupForFoxP5Fox_t13EventAction_t>
    26e6:	2e c0       	rjmp	.+92     	; 0x2744 <_Z13startEventNow19EventActionSource_t+0x9a>
    26e8:	81 30       	cpi	r24, 0x01	; 1
    26ea:	19 f0       	breq	.+6      	; 0x26f2 <_Z13startEventNow19EventActionSource_t+0x48>
    26ec:	83 50       	subi	r24, 0x03	; 3
    26ee:	82 30       	cpi	r24, 0x02	; 2
    26f0:	30 f4       	brcc	.+12     	; 0x26fe <_Z13startEventNow19EventActionSource_t+0x54>
    26f2:	61 e0       	ldi	r22, 0x01	; 1
    26f4:	80 e0       	ldi	r24, 0x00	; 0
    26f6:	90 e0       	ldi	r25, 0x00	; 0
    26f8:	0e 94 53 11 	call	0x22a6	; 0x22a6 <_Z11setupForFoxP5Fox_t13EventAction_t>
    26fc:	23 c0       	rjmp	.+70     	; 0x2744 <_Z13startEventNow19EventActionSource_t+0x9a>
    26fe:	63 e0       	ldi	r22, 0x03	; 3
    2700:	80 e0       	ldi	r24, 0x00	; 0
    2702:	90 e0       	ldi	r25, 0x00	; 0
    2704:	0e 94 53 11 	call	0x22a6	; 0x22a6 <_Z11setupForFoxP5Fox_t13EventAction_t>
    2708:	1d c0       	rjmp	.+58     	; 0x2744 <_Z13startEventNow19EventActionSource_t+0x9a>
    270a:	82 30       	cpi	r24, 0x02	; 2
    270c:	31 f4       	brne	.+12     	; 0x271a <_Z13startEventNow19EventActionSource_t+0x70>
    270e:	61 e0       	ldi	r22, 0x01	; 1
    2710:	80 e0       	ldi	r24, 0x00	; 0
    2712:	90 e0       	ldi	r25, 0x00	; 0
    2714:	0e 94 53 11 	call	0x22a6	; 0x22a6 <_Z11setupForFoxP5Fox_t13EventAction_t>
    2718:	15 c0       	rjmp	.+42     	; 0x2744 <_Z13startEventNow19EventActionSource_t+0x9a>
    271a:	81 30       	cpi	r24, 0x01	; 1
    271c:	31 f4       	brne	.+12     	; 0x272a <_Z13startEventNow19EventActionSource_t+0x80>
    271e:	62 e0       	ldi	r22, 0x02	; 2
    2720:	80 e0       	ldi	r24, 0x00	; 0
    2722:	90 e0       	ldi	r25, 0x00	; 0
    2724:	0e 94 53 11 	call	0x22a6	; 0x22a6 <_Z11setupForFoxP5Fox_t13EventAction_t>
    2728:	0d c0       	rjmp	.+26     	; 0x2744 <_Z13startEventNow19EventActionSource_t+0x9a>
    272a:	84 30       	cpi	r24, 0x04	; 4
    272c:	31 f4       	brne	.+12     	; 0x273a <_Z13startEventNow19EventActionSource_t+0x90>
    272e:	63 e0       	ldi	r22, 0x03	; 3
    2730:	80 e0       	ldi	r24, 0x00	; 0
    2732:	90 e0       	ldi	r25, 0x00	; 0
    2734:	0e 94 53 11 	call	0x22a6	; 0x22a6 <_Z11setupForFoxP5Fox_t13EventAction_t>
    2738:	05 c0       	rjmp	.+10     	; 0x2744 <_Z13startEventNow19EventActionSource_t+0x9a>
    273a:	63 e0       	ldi	r22, 0x03	; 3
    273c:	80 e0       	ldi	r24, 0x00	; 0
    273e:	90 e0       	ldi	r25, 0x00	; 0
    2740:	0e 94 53 11 	call	0x22a6	; 0x22a6 <_Z11setupForFoxP5Fox_t13EventAction_t>
    2744:	10 92 5c 04 	sts	0x045C, r1	; 0x80045c <g_LED_enunciating>
    2748:	78 94       	sei
    274a:	cf 91       	pop	r28
    274c:	08 95       	ret

0000274e <_Z12stopEventNow19EventActionSource_t>:
    274e:	cf 93       	push	r28
    2750:	c8 2f       	mov	r28, r24
    2752:	0e 94 d0 10 	call	0x21a0	; 0x21a0 <_Z23clockConfigurationCheckv>
    2756:	f8 94       	cli
    2758:	c2 30       	cpi	r28, 0x02	; 2
    275a:	31 f4       	brne	.+12     	; 0x2768 <_Z12stopEventNow19EventActionSource_t+0x1a>
    275c:	60 e0       	ldi	r22, 0x00	; 0
    275e:	80 e0       	ldi	r24, 0x00	; 0
    2760:	90 e0       	ldi	r25, 0x00	; 0
    2762:	0e 94 53 11 	call	0x22a6	; 0x22a6 <_Z11setupForFoxP5Fox_t13EventAction_t>
    2766:	15 c0       	rjmp	.+42     	; 0x2792 <_Z12stopEventNow19EventActionSource_t+0x44>
    2768:	81 30       	cpi	r24, 0x01	; 1
    276a:	31 f4       	brne	.+12     	; 0x2778 <_Z12stopEventNow19EventActionSource_t+0x2a>
    276c:	62 e0       	ldi	r22, 0x02	; 2
    276e:	80 e0       	ldi	r24, 0x00	; 0
    2770:	90 e0       	ldi	r25, 0x00	; 0
    2772:	0e 94 53 11 	call	0x22a6	; 0x22a6 <_Z11setupForFoxP5Fox_t13EventAction_t>
    2776:	08 c0       	rjmp	.+16     	; 0x2788 <_Z12stopEventNow19EventActionSource_t+0x3a>
    2778:	84 30       	cpi	r24, 0x04	; 4
    277a:	31 f4       	brne	.+12     	; 0x2788 <_Z12stopEventNow19EventActionSource_t+0x3a>
    277c:	60 e0       	ldi	r22, 0x00	; 0
    277e:	80 e0       	ldi	r24, 0x00	; 0
    2780:	90 e0       	ldi	r25, 0x00	; 0
    2782:	0e 94 53 11 	call	0x22a6	; 0x22a6 <_Z11setupForFoxP5Fox_t13EventAction_t>
    2786:	05 c0       	rjmp	.+10     	; 0x2792 <_Z12stopEventNow19EventActionSource_t+0x44>
    2788:	60 e0       	ldi	r22, 0x00	; 0
    278a:	80 e0       	ldi	r24, 0x00	; 0
    278c:	90 e0       	ldi	r25, 0x00	; 0
    278e:	0e 94 53 11 	call	0x22a6	; 0x22a6 <_Z11setupForFoxP5Fox_t13EventAction_t>
    2792:	80 91 3c 04 	lds	r24, 0x043C	; 0x80043c <g_sync_pin_stable>
    2796:	82 30       	cpi	r24, 0x02	; 2
    2798:	21 f4       	brne	.+8      	; 0x27a2 <_Z12stopEventNow19EventActionSource_t+0x54>
    279a:	60 e0       	ldi	r22, 0x00	; 0
    279c:	80 e1       	ldi	r24, 0x10	; 16
    279e:	0e 94 be 03 	call	0x77c	; 0x77c <digitalWrite>
    27a2:	cf 91       	pop	r28
    27a4:	08 95       	ret

000027a6 <__vector_4>:
    27a6:	1f 92       	push	r1
    27a8:	0f 92       	push	r0
    27aa:	0f b6       	in	r0, 0x3f	; 63
    27ac:	0f 92       	push	r0
    27ae:	11 24       	eor	r1, r1
    27b0:	2f 93       	push	r18
    27b2:	3f 93       	push	r19
    27b4:	4f 93       	push	r20
    27b6:	5f 93       	push	r21
    27b8:	6f 93       	push	r22
    27ba:	7f 93       	push	r23
    27bc:	8f 93       	push	r24
    27be:	9f 93       	push	r25
    27c0:	af 93       	push	r26
    27c2:	bf 93       	push	r27
    27c4:	cf 93       	push	r28
    27c6:	ef 93       	push	r30
    27c8:	ff 93       	push	r31
    27ca:	81 e1       	ldi	r24, 0x11	; 17
    27cc:	0e 94 73 03 	call	0x6e6	; 0x6e6 <digitalRead>
    27d0:	c8 2f       	mov	r28, r24
    27d2:	10 92 3e 04 	sts	0x043E, r1	; 0x80043e <g_sync_pin_timer+0x1>
    27d6:	10 92 3d 04 	sts	0x043D, r1	; 0x80043d <g_sync_pin_timer>
    27da:	88 23       	and	r24, r24
    27dc:	91 f1       	breq	.+100    	; 0x2842 <__vector_4+0x9c>
    27de:	80 91 f6 03 	lds	r24, 0x03F6	; 0x8003f6 <_ZZ10__vector_4E10holdPinVal>
    27e2:	81 11       	cpse	r24, r1
    27e4:	2e c0       	rjmp	.+92     	; 0x2842 <__vector_4+0x9c>
    27e6:	80 91 08 01 	lds	r24, 0x0108	; 0x800108 <g_LED_timeout_countdown>
    27ea:	90 91 09 01 	lds	r25, 0x0109	; 0x800109 <g_LED_timeout_countdown+0x1>
    27ee:	89 2b       	or	r24, r25
    27f0:	01 f1       	breq	.+64     	; 0x2832 <__vector_4+0x8c>
    27f2:	80 91 2e 04 	lds	r24, 0x042E	; 0x80042e <g_perform_EEPROM_reset>
    27f6:	81 11       	cpse	r24, r1
    27f8:	1e c0       	rjmp	.+60     	; 0x2836 <__vector_4+0x90>
    27fa:	80 91 0e 01 	lds	r24, 0x010E	; 0x80010e <g_transmissions_disabled>
    27fe:	88 23       	and	r24, r24
    2800:	71 f0       	breq	.+28     	; 0x281e <__vector_4+0x78>
    2802:	80 91 3c 04 	lds	r24, 0x043C	; 0x80043c <g_sync_pin_stable>
    2806:	82 30       	cpi	r24, 0x02	; 2
    2808:	b1 f4       	brne	.+44     	; 0x2836 <__vector_4+0x90>
    280a:	10 92 3c 04 	sts	0x043C, r1	; 0x80043c <g_sync_pin_stable>
    280e:	60 e0       	ldi	r22, 0x00	; 0
    2810:	80 e1       	ldi	r24, 0x10	; 16
    2812:	0e 94 be 03 	call	0x77c	; 0x77c <digitalWrite>
    2816:	81 e0       	ldi	r24, 0x01	; 1
    2818:	0e 94 55 13 	call	0x26aa	; 0x26aa <_Z13startEventNow19EventActionSource_t>
    281c:	0c c0       	rjmp	.+24     	; 0x2836 <__vector_4+0x90>
    281e:	80 91 3c 04 	lds	r24, 0x043C	; 0x80043c <g_sync_pin_stable>
    2822:	82 30       	cpi	r24, 0x02	; 2
    2824:	41 f4       	brne	.+16     	; 0x2836 <__vector_4+0x90>
    2826:	10 92 3c 04 	sts	0x043C, r1	; 0x80043c <g_sync_pin_stable>
    282a:	81 e0       	ldi	r24, 0x01	; 1
    282c:	0e 94 a7 13 	call	0x274e	; 0x274e <_Z12stopEventNow19EventActionSource_t>
    2830:	02 c0       	rjmp	.+4      	; 0x2836 <__vector_4+0x90>
    2832:	10 92 31 04 	sts	0x0431, r1	; 0x800431 <g_config_error>
    2836:	8c e2       	ldi	r24, 0x2C	; 44
    2838:	91 e0       	ldi	r25, 0x01	; 1
    283a:	90 93 09 01 	sts	0x0109, r25	; 0x800109 <g_LED_timeout_countdown+0x1>
    283e:	80 93 08 01 	sts	0x0108, r24	; 0x800108 <g_LED_timeout_countdown>
    2842:	c0 93 f6 03 	sts	0x03F6, r28	; 0x8003f6 <_ZZ10__vector_4E10holdPinVal>
    2846:	ff 91       	pop	r31
    2848:	ef 91       	pop	r30
    284a:	cf 91       	pop	r28
    284c:	bf 91       	pop	r27
    284e:	af 91       	pop	r26
    2850:	9f 91       	pop	r25
    2852:	8f 91       	pop	r24
    2854:	7f 91       	pop	r23
    2856:	6f 91       	pop	r22
    2858:	5f 91       	pop	r21
    285a:	4f 91       	pop	r20
    285c:	3f 91       	pop	r19
    285e:	2f 91       	pop	r18
    2860:	0f 90       	pop	r0
    2862:	0f be       	out	0x3f, r0	; 63
    2864:	0f 90       	pop	r0
    2866:	1f 90       	pop	r1
    2868:	18 95       	reti

0000286a <_GLOBAL__sub_I_ee_mgr>:
#include "ardooweeno.h"
#endif  /* ATMEL_STUDIO_7 */

#include <avr/wdt.h>

EepromManager ee_mgr;
    286a:	8b e6       	ldi	r24, 0x6B	; 107
    286c:	94 e0       	ldi	r25, 0x04	; 4
    286e:	0e 94 93 05 	call	0xb26	; 0xb26 <_ZN13EepromManagerC1Ev>
    2872:	08 95       	ret

00002874 <_GLOBAL__sub_D_ee_mgr>:
    2874:	8b e6       	ldi	r24, 0x6B	; 107
    2876:	94 e0       	ldi	r25, 0x04	; 4
    2878:	0e 94 94 05 	call	0xb28	; 0xb28 <_ZN13EepromManagerD1Ev>
    287c:	08 95       	ret

0000287e <_Z12getMorseCharc>:
 */
MorseCharacter getMorseChar(char c)
{
	MorseCharacter morse;

	c = toupper(c);
    287e:	90 e0       	ldi	r25, 0x00	; 0
    2880:	0e 94 04 19 	call	0x3208	; 0x3208 <toupper>

	switch( c )
    2884:	fc 01       	movw	r30, r24
    2886:	ff 27       	eor	r31, r31
    2888:	b0 97       	sbiw	r30, 0x20	; 32
    288a:	ed 35       	cpi	r30, 0x5D	; 93
    288c:	f1 05       	cpc	r31, r1
    288e:	08 f0       	brcs	.+2      	; 0x2892 <_Z12getMorseCharc+0x14>
    2890:	e4 c0       	rjmp	.+456    	; 0x2a5a <_Z12getMorseCharc+0x1dc>
    2892:	e8 57       	subi	r30, 0x78	; 120
    2894:	ff 4f       	sbci	r31, 0xFF	; 255
    2896:	0c 94 d5 18 	jmp	0x31aa	; 0x31aa <__tablejump2__>

		case 'B':
		{
			morse.pattern = 0x01;   /* 0000 0001; */
			morse.lengthInSymbols = 4;
			morse.lengthInElements = 9;
    289a:	89 e0       	ldi	r24, 0x09	; 9
		break;

		case 'B':
		{
			morse.pattern = 0x01;   /* 0000 0001; */
			morse.lengthInSymbols = 4;
    289c:	74 e0       	ldi	r23, 0x04	; 4
		}
		break;

		case 'B':
		{
			morse.pattern = 0x01;   /* 0000 0001; */
    289e:	61 e0       	ldi	r22, 0x01	; 1
    28a0:	08 95       	ret

		case 'C':
		{
			morse.pattern = 0x05;   /* 0000 0101; */
			morse.lengthInSymbols = 4;
			morse.lengthInElements = 11;
    28a2:	8b e0       	ldi	r24, 0x0B	; 11
		break;

		case 'C':
		{
			morse.pattern = 0x05;   /* 0000 0101; */
			morse.lengthInSymbols = 4;
    28a4:	74 e0       	ldi	r23, 0x04	; 4
		}
		break;

		case 'C':
		{
			morse.pattern = 0x05;   /* 0000 0101; */
    28a6:	65 e0       	ldi	r22, 0x05	; 5
			morse.lengthInSymbols = 4;
			morse.lengthInElements = 11;
		}
		break;
    28a8:	08 95       	ret

		case 'D':
		{
			morse.pattern = 0x01;   /* 0000 0001; */
			morse.lengthInSymbols = 3;
			morse.lengthInElements = 7;
    28aa:	87 e0       	ldi	r24, 0x07	; 7
		break;

		case 'D':
		{
			morse.pattern = 0x01;   /* 0000 0001; */
			morse.lengthInSymbols = 3;
    28ac:	73 e0       	ldi	r23, 0x03	; 3
		}
		break;

		case 'D':
		{
			morse.pattern = 0x01;   /* 0000 0001; */
    28ae:	61 e0       	ldi	r22, 0x01	; 1
			morse.lengthInSymbols = 3;
			morse.lengthInElements = 7;
		}
		break;
    28b0:	08 95       	ret

		case 'E':
		{
			morse.pattern = 0x00;   /* 0000 0000; */
			morse.lengthInSymbols = 1;
			morse.lengthInElements = 1;
    28b2:	81 e0       	ldi	r24, 0x01	; 1
		break;

		case 'E':
		{
			morse.pattern = 0x00;   /* 0000 0000; */
			morse.lengthInSymbols = 1;
    28b4:	71 e0       	ldi	r23, 0x01	; 1
		}
		break;

		case 'E':
		{
			morse.pattern = 0x00;   /* 0000 0000; */
    28b6:	60 e0       	ldi	r22, 0x00	; 0
			morse.lengthInSymbols = 1;
			morse.lengthInElements = 1;
		}
		break;
    28b8:	08 95       	ret

		case 'F':
		{
			morse.pattern = 0x04;   /* 0000 0100; */
			morse.lengthInSymbols = 4;
			morse.lengthInElements = 9;
    28ba:	89 e0       	ldi	r24, 0x09	; 9
		break;

		case 'F':
		{
			morse.pattern = 0x04;   /* 0000 0100; */
			morse.lengthInSymbols = 4;
    28bc:	74 e0       	ldi	r23, 0x04	; 4
		}
		break;

		case 'F':
		{
			morse.pattern = 0x04;   /* 0000 0100; */
    28be:	64 e0       	ldi	r22, 0x04	; 4
			morse.lengthInSymbols = 4;
			morse.lengthInElements = 9;
		}
		break;
    28c0:	08 95       	ret

		case 'G':
		{
			morse.pattern = 0x03;   /* 0000 0011; */
			morse.lengthInSymbols = 3;
			morse.lengthInElements = 9;
    28c2:	89 e0       	ldi	r24, 0x09	; 9
		break;

		case 'G':
		{
			morse.pattern = 0x03;   /* 0000 0011; */
			morse.lengthInSymbols = 3;
    28c4:	73 e0       	ldi	r23, 0x03	; 3
		}
		break;

		case 'G':
		{
			morse.pattern = 0x03;   /* 0000 0011; */
    28c6:	63 e0       	ldi	r22, 0x03	; 3
			morse.lengthInSymbols = 3;
			morse.lengthInElements = 9;
		}
		break;
    28c8:	08 95       	ret

		case 'H':
		{
			morse.pattern = 0x00;   /* 0000 0000; */
			morse.lengthInSymbols = 4;
			morse.lengthInElements = 7;
    28ca:	87 e0       	ldi	r24, 0x07	; 7
		break;

		case 'H':
		{
			morse.pattern = 0x00;   /* 0000 0000; */
			morse.lengthInSymbols = 4;
    28cc:	74 e0       	ldi	r23, 0x04	; 4
		}
		break;

		case 'H':
		{
			morse.pattern = 0x00;   /* 0000 0000; */
    28ce:	60 e0       	ldi	r22, 0x00	; 0
			morse.lengthInSymbols = 4;
			morse.lengthInElements = 7;
		}
		break;
    28d0:	08 95       	ret

		case 'I':
		{
			morse.pattern = 0x00;   /* 0000 0000; */
			morse.lengthInSymbols = 2;
			morse.lengthInElements = 3;
    28d2:	83 e0       	ldi	r24, 0x03	; 3
		break;

		case 'I':
		{
			morse.pattern = 0x00;   /* 0000 0000; */
			morse.lengthInSymbols = 2;
    28d4:	72 e0       	ldi	r23, 0x02	; 2
		}
		break;

		case 'I':
		{
			morse.pattern = 0x00;   /* 0000 0000; */
    28d6:	60 e0       	ldi	r22, 0x00	; 0
			morse.lengthInSymbols = 2;
			morse.lengthInElements = 3;
		}
		break;
    28d8:	08 95       	ret

		case 'J':
		{
			morse.pattern = 0x0e;   /* 0000 1110; */
			morse.lengthInSymbols = 4;
			morse.lengthInElements = 13;
    28da:	8d e0       	ldi	r24, 0x0D	; 13
		break;

		case 'J':
		{
			morse.pattern = 0x0e;   /* 0000 1110; */
			morse.lengthInSymbols = 4;
    28dc:	74 e0       	ldi	r23, 0x04	; 4
		}
		break;

		case 'J':
		{
			morse.pattern = 0x0e;   /* 0000 1110; */
    28de:	6e e0       	ldi	r22, 0x0E	; 14
			morse.lengthInSymbols = 4;
			morse.lengthInElements = 13;
		}
		break;
    28e0:	08 95       	ret

		case 'K':
		{
			morse.pattern = 0x05;   /* 0000 0101; */
			morse.lengthInSymbols = 3;
			morse.lengthInElements = 9;
    28e2:	89 e0       	ldi	r24, 0x09	; 9
		break;

		case 'K':
		{
			morse.pattern = 0x05;   /* 0000 0101; */
			morse.lengthInSymbols = 3;
    28e4:	73 e0       	ldi	r23, 0x03	; 3
		}
		break;

		case 'K':
		{
			morse.pattern = 0x05;   /* 0000 0101; */
    28e6:	65 e0       	ldi	r22, 0x05	; 5
			morse.lengthInSymbols = 3;
			morse.lengthInElements = 9;
		}
		break;
    28e8:	08 95       	ret

		case 'L':
		{
			morse.pattern = 0x02;   /* 0000 0010; */
			morse.lengthInSymbols = 4;
			morse.lengthInElements = 9;
    28ea:	89 e0       	ldi	r24, 0x09	; 9
		break;

		case 'L':
		{
			morse.pattern = 0x02;   /* 0000 0010; */
			morse.lengthInSymbols = 4;
    28ec:	74 e0       	ldi	r23, 0x04	; 4
		}
		break;

		case 'L':
		{
			morse.pattern = 0x02;   /* 0000 0010; */
    28ee:	62 e0       	ldi	r22, 0x02	; 2
			morse.lengthInSymbols = 4;
			morse.lengthInElements = 9;
		}
		break;
    28f0:	08 95       	ret

		case 'M':
		{
			morse.pattern = 0x03;   /* 0000 0011; */
			morse.lengthInSymbols = 2;
			morse.lengthInElements = 7;
    28f2:	87 e0       	ldi	r24, 0x07	; 7
		break;

		case 'M':
		{
			morse.pattern = 0x03;   /* 0000 0011; */
			morse.lengthInSymbols = 2;
    28f4:	72 e0       	ldi	r23, 0x02	; 2
		}
		break;

		case 'M':
		{
			morse.pattern = 0x03;   /* 0000 0011; */
    28f6:	63 e0       	ldi	r22, 0x03	; 3
			morse.lengthInSymbols = 2;
			morse.lengthInElements = 7;
		}
		break;
    28f8:	08 95       	ret

		case 'N':
		{
			morse.pattern = 0x01;   /* 0000 0001; */
			morse.lengthInSymbols = 2;
			morse.lengthInElements = 5;
    28fa:	85 e0       	ldi	r24, 0x05	; 5
		break;

		case 'N':
		{
			morse.pattern = 0x01;   /* 0000 0001; */
			morse.lengthInSymbols = 2;
    28fc:	72 e0       	ldi	r23, 0x02	; 2
		}
		break;

		case 'N':
		{
			morse.pattern = 0x01;   /* 0000 0001; */
    28fe:	61 e0       	ldi	r22, 0x01	; 1
			morse.lengthInSymbols = 2;
			morse.lengthInElements = 5;
		}
		break;
    2900:	08 95       	ret

		case 'O':
		{
			morse.pattern = 0x07;   /* 0000 0111; */
			morse.lengthInSymbols = 3;
			morse.lengthInElements = 11;
    2902:	8b e0       	ldi	r24, 0x0B	; 11
		break;

		case 'O':
		{
			morse.pattern = 0x07;   /* 0000 0111; */
			morse.lengthInSymbols = 3;
    2904:	73 e0       	ldi	r23, 0x03	; 3
		}
		break;

		case 'O':
		{
			morse.pattern = 0x07;   /* 0000 0111; */
    2906:	67 e0       	ldi	r22, 0x07	; 7
			morse.lengthInSymbols = 3;
			morse.lengthInElements = 11;
		}
		break;
    2908:	08 95       	ret

		case 'P':
		{
			morse.pattern = 0x06;   /* 0000 0110; */
			morse.lengthInSymbols = 4;
			morse.lengthInElements = 11;
    290a:	8b e0       	ldi	r24, 0x0B	; 11
		break;

		case 'P':
		{
			morse.pattern = 0x06;   /* 0000 0110; */
			morse.lengthInSymbols = 4;
    290c:	74 e0       	ldi	r23, 0x04	; 4
		}
		break;

		case 'P':
		{
			morse.pattern = 0x06;   /* 0000 0110; */
    290e:	66 e0       	ldi	r22, 0x06	; 6
			morse.lengthInSymbols = 4;
			morse.lengthInElements = 11;
		}
		break;
    2910:	08 95       	ret

		case 'Q':
		{
			morse.pattern = 0x0b;   /* 0000 1011; */
			morse.lengthInSymbols = 4;
			morse.lengthInElements = 13;
    2912:	8d e0       	ldi	r24, 0x0D	; 13
		break;

		case 'Q':
		{
			morse.pattern = 0x0b;   /* 0000 1011; */
			morse.lengthInSymbols = 4;
    2914:	74 e0       	ldi	r23, 0x04	; 4
		}
		break;

		case 'Q':
		{
			morse.pattern = 0x0b;   /* 0000 1011; */
    2916:	6b e0       	ldi	r22, 0x0B	; 11
			morse.lengthInSymbols = 4;
			morse.lengthInElements = 13;
		}
		break;
    2918:	08 95       	ret

		case 'R':
		{
			morse.pattern = 0x02;   /* 0000 0010; */
			morse.lengthInSymbols = 3;
			morse.lengthInElements = 7;
    291a:	87 e0       	ldi	r24, 0x07	; 7
		break;

		case 'R':
		{
			morse.pattern = 0x02;   /* 0000 0010; */
			morse.lengthInSymbols = 3;
    291c:	73 e0       	ldi	r23, 0x03	; 3
		}
		break;

		case 'R':
		{
			morse.pattern = 0x02;   /* 0000 0010; */
    291e:	62 e0       	ldi	r22, 0x02	; 2
			morse.lengthInSymbols = 3;
			morse.lengthInElements = 7;
		}
		break;
    2920:	08 95       	ret

		case 'S':
		{
			morse.pattern = 0x00;   /* 0000 0000; */
			morse.lengthInSymbols = 3;
			morse.lengthInElements = 5;
    2922:	85 e0       	ldi	r24, 0x05	; 5
		break;

		case 'S':
		{
			morse.pattern = 0x00;   /* 0000 0000; */
			morse.lengthInSymbols = 3;
    2924:	73 e0       	ldi	r23, 0x03	; 3
		}
		break;

		case 'S':
		{
			morse.pattern = 0x00;   /* 0000 0000; */
    2926:	60 e0       	ldi	r22, 0x00	; 0
			morse.lengthInSymbols = 3;
			morse.lengthInElements = 5;
		}
		break;
    2928:	08 95       	ret

		case 'T':
		{
			morse.pattern = 0x01;   /* 0000 0001; */
			morse.lengthInSymbols = 1;
			morse.lengthInElements = 3;
    292a:	83 e0       	ldi	r24, 0x03	; 3
		break;

		case 'T':
		{
			morse.pattern = 0x01;   /* 0000 0001; */
			morse.lengthInSymbols = 1;
    292c:	71 e0       	ldi	r23, 0x01	; 1
		}
		break;

		case 'T':
		{
			morse.pattern = 0x01;   /* 0000 0001; */
    292e:	61 e0       	ldi	r22, 0x01	; 1
			morse.lengthInSymbols = 1;
			morse.lengthInElements = 3;
		}
		break;
    2930:	08 95       	ret

		case 'U':
		{
			morse.pattern = 0x04;   /* 0000 0100; */
			morse.lengthInSymbols = 3;
			morse.lengthInElements = 7;
    2932:	87 e0       	ldi	r24, 0x07	; 7
		break;

		case 'U':
		{
			morse.pattern = 0x04;   /* 0000 0100; */
			morse.lengthInSymbols = 3;
    2934:	73 e0       	ldi	r23, 0x03	; 3
		}
		break;

		case 'U':
		{
			morse.pattern = 0x04;   /* 0000 0100; */
    2936:	64 e0       	ldi	r22, 0x04	; 4
			morse.lengthInSymbols = 3;
			morse.lengthInElements = 7;
		}
		break;
    2938:	08 95       	ret

		case 'V':
		{
			morse.pattern = 0x08;   /* 0000 1000; */
			morse.lengthInSymbols = 4;
			morse.lengthInElements = 9;
    293a:	89 e0       	ldi	r24, 0x09	; 9
		break;

		case 'V':
		{
			morse.pattern = 0x08;   /* 0000 1000; */
			morse.lengthInSymbols = 4;
    293c:	74 e0       	ldi	r23, 0x04	; 4
		}
		break;

		case 'V':
		{
			morse.pattern = 0x08;   /* 0000 1000; */
    293e:	68 e0       	ldi	r22, 0x08	; 8
			morse.lengthInSymbols = 4;
			morse.lengthInElements = 9;
		}
		break;
    2940:	08 95       	ret

		case 'W':
		{
			morse.pattern = 0x06;   /* 0000 0110; */
			morse.lengthInSymbols = 3;
			morse.lengthInElements = 9;
    2942:	89 e0       	ldi	r24, 0x09	; 9
		break;

		case 'W':
		{
			morse.pattern = 0x06;   /* 0000 0110; */
			morse.lengthInSymbols = 3;
    2944:	73 e0       	ldi	r23, 0x03	; 3
		}
		break;

		case 'W':
		{
			morse.pattern = 0x06;   /* 0000 0110; */
    2946:	66 e0       	ldi	r22, 0x06	; 6
			morse.lengthInSymbols = 3;
			morse.lengthInElements = 9;
		}
		break;
    2948:	08 95       	ret

		case 'X':
		{
			morse.pattern = 0x09;   /* 0000 1001; */
			morse.lengthInSymbols = 4;
			morse.lengthInElements = 11;
    294a:	8b e0       	ldi	r24, 0x0B	; 11
		break;

		case 'X':
		{
			morse.pattern = 0x09;   /* 0000 1001; */
			morse.lengthInSymbols = 4;
    294c:	74 e0       	ldi	r23, 0x04	; 4
		}
		break;

		case 'X':
		{
			morse.pattern = 0x09;   /* 0000 1001; */
    294e:	69 e0       	ldi	r22, 0x09	; 9
			morse.lengthInSymbols = 4;
			morse.lengthInElements = 11;
		}
		break;
    2950:	08 95       	ret

		case 'Y':
		{
			morse.pattern = 0x0d;   /* 0000 1101; */
			morse.lengthInSymbols = 4;
			morse.lengthInElements = 13;
    2952:	8d e0       	ldi	r24, 0x0D	; 13
		break;

		case 'Y':
		{
			morse.pattern = 0x0d;   /* 0000 1101; */
			morse.lengthInSymbols = 4;
    2954:	74 e0       	ldi	r23, 0x04	; 4
		}
		break;

		case 'Y':
		{
			morse.pattern = 0x0d;   /* 0000 1101; */
    2956:	6d e0       	ldi	r22, 0x0D	; 13
			morse.lengthInSymbols = 4;
			morse.lengthInElements = 13;
		}
		break;
    2958:	08 95       	ret

		case 'Z':
		{
			morse.pattern = 0x03;   /* 0000 0011; */
			morse.lengthInSymbols = 4;
			morse.lengthInElements = 11;
    295a:	8b e0       	ldi	r24, 0x0B	; 11
		break;

		case 'Z':
		{
			morse.pattern = 0x03;   /* 0000 0011; */
			morse.lengthInSymbols = 4;
    295c:	74 e0       	ldi	r23, 0x04	; 4
		}
		break;

		case 'Z':
		{
			morse.pattern = 0x03;   /* 0000 0011; */
    295e:	63 e0       	ldi	r22, 0x03	; 3
			morse.lengthInSymbols = 4;
			morse.lengthInElements = 11;
		}
		break;
    2960:	08 95       	ret

		case '0':
		{
			morse.pattern = 0x1f;   /* 0001 1111; */
			morse.lengthInSymbols = 5;
			morse.lengthInElements = 19;
    2962:	83 e1       	ldi	r24, 0x13	; 19
		break;

		case '0':
		{
			morse.pattern = 0x1f;   /* 0001 1111; */
			morse.lengthInSymbols = 5;
    2964:	75 e0       	ldi	r23, 0x05	; 5
		}
		break;

		case '0':
		{
			morse.pattern = 0x1f;   /* 0001 1111; */
    2966:	6f e1       	ldi	r22, 0x1F	; 31
			morse.lengthInSymbols = 5;
			morse.lengthInElements = 19;
		}
		break;
    2968:	08 95       	ret

		case '1':
		{
			morse.pattern = 0x1e;   /* 0001 1110; */
			morse.lengthInSymbols = 5;
			morse.lengthInElements = 17;
    296a:	81 e1       	ldi	r24, 0x11	; 17
		break;

		case '1':
		{
			morse.pattern = 0x1e;   /* 0001 1110; */
			morse.lengthInSymbols = 5;
    296c:	75 e0       	ldi	r23, 0x05	; 5
		}
		break;

		case '1':
		{
			morse.pattern = 0x1e;   /* 0001 1110; */
    296e:	6e e1       	ldi	r22, 0x1E	; 30
			morse.lengthInSymbols = 5;
			morse.lengthInElements = 17;
		}
		break;
    2970:	08 95       	ret

		case '2':
		{
			morse.pattern = 0x1c;   /* 0001 1100; */
			morse.lengthInSymbols = 5;
			morse.lengthInElements = 15;
    2972:	8f e0       	ldi	r24, 0x0F	; 15
		break;

		case '2':
		{
			morse.pattern = 0x1c;   /* 0001 1100; */
			morse.lengthInSymbols = 5;
    2974:	75 e0       	ldi	r23, 0x05	; 5
		}
		break;

		case '2':
		{
			morse.pattern = 0x1c;   /* 0001 1100; */
    2976:	6c e1       	ldi	r22, 0x1C	; 28
			morse.lengthInSymbols = 5;
			morse.lengthInElements = 15;
		}
		break;
    2978:	08 95       	ret

		case '3':
		{
			morse.pattern = 0x18;   /* 0001 1000; */
			morse.lengthInSymbols = 5;
			morse.lengthInElements = 13;
    297a:	8d e0       	ldi	r24, 0x0D	; 13
		break;

		case '3':
		{
			morse.pattern = 0x18;   /* 0001 1000; */
			morse.lengthInSymbols = 5;
    297c:	75 e0       	ldi	r23, 0x05	; 5
		}
		break;

		case '3':
		{
			morse.pattern = 0x18;   /* 0001 1000; */
    297e:	68 e1       	ldi	r22, 0x18	; 24
			morse.lengthInSymbols = 5;
			morse.lengthInElements = 13;
		}
		break;
    2980:	08 95       	ret

		case '4':
		{
			morse.pattern = 0x10;   /* 0001 0000; */
			morse.lengthInSymbols = 5;
			morse.lengthInElements = 11;
    2982:	8b e0       	ldi	r24, 0x0B	; 11
		break;

		case '4':
		{
			morse.pattern = 0x10;   /* 0001 0000; */
			morse.lengthInSymbols = 5;
    2984:	75 e0       	ldi	r23, 0x05	; 5
		}
		break;

		case '4':
		{
			morse.pattern = 0x10;   /* 0001 0000; */
    2986:	60 e1       	ldi	r22, 0x10	; 16
			morse.lengthInSymbols = 5;
			morse.lengthInElements = 11;
		}
		break;
    2988:	08 95       	ret

		case '5':
		{
			morse.pattern = 0x00;   /* 0000 0000; */
			morse.lengthInSymbols = 5;
			morse.lengthInElements = 9;
    298a:	89 e0       	ldi	r24, 0x09	; 9
		break;

		case '5':
		{
			morse.pattern = 0x00;   /* 0000 0000; */
			morse.lengthInSymbols = 5;
    298c:	75 e0       	ldi	r23, 0x05	; 5
		}
		break;

		case '5':
		{
			morse.pattern = 0x00;   /* 0000 0000; */
    298e:	60 e0       	ldi	r22, 0x00	; 0
			morse.lengthInSymbols = 5;
			morse.lengthInElements = 9;
		}
		break;
    2990:	08 95       	ret

		case '6':
		{
			morse.pattern = 0x01;   /* 0000 0001; */
			morse.lengthInSymbols = 5;
			morse.lengthInElements = 11;
    2992:	8b e0       	ldi	r24, 0x0B	; 11
		break;

		case '6':
		{
			morse.pattern = 0x01;   /* 0000 0001; */
			morse.lengthInSymbols = 5;
    2994:	75 e0       	ldi	r23, 0x05	; 5
		}
		break;

		case '6':
		{
			morse.pattern = 0x01;   /* 0000 0001; */
    2996:	61 e0       	ldi	r22, 0x01	; 1
			morse.lengthInSymbols = 5;
			morse.lengthInElements = 11;
		}
		break;
    2998:	08 95       	ret

		case '7':
		{
			morse.pattern = 0x03;   /* 0000 0011; */
			morse.lengthInSymbols = 5;
			morse.lengthInElements = 13;
    299a:	8d e0       	ldi	r24, 0x0D	; 13
		break;

		case '7':
		{
			morse.pattern = 0x03;   /* 0000 0011; */
			morse.lengthInSymbols = 5;
    299c:	75 e0       	ldi	r23, 0x05	; 5
		}
		break;

		case '7':
		{
			morse.pattern = 0x03;   /* 0000 0011; */
    299e:	63 e0       	ldi	r22, 0x03	; 3
			morse.lengthInSymbols = 5;
			morse.lengthInElements = 13;
		}
		break;
    29a0:	08 95       	ret

		case '8':
		{
			morse.pattern = 0x07;   /* 0000 0111; */
			morse.lengthInSymbols = 5;
			morse.lengthInElements = 15;
    29a2:	8f e0       	ldi	r24, 0x0F	; 15
		break;

		case '8':
		{
			morse.pattern = 0x07;   /* 0000 0111; */
			morse.lengthInSymbols = 5;
    29a4:	75 e0       	ldi	r23, 0x05	; 5
		}
		break;

		case '8':
		{
			morse.pattern = 0x07;   /* 0000 0111; */
    29a6:	67 e0       	ldi	r22, 0x07	; 7
			morse.lengthInSymbols = 5;
			morse.lengthInElements = 15;
		}
		break;
    29a8:	08 95       	ret

		case '9':
		{
			morse.pattern = 0x0f;   /* 0000 1111; */
			morse.lengthInSymbols = 5;
			morse.lengthInElements = 17;
    29aa:	81 e1       	ldi	r24, 0x11	; 17
		break;

		case '9':
		{
			morse.pattern = 0x0f;   /* 0000 1111; */
			morse.lengthInSymbols = 5;
    29ac:	75 e0       	ldi	r23, 0x05	; 5
		}
		break;

		case '9':
		{
			morse.pattern = 0x0f;   /* 0000 1111; */
    29ae:	6f e0       	ldi	r22, 0x0F	; 15
			morse.lengthInSymbols = 5;
			morse.lengthInElements = 17;
		}
		break;
    29b0:	08 95       	ret

		case '.':
		{
			morse.pattern = 0x2a;   /* 0010 1010; */
			morse.lengthInSymbols = 6;
			morse.lengthInElements = 17;
    29b2:	81 e1       	ldi	r24, 0x11	; 17
		break;

		case '.':
		{
			morse.pattern = 0x2a;   /* 0010 1010; */
			morse.lengthInSymbols = 6;
    29b4:	76 e0       	ldi	r23, 0x06	; 6
		}
		break;

		case '.':
		{
			morse.pattern = 0x2a;   /* 0010 1010; */
    29b6:	6a e2       	ldi	r22, 0x2A	; 42
			morse.lengthInSymbols = 6;
			morse.lengthInElements = 17;
		}
		break;
    29b8:	08 95       	ret

		case ',':
		{
			morse.pattern = 0x33;   /* 0011 0011; */
			morse.lengthInSymbols = 6;
			morse.lengthInElements = 19;
    29ba:	83 e1       	ldi	r24, 0x13	; 19
		break;

		case ',':
		{
			morse.pattern = 0x33;   /* 0011 0011; */
			morse.lengthInSymbols = 6;
    29bc:	76 e0       	ldi	r23, 0x06	; 6
		}
		break;

		case ',':
		{
			morse.pattern = 0x33;   /* 0011 0011; */
    29be:	63 e3       	ldi	r22, 0x33	; 51
			morse.lengthInSymbols = 6;
			morse.lengthInElements = 19;
		}
		break;
    29c0:	08 95       	ret

		case '?':
		{
			morse.pattern = 0x0c;   /* 0000 1100; */
			morse.lengthInSymbols = 6;
			morse.lengthInElements = 15;
    29c2:	8f e0       	ldi	r24, 0x0F	; 15
		break;

		case '?':
		{
			morse.pattern = 0x0c;   /* 0000 1100; */
			morse.lengthInSymbols = 6;
    29c4:	76 e0       	ldi	r23, 0x06	; 6
		}
		break;

		case '?':
		{
			morse.pattern = 0x0c;   /* 0000 1100; */
    29c6:	6c e0       	ldi	r22, 0x0C	; 12
			morse.lengthInSymbols = 6;
			morse.lengthInElements = 15;
		}
		break;
    29c8:	08 95       	ret

		case '\'':
		{
			morse.pattern = 0x1e;   /* 0001 1110; */
			morse.lengthInSymbols = 6;
			morse.lengthInElements = 19;
    29ca:	83 e1       	ldi	r24, 0x13	; 19
		break;

		case '\'':
		{
			morse.pattern = 0x1e;   /* 0001 1110; */
			morse.lengthInSymbols = 6;
    29cc:	76 e0       	ldi	r23, 0x06	; 6
		}
		break;

		case '\'':
		{
			morse.pattern = 0x1e;   /* 0001 1110; */
    29ce:	6e e1       	ldi	r22, 0x1E	; 30
			morse.lengthInSymbols = 6;
			morse.lengthInElements = 19;
		}
		break;
    29d0:	08 95       	ret

		case '!':
		{
			morse.pattern = 0x35;   /* 0011 0101; */
			morse.lengthInSymbols = 6;
			morse.lengthInElements = 19;
    29d2:	83 e1       	ldi	r24, 0x13	; 19
		break;

		case '!':
		{
			morse.pattern = 0x35;   /* 0011 0101; */
			morse.lengthInSymbols = 6;
    29d4:	76 e0       	ldi	r23, 0x06	; 6
		}
		break;

		case '!':
		{
			morse.pattern = 0x35;   /* 0011 0101; */
    29d6:	65 e3       	ldi	r22, 0x35	; 53
			morse.lengthInSymbols = 6;
			morse.lengthInElements = 19;
		}
		break;
    29d8:	08 95       	ret

		case '/':
		{
			morse.pattern = 0x09;   /* 0000 1001; */
			morse.lengthInSymbols = 5;
			morse.lengthInElements = 13;
    29da:	8d e0       	ldi	r24, 0x0D	; 13
		break;

		case '/':
		{
			morse.pattern = 0x09;   /* 0000 1001; */
			morse.lengthInSymbols = 5;
    29dc:	75 e0       	ldi	r23, 0x05	; 5
		}
		break;

		case '/':
		{
			morse.pattern = 0x09;   /* 0000 1001; */
    29de:	69 e0       	ldi	r22, 0x09	; 9
			morse.lengthInSymbols = 5;
			morse.lengthInElements = 13;
		}
		break;
    29e0:	08 95       	ret

		case '(':
		{
			morse.pattern = 0x0d;   /* 0000 1101; */
			morse.lengthInSymbols = 5;
			morse.lengthInElements = 15;
    29e2:	8f e0       	ldi	r24, 0x0F	; 15
		break;

		case '(':
		{
			morse.pattern = 0x0d;   /* 0000 1101; */
			morse.lengthInSymbols = 5;
    29e4:	75 e0       	ldi	r23, 0x05	; 5
		}
		break;

		case '(':
		{
			morse.pattern = 0x0d;   /* 0000 1101; */
    29e6:	6d e0       	ldi	r22, 0x0D	; 13
			morse.lengthInSymbols = 5;
			morse.lengthInElements = 15;
		}
		break;
    29e8:	08 95       	ret

		case ')':
		{
			morse.pattern = 0x2d;   /* 0010 1101; */
			morse.lengthInSymbols = 6;
			morse.lengthInElements = 19;
    29ea:	83 e1       	ldi	r24, 0x13	; 19
		break;

		case ')':
		{
			morse.pattern = 0x2d;   /* 0010 1101; */
			morse.lengthInSymbols = 6;
    29ec:	76 e0       	ldi	r23, 0x06	; 6
		}
		break;

		case ')':
		{
			morse.pattern = 0x2d;   /* 0010 1101; */
    29ee:	6d e2       	ldi	r22, 0x2D	; 45
			morse.lengthInSymbols = 6;
			morse.lengthInElements = 19;
		}
		break;
    29f0:	08 95       	ret

		case '&':
		{
			morse.pattern = 0x02;   /* 0000 0010; */
			morse.lengthInSymbols = 5;
			morse.lengthInElements = 11;
    29f2:	8b e0       	ldi	r24, 0x0B	; 11
		break;

		case '&':
		{
			morse.pattern = 0x02;   /* 0000 0010; */
			morse.lengthInSymbols = 5;
    29f4:	75 e0       	ldi	r23, 0x05	; 5
		}
		break;

		case '&':
		{
			morse.pattern = 0x02;   /* 0000 0010; */
    29f6:	62 e0       	ldi	r22, 0x02	; 2
			morse.lengthInSymbols = 5;
			morse.lengthInElements = 11;
		}
		break;
    29f8:	08 95       	ret

		case ':':
		{
			morse.pattern = 0x07;   /* 0000 0111; */
			morse.lengthInSymbols = 6;
			morse.lengthInElements = 17;
    29fa:	81 e1       	ldi	r24, 0x11	; 17
		break;

		case ':':
		{
			morse.pattern = 0x07;   /* 0000 0111; */
			morse.lengthInSymbols = 6;
    29fc:	76 e0       	ldi	r23, 0x06	; 6
		}
		break;

		case ':':
		{
			morse.pattern = 0x07;   /* 0000 0111; */
    29fe:	67 e0       	ldi	r22, 0x07	; 7
			morse.lengthInSymbols = 6;
			morse.lengthInElements = 17;
		}
		break;
    2a00:	08 95       	ret

		case ';':
		{
			morse.pattern = 0x15;   /* 0001 0101; */
			morse.lengthInSymbols = 6;
			morse.lengthInElements = 12;
    2a02:	8c e0       	ldi	r24, 0x0C	; 12
		break;

		case ';':
		{
			morse.pattern = 0x15;   /* 0001 0101; */
			morse.lengthInSymbols = 6;
    2a04:	76 e0       	ldi	r23, 0x06	; 6
		}
		break;

		case ';':
		{
			morse.pattern = 0x15;   /* 0001 0101; */
    2a06:	65 e1       	ldi	r22, 0x15	; 21
			morse.lengthInSymbols = 6;
			morse.lengthInElements = 12;
		}
		break;
    2a08:	08 95       	ret

		case '=':
		{
			morse.pattern = 0x11;   /* 0001 0001; */
			morse.lengthInSymbols = 5;
			morse.lengthInElements = 13;
    2a0a:	8d e0       	ldi	r24, 0x0D	; 13
		break;

		case '=':
		{
			morse.pattern = 0x11;   /* 0001 0001; */
			morse.lengthInSymbols = 5;
    2a0c:	75 e0       	ldi	r23, 0x05	; 5
		}
		break;

		case '=':
		{
			morse.pattern = 0x11;   /* 0001 0001; */
    2a0e:	61 e1       	ldi	r22, 0x11	; 17
			morse.lengthInSymbols = 5;
			morse.lengthInElements = 13;
		}
		break;
    2a10:	08 95       	ret

		case '+':
		{
			morse.pattern = 0x0a;   /* 0000 1010; */
			morse.lengthInSymbols = 5;
			morse.lengthInElements = 13;
    2a12:	8d e0       	ldi	r24, 0x0D	; 13
		break;

		case '+':
		{
			morse.pattern = 0x0a;   /* 0000 1010; */
			morse.lengthInSymbols = 5;
    2a14:	75 e0       	ldi	r23, 0x05	; 5
		}
		break;

		case '+':
		{
			morse.pattern = 0x0a;   /* 0000 1010; */
    2a16:	6a e0       	ldi	r22, 0x0A	; 10
			morse.lengthInSymbols = 5;
			morse.lengthInElements = 13;
		}
		break;
    2a18:	08 95       	ret

		case '-':
		{
			morse.pattern = 0x21;   /* 0010 0001; */
			morse.lengthInSymbols = 6;
			morse.lengthInElements = 15;
    2a1a:	8f e0       	ldi	r24, 0x0F	; 15
		break;

		case '-':
		{
			morse.pattern = 0x21;   /* 0010 0001; */
			morse.lengthInSymbols = 6;
    2a1c:	76 e0       	ldi	r23, 0x06	; 6
		}
		break;

		case '-':
		{
			morse.pattern = 0x21;   /* 0010 0001; */
    2a1e:	61 e2       	ldi	r22, 0x21	; 33
			morse.lengthInSymbols = 6;
			morse.lengthInElements = 15;
		}
		break;
    2a20:	08 95       	ret

		case '_':
		{
			morse.pattern = 0x2c;   /* 0010 1100; */
			morse.lengthInSymbols = 6;
			morse.lengthInElements = 17;
    2a22:	81 e1       	ldi	r24, 0x11	; 17
		break;

		case '_':
		{
			morse.pattern = 0x2c;   /* 0010 1100; */
			morse.lengthInSymbols = 6;
    2a24:	76 e0       	ldi	r23, 0x06	; 6
		}
		break;

		case '_':
		{
			morse.pattern = 0x2c;   /* 0010 1100; */
    2a26:	6c e2       	ldi	r22, 0x2C	; 44
			morse.lengthInSymbols = 6;
			morse.lengthInElements = 17;
		}
		break;
    2a28:	08 95       	ret

		case '"':
		{
			morse.pattern = 0x12;   /* 0001 0010; */
			morse.lengthInSymbols = 6;
			morse.lengthInElements = 15;
    2a2a:	8f e0       	ldi	r24, 0x0F	; 15
		break;

		case '"':
		{
			morse.pattern = 0x12;   /* 0001 0010; */
			morse.lengthInSymbols = 6;
    2a2c:	76 e0       	ldi	r23, 0x06	; 6
		}
		break;

		case '"':
		{
			morse.pattern = 0x12;   /* 0001 0010; */
    2a2e:	62 e1       	ldi	r22, 0x12	; 18
			morse.lengthInSymbols = 6;
			morse.lengthInElements = 15;
		}
		break;
    2a30:	08 95       	ret

		case '$':
		{
			morse.pattern = 0x48;   /* 0100 1000; */
			morse.lengthInSymbols = 7;
			morse.lengthInElements = 17;
    2a32:	81 e1       	ldi	r24, 0x11	; 17
		break;

		case '$':
		{
			morse.pattern = 0x48;   /* 0100 1000; */
			morse.lengthInSymbols = 7;
    2a34:	77 e0       	ldi	r23, 0x07	; 7
		}
		break;

		case '$':
		{
			morse.pattern = 0x48;   /* 0100 1000; */
    2a36:	68 e4       	ldi	r22, 0x48	; 72
			morse.lengthInSymbols = 7;
			morse.lengthInElements = 17;
		}
		break;
    2a38:	08 95       	ret

		case '@':
		{
			morse.pattern = 0x16;   /* 0001 0110; */
			morse.lengthInSymbols = 6;
			morse.lengthInElements = 17;
    2a3a:	81 e1       	ldi	r24, 0x11	; 17
		break;

		case '@':
		{
			morse.pattern = 0x16;   /* 0001 0110; */
			morse.lengthInSymbols = 6;
    2a3c:	76 e0       	ldi	r23, 0x06	; 6
		}
		break;

		case '@':
		{
			morse.pattern = 0x16;   /* 0001 0110; */
    2a3e:	66 e1       	ldi	r22, 0x16	; 22
			morse.lengthInSymbols = 6;
			morse.lengthInElements = 17;
		}
		break;
    2a40:	08 95       	ret

		case '|':                       /* inter-word space */
		{ morse.pattern = 0xff;         /* 1000 0000; */
		  morse.lengthInSymbols = 7;
		  morse.lengthInElements = 4;   /* adjusted by -3 to account for inter-character space */
    2a42:	84 e0       	ldi	r24, 0x04	; 4
		}
		break;

		case '|':                       /* inter-word space */
		{ morse.pattern = 0xff;         /* 1000 0000; */
		  morse.lengthInSymbols = 7;
    2a44:	77 e0       	ldi	r23, 0x07	; 7
			morse.lengthInElements = 17;
		}
		break;

		case '|':                       /* inter-word space */
		{ morse.pattern = 0xff;         /* 1000 0000; */
    2a46:	6f ef       	ldi	r22, 0xFF	; 255
		  morse.lengthInSymbols = 7;
		  morse.lengthInElements = 4;   /* adjusted by -3 to account for inter-character space */
		}
		break;
    2a48:	08 95       	ret

		case ' ':                       /* inter-word space */
		{ morse.pattern = 0xfe;         /* 1000 0000; */
		  morse.lengthInSymbols = 7;
		  morse.lengthInElements = 7;   /* 4 + 3 (character space) = 7 */
    2a4a:	87 e0       	ldi	r24, 0x07	; 7
		}
		break;

		case ' ':                       /* inter-word space */
		{ morse.pattern = 0xfe;         /* 1000 0000; */
		  morse.lengthInSymbols = 7;
    2a4c:	77 e0       	ldi	r23, 0x07	; 7
		  morse.lengthInElements = 4;   /* adjusted by -3 to account for inter-character space */
		}
		break;

		case ' ':                       /* inter-word space */
		{ morse.pattern = 0xfe;         /* 1000 0000; */
    2a4e:	6e ef       	ldi	r22, 0xFE	; 254
		  morse.lengthInSymbols = 7;
		  morse.lengthInElements = 7;   /* 4 + 3 (character space) = 7 */
		}
		break;
    2a50:	08 95       	ret

		case '<':                       /* long keydown */
		{
			morse.pattern = 0x1f;       /* 0001 1111; */
			morse.lengthInSymbols = 5;
			morse.lengthInElements = 19;
    2a52:	83 e1       	ldi	r24, 0x13	; 19
		break;

		case '<':                       /* long keydown */
		{
			morse.pattern = 0x1f;       /* 0001 1111; */
			morse.lengthInSymbols = 5;
    2a54:	75 e0       	ldi	r23, 0x05	; 5
		}
		break;

		case '<':                       /* long keydown */
		{
			morse.pattern = 0x1f;       /* 0001 1111; */
    2a56:	6f e1       	ldi	r22, 0x1F	; 31
			morse.lengthInSymbols = 5;
			morse.lengthInElements = 19;
		}
		break;
    2a58:	08 95       	ret

		default:
		{
			morse.pattern = 0x0000; /* 0000 0000; */
			morse.lengthInSymbols = 0;
			morse.lengthInElements = 0;
    2a5a:	80 e0       	ldi	r24, 0x00	; 0
		break;

		default:
		{
			morse.pattern = 0x0000; /* 0000 0000; */
			morse.lengthInSymbols = 0;
    2a5c:	70 e0       	ldi	r23, 0x00	; 0
		}
		break;

		default:
		{
			morse.pattern = 0x0000; /* 0000 0000; */
    2a5e:	60 e0       	ldi	r22, 0x00	; 0
			morse.lengthInSymbols = 0;
			morse.lengthInElements = 0;
		}
		break;
    2a60:	08 95       	ret
	{
		case 'A':
		{
			morse.pattern = 0x02;   /* 0000 0010; */
			morse.lengthInSymbols = 2;
			morse.lengthInElements = 5;
    2a62:	85 e0       	ldi	r24, 0x05	; 5
	switch( c )
	{
		case 'A':
		{
			morse.pattern = 0x02;   /* 0000 0010; */
			morse.lengthInSymbols = 2;
    2a64:	72 e0       	ldi	r23, 0x02	; 2

	switch( c )
	{
		case 'A':
		{
			morse.pattern = 0x02;   /* 0000 0010; */
    2a66:	62 e0       	ldi	r22, 0x02	; 2
		}
		break;
	}

	return( morse);
}
    2a68:	08 95       	ret

00002a6a <makeMorse>:
 *  Call this function with a NULL argument at intervals of 1 element of time to generate Morse code.
 *  Once loaded with a string each call to this function returns a BOOL indicating whether a CW carrier should be sent
 *  Pass in a pointer to a BOOL in the second and third arguments:
 */
BOOL makeMorse(char* s, BOOL* repeating, BOOL* finished)
{
    2a6a:	cf 93       	push	r28
    2a6c:	df 93       	push	r29
    2a6e:	ea 01       	movw	r28, r20
	static uint8_t addedSpace;      /* adds additional time to make an inter-character space */
	static BOOL completedString = FALSE;
	static BOOL carrierOn = FALSE;
	static BOOL holdKeyDown = FALSE;

	if(s)   /* load a new NULL-terminated string to send */
    2a70:	00 97       	sbiw	r24, 0x00	; 0
    2a72:	09 f4       	brne	.+2      	; 0x2a76 <makeMorse+0xc>
    2a74:	41 c0       	rjmp	.+130    	; 0x2af8 <makeMorse+0x8e>
	{
		holdKeyDown = FALSE;
    2a76:	10 92 77 04 	sts	0x0477, r1	; 0x800477 <_ZZ9makeMorseE11holdKeyDown>

		if(repeating)
    2a7a:	61 15       	cp	r22, r1
    2a7c:	71 05       	cpc	r23, r1
    2a7e:	21 f0       	breq	.+8      	; 0x2a88 <makeMorse+0x1e>
		{
			repeat = *repeating;
    2a80:	db 01       	movw	r26, r22
    2a82:	2c 91       	ld	r18, X
    2a84:	20 93 12 01 	sts	0x0112, r18	; 0x800112 <_ZZ9makeMorseE6repeat>
		}

		if(*s)
    2a88:	fc 01       	movw	r30, r24
    2a8a:	20 81       	ld	r18, Z
    2a8c:	22 23       	and	r18, r18
    2a8e:	31 f1       	breq	.+76     	; 0x2adc <makeMorse+0x72>
		{
			if(str != s) /* Passing in the same pointer will not change the state of Morse.c */
    2a90:	40 91 75 04 	lds	r20, 0x0475	; 0x800475 <_ZZ9makeMorseE3str>
    2a94:	50 91 76 04 	lds	r21, 0x0476	; 0x800476 <_ZZ9makeMorseE3str+0x1>
    2a98:	84 17       	cp	r24, r20
    2a9a:	95 07       	cpc	r25, r21
    2a9c:	09 f4       	brne	.+2      	; 0x2aa0 <makeMorse+0x36>
    2a9e:	e9 c0       	rjmp	.+466    	; 0x2c72 <makeMorse+0x208>
			{
				str = s;
    2aa0:	90 93 76 04 	sts	0x0476, r25	; 0x800476 <_ZZ9makeMorseE3str+0x1>
    2aa4:	80 93 75 04 	sts	0x0475, r24	; 0x800475 <_ZZ9makeMorseE3str>
				c = ' ';
    2aa8:	80 e2       	ldi	r24, 0x20	; 32
    2aaa:	80 93 11 01 	sts	0x0111, r24	; 0x800111 <_ZZ9makeMorseE1c>
				morseInProgress = getMorseChar(*str);
    2aae:	82 2f       	mov	r24, r18
    2ab0:	0e 94 3f 14 	call	0x287e	; 0x287e <_Z12getMorseCharc>
    2ab4:	60 93 72 04 	sts	0x0472, r22	; 0x800472 <_ZZ9makeMorseE15morseInProgress>
    2ab8:	70 93 73 04 	sts	0x0473, r23	; 0x800473 <_ZZ9makeMorseE15morseInProgress+0x1>
    2abc:	80 93 74 04 	sts	0x0474, r24	; 0x800474 <_ZZ9makeMorseE15morseInProgress+0x2>
				charIndex = 0;
    2ac0:	10 92 71 04 	sts	0x0471, r1	; 0x800471 <_ZZ9makeMorseE9charIndex>
				symbolIndex = 0;
    2ac4:	10 92 70 04 	sts	0x0470, r1	; 0x800470 <_ZZ9makeMorseE11symbolIndex>
				elementIndex = 0;
    2ac8:	10 92 6f 04 	sts	0x046F, r1	; 0x80046f <_ZZ9makeMorseE12elementIndex>
				addedSpace = 0;
    2acc:	10 92 6e 04 	sts	0x046E, r1	; 0x80046e <_ZZ9makeMorseE10addedSpace>
				completedString = FALSE;
    2ad0:	10 92 6d 04 	sts	0x046D, r1	; 0x80046d <_ZZ9makeMorseE15completedString>
				carrierOn = FALSE;
    2ad4:	10 92 6c 04 	sts	0x046C, r1	; 0x80046c <_ZZ9makeMorseE9carrierOn>
			}

			carrierOn = FALSE;
		}

		return( OFF);
    2ad8:	80 e0       	ldi	r24, 0x00	; 0
    2ada:	d0 c0       	rjmp	.+416    	; 0x2c7c <makeMorse+0x212>
				carrierOn = FALSE;
			}
		}
		else    /* a zero-length string shuts down makeMorse */
		{
			str = NULL;
    2adc:	10 92 76 04 	sts	0x0476, r1	; 0x800476 <_ZZ9makeMorseE3str+0x1>
    2ae0:	10 92 75 04 	sts	0x0475, r1	; 0x800475 <_ZZ9makeMorseE3str>
			completedString = TRUE;
    2ae4:	81 e0       	ldi	r24, 0x01	; 1
    2ae6:	80 93 6d 04 	sts	0x046D, r24	; 0x80046d <_ZZ9makeMorseE15completedString>
			if(finished)
    2aea:	20 97       	sbiw	r28, 0x00	; 0
    2aec:	09 f0       	breq	.+2      	; 0x2af0 <makeMorse+0x86>
			{
				*finished = TRUE;
    2aee:	88 83       	st	Y, r24
			}

			carrierOn = FALSE;
    2af0:	10 92 6c 04 	sts	0x046C, r1	; 0x80046c <_ZZ9makeMorseE9carrierOn>
		}

		return( OFF);
    2af4:	80 e0       	ldi	r24, 0x00	; 0
    2af6:	c2 c0       	rjmp	.+388    	; 0x2c7c <makeMorse+0x212>
	}
	else if(str)
    2af8:	e0 91 75 04 	lds	r30, 0x0475	; 0x800475 <_ZZ9makeMorseE3str>
    2afc:	f0 91 76 04 	lds	r31, 0x0476	; 0x800476 <_ZZ9makeMorseE3str+0x1>
    2b00:	30 97       	sbiw	r30, 0x00	; 0
    2b02:	09 f4       	brne	.+2      	; 0x2b06 <makeMorse+0x9c>
    2b04:	aa c0       	rjmp	.+340    	; 0x2c5a <makeMorse+0x1f0>
	{
		if(repeating)
    2b06:	61 15       	cp	r22, r1
    2b08:	71 05       	cpc	r23, r1
    2b0a:	21 f0       	breq	.+8      	; 0x2b14 <makeMorse+0xaa>
		{
			*repeating = repeat;
    2b0c:	80 91 12 01 	lds	r24, 0x0112	; 0x800112 <_ZZ9makeMorseE6repeat>
    2b10:	db 01       	movw	r26, r22
    2b12:	8c 93       	st	X, r24
		}

		if(completedString)
    2b14:	80 91 6d 04 	lds	r24, 0x046D	; 0x80046d <_ZZ9makeMorseE15completedString>
    2b18:	88 23       	and	r24, r24
    2b1a:	49 f0       	breq	.+18     	; 0x2b2e <makeMorse+0xc4>
		{
			if(finished)
    2b1c:	20 97       	sbiw	r28, 0x00	; 0
    2b1e:	09 f4       	brne	.+2      	; 0x2b22 <makeMorse+0xb8>
    2b20:	aa c0       	rjmp	.+340    	; 0x2c76 <makeMorse+0x20c>
			{
				*finished = TRUE;
    2b22:	81 e0       	ldi	r24, 0x01	; 1
    2b24:	88 83       	st	Y, r24
				holdKeyDown = FALSE;
    2b26:	10 92 77 04 	sts	0x0477, r1	; 0x800477 <_ZZ9makeMorseE11holdKeyDown>
			}
			return( OFF);
    2b2a:	80 e0       	ldi	r24, 0x00	; 0
    2b2c:	a7 c0       	rjmp	.+334    	; 0x2c7c <makeMorse+0x212>
		}

		if(elementIndex)
    2b2e:	80 91 6f 04 	lds	r24, 0x046F	; 0x80046f <_ZZ9makeMorseE12elementIndex>
    2b32:	88 23       	and	r24, r24
    2b34:	21 f0       	breq	.+8      	; 0x2b3e <makeMorse+0xd4>
		{
			elementIndex--;
    2b36:	81 50       	subi	r24, 0x01	; 1
    2b38:	80 93 6f 04 	sts	0x046F, r24	; 0x80046f <_ZZ9makeMorseE12elementIndex>
    2b3c:	7f c0       	rjmp	.+254    	; 0x2c3c <makeMorse+0x1d2>
		}
		else if(carrierOn && !holdKeyDown)  /* carrier is on, so turn it off and wait appropriate amount of space */
    2b3e:	80 91 6c 04 	lds	r24, 0x046C	; 0x80046c <_ZZ9makeMorseE9carrierOn>
    2b42:	88 23       	and	r24, r24
    2b44:	81 f0       	breq	.+32     	; 0x2b66 <makeMorse+0xfc>
    2b46:	80 91 77 04 	lds	r24, 0x0477	; 0x800477 <_ZZ9makeMorseE11holdKeyDown>
    2b4a:	81 11       	cpse	r24, r1
    2b4c:	0c c0       	rjmp	.+24     	; 0x2b66 <makeMorse+0xfc>
		{
			carrierOn = FALSE;
    2b4e:	10 92 6c 04 	sts	0x046C, r1	; 0x80046c <_ZZ9makeMorseE9carrierOn>
			/* wait one element = inter-symbol space */
			if(addedSpace)
    2b52:	80 91 6e 04 	lds	r24, 0x046E	; 0x80046e <_ZZ9makeMorseE10addedSpace>
    2b56:	88 23       	and	r24, r24
    2b58:	09 f4       	brne	.+2      	; 0x2b5c <makeMorse+0xf2>
    2b5a:	70 c0       	rjmp	.+224    	; 0x2c3c <makeMorse+0x1d2>
			{
				elementIndex = addedSpace;
    2b5c:	80 93 6f 04 	sts	0x046F, r24	; 0x80046f <_ZZ9makeMorseE12elementIndex>
				addedSpace = 0;
    2b60:	10 92 6e 04 	sts	0x046E, r1	; 0x80046e <_ZZ9makeMorseE10addedSpace>
    2b64:	6b c0       	rjmp	.+214    	; 0x2c3c <makeMorse+0x1d2>
			}
			/* wait inter-character space */
		}
		else    /* carrier is off, so turn it on and get next symbol */
		{
			if(symbolIndex >= morseInProgress.lengthInSymbols)
    2b66:	90 91 73 04 	lds	r25, 0x0473	; 0x800473 <_ZZ9makeMorseE15morseInProgress+0x1>
    2b6a:	80 91 70 04 	lds	r24, 0x0470	; 0x800470 <_ZZ9makeMorseE11symbolIndex>
    2b6e:	89 17       	cp	r24, r25
    2b70:	90 f1       	brcs	.+100    	; 0x2bd6 <makeMorse+0x16c>
			{
				c = (*(str + ++charIndex));
    2b72:	80 91 71 04 	lds	r24, 0x0471	; 0x800471 <_ZZ9makeMorseE9charIndex>
    2b76:	8f 5f       	subi	r24, 0xFF	; 255
    2b78:	80 93 71 04 	sts	0x0471, r24	; 0x800471 <_ZZ9makeMorseE9charIndex>
    2b7c:	df 01       	movw	r26, r30
    2b7e:	a8 0f       	add	r26, r24
    2b80:	b1 1d       	adc	r27, r1
    2b82:	8c 91       	ld	r24, X
    2b84:	80 93 11 01 	sts	0x0111, r24	; 0x800111 <_ZZ9makeMorseE1c>

				if(!c)  /* wrap to beginning of text */
    2b88:	81 11       	cpse	r24, r1
    2b8a:	19 c0       	rjmp	.+50     	; 0x2bbe <makeMorse+0x154>
				{
					if(repeat)
    2b8c:	80 91 12 01 	lds	r24, 0x0112	; 0x800112 <_ZZ9makeMorseE6repeat>
    2b90:	88 23       	and	r24, r24
    2b92:	31 f0       	breq	.+12     	; 0x2ba0 <makeMorse+0x136>
					{
						c = *str;
    2b94:	80 81       	ld	r24, Z
    2b96:	80 93 11 01 	sts	0x0111, r24	; 0x800111 <_ZZ9makeMorseE1c>
						charIndex = 0;
    2b9a:	10 92 71 04 	sts	0x0471, r1	; 0x800471 <_ZZ9makeMorseE9charIndex>
    2b9e:	0f c0       	rjmp	.+30     	; 0x2bbe <makeMorse+0x154>
					}
					else
					{
						str = NULL;
    2ba0:	10 92 76 04 	sts	0x0476, r1	; 0x800476 <_ZZ9makeMorseE3str+0x1>
    2ba4:	10 92 75 04 	sts	0x0475, r1	; 0x800475 <_ZZ9makeMorseE3str>
						carrierOn = FALSE;
    2ba8:	10 92 6c 04 	sts	0x046C, r1	; 0x80046c <_ZZ9makeMorseE9carrierOn>
						completedString = TRUE;
    2bac:	91 e0       	ldi	r25, 0x01	; 1
    2bae:	90 93 6d 04 	sts	0x046D, r25	; 0x80046d <_ZZ9makeMorseE15completedString>
						if(finished)
    2bb2:	20 97       	sbiw	r28, 0x00	; 0
    2bb4:	09 f0       	breq	.+2      	; 0x2bb8 <makeMorse+0x14e>
						{
							*finished = TRUE;
    2bb6:	98 83       	st	Y, r25
						}
						holdKeyDown = FALSE;
    2bb8:	10 92 77 04 	sts	0x0477, r1	; 0x800477 <_ZZ9makeMorseE11holdKeyDown>
						return( OFF );
    2bbc:	5f c0       	rjmp	.+190    	; 0x2c7c <makeMorse+0x212>
					}
				}

				morseInProgress = getMorseChar(c);
    2bbe:	80 91 11 01 	lds	r24, 0x0111	; 0x800111 <_ZZ9makeMorseE1c>
    2bc2:	0e 94 3f 14 	call	0x287e	; 0x287e <_Z12getMorseCharc>
    2bc6:	60 93 72 04 	sts	0x0472, r22	; 0x800472 <_ZZ9makeMorseE15morseInProgress>
    2bca:	70 93 73 04 	sts	0x0473, r23	; 0x800473 <_ZZ9makeMorseE15morseInProgress+0x1>
    2bce:	80 93 74 04 	sts	0x0474, r24	; 0x800474 <_ZZ9makeMorseE15morseInProgress+0x2>
				symbolIndex = 0;
    2bd2:	10 92 70 04 	sts	0x0470, r1	; 0x800470 <_ZZ9makeMorseE11symbolIndex>
			}

			if(morseInProgress.pattern < INTER_WORD_SPACE)
    2bd6:	20 91 72 04 	lds	r18, 0x0472	; 0x800472 <_ZZ9makeMorseE15morseInProgress>
    2bda:	2d 3f       	cpi	r18, 0xFD	; 253
    2bdc:	00 f5       	brcc	.+64     	; 0x2c1e <makeMorse+0x1b4>
			{
				BOOL isDah = morseInProgress.pattern & (1 << symbolIndex++);
    2bde:	40 91 70 04 	lds	r20, 0x0470	; 0x800470 <_ZZ9makeMorseE11symbolIndex>
    2be2:	31 e0       	ldi	r19, 0x01	; 1
    2be4:	34 0f       	add	r19, r20
    2be6:	30 93 70 04 	sts	0x0470, r19	; 0x800470 <_ZZ9makeMorseE11symbolIndex>

				if(isDah)
    2bea:	81 e0       	ldi	r24, 0x01	; 1
    2bec:	90 e0       	ldi	r25, 0x00	; 0
    2bee:	02 c0       	rjmp	.+4      	; 0x2bf4 <makeMorse+0x18a>
    2bf0:	88 0f       	add	r24, r24
    2bf2:	99 1f       	adc	r25, r25
    2bf4:	4a 95       	dec	r20
    2bf6:	e2 f7       	brpl	.-8      	; 0x2bf0 <makeMorse+0x186>
    2bf8:	82 23       	and	r24, r18
    2bfa:	21 f0       	breq	.+8      	; 0x2c04 <makeMorse+0x19a>
				{
					elementIndex = 2;
    2bfc:	82 e0       	ldi	r24, 0x02	; 2
    2bfe:	80 93 6f 04 	sts	0x046F, r24	; 0x80046f <_ZZ9makeMorseE12elementIndex>
    2c02:	02 c0       	rjmp	.+4      	; 0x2c08 <makeMorse+0x19e>
				}
				else
				{
					elementIndex = 0;
    2c04:	10 92 6f 04 	sts	0x046F, r1	; 0x80046f <_ZZ9makeMorseE12elementIndex>
				}

				carrierOn = TRUE;
    2c08:	81 e0       	ldi	r24, 0x01	; 1
    2c0a:	80 93 6c 04 	sts	0x046C, r24	; 0x80046c <_ZZ9makeMorseE9carrierOn>

				if(symbolIndex >= morseInProgress.lengthInSymbols)
    2c0e:	80 91 73 04 	lds	r24, 0x0473	; 0x800473 <_ZZ9makeMorseE15morseInProgress+0x1>
    2c12:	38 17       	cp	r19, r24
    2c14:	98 f0       	brcs	.+38     	; 0x2c3c <makeMorse+0x1d2>
				{
					addedSpace = 2;
    2c16:	82 e0       	ldi	r24, 0x02	; 2
    2c18:	80 93 6e 04 	sts	0x046E, r24	; 0x80046e <_ZZ9makeMorseE10addedSpace>
    2c1c:	0f c0       	rjmp	.+30     	; 0x2c3c <makeMorse+0x1d2>
				}
			}
			else
			{
				uint8_t sym = morseInProgress.lengthInSymbols;
    2c1e:	80 91 73 04 	lds	r24, 0x0473	; 0x800473 <_ZZ9makeMorseE15morseInProgress+0x1>
				symbolIndex = 255;  /* ensure the next character gets read */
    2c22:	9f ef       	ldi	r25, 0xFF	; 255
    2c24:	90 93 70 04 	sts	0x0470, r25	; 0x800470 <_ZZ9makeMorseE11symbolIndex>
				carrierOn = FALSE;
    2c28:	10 92 6c 04 	sts	0x046C, r1	; 0x80046c <_ZZ9makeMorseE9carrierOn>
				if(sym >= 4 )
    2c2c:	84 30       	cpi	r24, 0x04	; 4
    2c2e:	20 f0       	brcs	.+8      	; 0x2c38 <makeMorse+0x1ce>
				{
					elementIndex = morseInProgress.lengthInSymbols - 4;
    2c30:	84 50       	subi	r24, 0x04	; 4
    2c32:	80 93 6f 04 	sts	0x046F, r24	; 0x80046f <_ZZ9makeMorseE12elementIndex>
    2c36:	02 c0       	rjmp	.+4      	; 0x2c3c <makeMorse+0x1d2>
				}
				else
				{
					elementIndex = 0;
    2c38:	10 92 6f 04 	sts	0x046F, r1	; 0x80046f <_ZZ9makeMorseE12elementIndex>
				}
			}
		}

		/* Overrides for key on and key off special characters */
		if(c == '<')    /* constant tone */
    2c3c:	80 91 11 01 	lds	r24, 0x0111	; 0x800111 <_ZZ9makeMorseE1c>
    2c40:	8c 33       	cpi	r24, 0x3C	; 60
    2c42:	31 f4       	brne	.+12     	; 0x2c50 <makeMorse+0x1e6>
		{
			holdKeyDown = TRUE;
    2c44:	81 e0       	ldi	r24, 0x01	; 1
    2c46:	80 93 77 04 	sts	0x0477, r24	; 0x800477 <_ZZ9makeMorseE11holdKeyDown>
		{
			holdKeyDown = FALSE;
		}
	}

	if(finished)
    2c4a:	20 97       	sbiw	r28, 0x00	; 0
    2c4c:	41 f4       	brne	.+16     	; 0x2c5e <makeMorse+0x1f4>
    2c4e:	16 c0       	rjmp	.+44     	; 0x2c7c <makeMorse+0x212>
		{
			holdKeyDown = TRUE;
		}
		else
		{
			holdKeyDown = FALSE;
    2c50:	10 92 77 04 	sts	0x0477, r1	; 0x800477 <_ZZ9makeMorseE11holdKeyDown>
		}
	}

	if(finished)
    2c54:	20 97       	sbiw	r28, 0x00	; 0
    2c56:	19 f4       	brne	.+6      	; 0x2c5e <makeMorse+0x1f4>
    2c58:	09 c0       	rjmp	.+18     	; 0x2c6c <makeMorse+0x202>
    2c5a:	20 97       	sbiw	r28, 0x00	; 0
    2c5c:	19 f0       	breq	.+6      	; 0x2c64 <makeMorse+0x1fa>
	{
		*finished = completedString;
    2c5e:	80 91 6d 04 	lds	r24, 0x046D	; 0x80046d <_ZZ9makeMorseE15completedString>
    2c62:	88 83       	st	Y, r24
	}

	if(holdKeyDown)
    2c64:	80 91 77 04 	lds	r24, 0x0477	; 0x800477 <_ZZ9makeMorseE11holdKeyDown>
    2c68:	81 11       	cpse	r24, r1
    2c6a:	07 c0       	rjmp	.+14     	; 0x2c7a <makeMorse+0x210>
	{
		return(TRUE);
	}
	else
	{
		return( carrierOn);
    2c6c:	80 91 6c 04 	lds	r24, 0x046C	; 0x80046c <_ZZ9makeMorseE9carrierOn>
    2c70:	05 c0       	rjmp	.+10     	; 0x2c7c <makeMorse+0x212>
			}

			carrierOn = FALSE;
		}

		return( OFF);
    2c72:	80 e0       	ldi	r24, 0x00	; 0
    2c74:	03 c0       	rjmp	.+6      	; 0x2c7c <makeMorse+0x212>
			if(finished)
			{
				*finished = TRUE;
				holdKeyDown = FALSE;
			}
			return( OFF);
    2c76:	80 e0       	ldi	r24, 0x00	; 0
    2c78:	01 c0       	rjmp	.+2      	; 0x2c7c <makeMorse+0x212>
		*finished = completedString;
	}

	if(holdKeyDown)
	{
		return(TRUE);
    2c7a:	81 e0       	ldi	r24, 0x01	; 1
	}
	else
	{
		return( carrierOn);
	}
}
    2c7c:	df 91       	pop	r29
    2c7e:	cf 91       	pop	r28
    2c80:	08 95       	ret

00002c82 <__subsf3>:
    2c82:	50 58       	subi	r21, 0x80	; 128

00002c84 <__addsf3>:
    2c84:	bb 27       	eor	r27, r27
    2c86:	aa 27       	eor	r26, r26
    2c88:	0e 94 59 16 	call	0x2cb2	; 0x2cb2 <__addsf3x>
    2c8c:	0c 94 31 17 	jmp	0x2e62	; 0x2e62 <__fp_round>
    2c90:	0e 94 23 17 	call	0x2e46	; 0x2e46 <__fp_pscA>
    2c94:	38 f0       	brcs	.+14     	; 0x2ca4 <__addsf3+0x20>
    2c96:	0e 94 2a 17 	call	0x2e54	; 0x2e54 <__fp_pscB>
    2c9a:	20 f0       	brcs	.+8      	; 0x2ca4 <__addsf3+0x20>
    2c9c:	39 f4       	brne	.+14     	; 0x2cac <__addsf3+0x28>
    2c9e:	9f 3f       	cpi	r25, 0xFF	; 255
    2ca0:	19 f4       	brne	.+6      	; 0x2ca8 <__addsf3+0x24>
    2ca2:	26 f4       	brtc	.+8      	; 0x2cac <__addsf3+0x28>
    2ca4:	0c 94 20 17 	jmp	0x2e40	; 0x2e40 <__fp_nan>
    2ca8:	0e f4       	brtc	.+2      	; 0x2cac <__addsf3+0x28>
    2caa:	e0 95       	com	r30
    2cac:	e7 fb       	bst	r30, 7
    2cae:	0c 94 1a 17 	jmp	0x2e34	; 0x2e34 <__fp_inf>

00002cb2 <__addsf3x>:
    2cb2:	e9 2f       	mov	r30, r25
    2cb4:	0e 94 42 17 	call	0x2e84	; 0x2e84 <__fp_split3>
    2cb8:	58 f3       	brcs	.-42     	; 0x2c90 <__addsf3+0xc>
    2cba:	ba 17       	cp	r27, r26
    2cbc:	62 07       	cpc	r22, r18
    2cbe:	73 07       	cpc	r23, r19
    2cc0:	84 07       	cpc	r24, r20
    2cc2:	95 07       	cpc	r25, r21
    2cc4:	20 f0       	brcs	.+8      	; 0x2cce <__addsf3x+0x1c>
    2cc6:	79 f4       	brne	.+30     	; 0x2ce6 <__addsf3x+0x34>
    2cc8:	a6 f5       	brtc	.+104    	; 0x2d32 <__addsf3x+0x80>
    2cca:	0c 94 64 17 	jmp	0x2ec8	; 0x2ec8 <__fp_zero>
    2cce:	0e f4       	brtc	.+2      	; 0x2cd2 <__addsf3x+0x20>
    2cd0:	e0 95       	com	r30
    2cd2:	0b 2e       	mov	r0, r27
    2cd4:	ba 2f       	mov	r27, r26
    2cd6:	a0 2d       	mov	r26, r0
    2cd8:	0b 01       	movw	r0, r22
    2cda:	b9 01       	movw	r22, r18
    2cdc:	90 01       	movw	r18, r0
    2cde:	0c 01       	movw	r0, r24
    2ce0:	ca 01       	movw	r24, r20
    2ce2:	a0 01       	movw	r20, r0
    2ce4:	11 24       	eor	r1, r1
    2ce6:	ff 27       	eor	r31, r31
    2ce8:	59 1b       	sub	r21, r25
    2cea:	99 f0       	breq	.+38     	; 0x2d12 <__addsf3x+0x60>
    2cec:	59 3f       	cpi	r21, 0xF9	; 249
    2cee:	50 f4       	brcc	.+20     	; 0x2d04 <__addsf3x+0x52>
    2cf0:	50 3e       	cpi	r21, 0xE0	; 224
    2cf2:	68 f1       	brcs	.+90     	; 0x2d4e <__addsf3x+0x9c>
    2cf4:	1a 16       	cp	r1, r26
    2cf6:	f0 40       	sbci	r31, 0x00	; 0
    2cf8:	a2 2f       	mov	r26, r18
    2cfa:	23 2f       	mov	r18, r19
    2cfc:	34 2f       	mov	r19, r20
    2cfe:	44 27       	eor	r20, r20
    2d00:	58 5f       	subi	r21, 0xF8	; 248
    2d02:	f3 cf       	rjmp	.-26     	; 0x2cea <__addsf3x+0x38>
    2d04:	46 95       	lsr	r20
    2d06:	37 95       	ror	r19
    2d08:	27 95       	ror	r18
    2d0a:	a7 95       	ror	r26
    2d0c:	f0 40       	sbci	r31, 0x00	; 0
    2d0e:	53 95       	inc	r21
    2d10:	c9 f7       	brne	.-14     	; 0x2d04 <__addsf3x+0x52>
    2d12:	7e f4       	brtc	.+30     	; 0x2d32 <__addsf3x+0x80>
    2d14:	1f 16       	cp	r1, r31
    2d16:	ba 0b       	sbc	r27, r26
    2d18:	62 0b       	sbc	r22, r18
    2d1a:	73 0b       	sbc	r23, r19
    2d1c:	84 0b       	sbc	r24, r20
    2d1e:	ba f0       	brmi	.+46     	; 0x2d4e <__addsf3x+0x9c>
    2d20:	91 50       	subi	r25, 0x01	; 1
    2d22:	a1 f0       	breq	.+40     	; 0x2d4c <__addsf3x+0x9a>
    2d24:	ff 0f       	add	r31, r31
    2d26:	bb 1f       	adc	r27, r27
    2d28:	66 1f       	adc	r22, r22
    2d2a:	77 1f       	adc	r23, r23
    2d2c:	88 1f       	adc	r24, r24
    2d2e:	c2 f7       	brpl	.-16     	; 0x2d20 <__addsf3x+0x6e>
    2d30:	0e c0       	rjmp	.+28     	; 0x2d4e <__addsf3x+0x9c>
    2d32:	ba 0f       	add	r27, r26
    2d34:	62 1f       	adc	r22, r18
    2d36:	73 1f       	adc	r23, r19
    2d38:	84 1f       	adc	r24, r20
    2d3a:	48 f4       	brcc	.+18     	; 0x2d4e <__addsf3x+0x9c>
    2d3c:	87 95       	ror	r24
    2d3e:	77 95       	ror	r23
    2d40:	67 95       	ror	r22
    2d42:	b7 95       	ror	r27
    2d44:	f7 95       	ror	r31
    2d46:	9e 3f       	cpi	r25, 0xFE	; 254
    2d48:	08 f0       	brcs	.+2      	; 0x2d4c <__addsf3x+0x9a>
    2d4a:	b0 cf       	rjmp	.-160    	; 0x2cac <__addsf3+0x28>
    2d4c:	93 95       	inc	r25
    2d4e:	88 0f       	add	r24, r24
    2d50:	08 f0       	brcs	.+2      	; 0x2d54 <__addsf3x+0xa2>
    2d52:	99 27       	eor	r25, r25
    2d54:	ee 0f       	add	r30, r30
    2d56:	97 95       	ror	r25
    2d58:	87 95       	ror	r24
    2d5a:	08 95       	ret

00002d5c <__fixunssfsi>:
    2d5c:	0e 94 4a 17 	call	0x2e94	; 0x2e94 <__fp_splitA>
    2d60:	88 f0       	brcs	.+34     	; 0x2d84 <__fixunssfsi+0x28>
    2d62:	9f 57       	subi	r25, 0x7F	; 127
    2d64:	98 f0       	brcs	.+38     	; 0x2d8c <__fixunssfsi+0x30>
    2d66:	b9 2f       	mov	r27, r25
    2d68:	99 27       	eor	r25, r25
    2d6a:	b7 51       	subi	r27, 0x17	; 23
    2d6c:	b0 f0       	brcs	.+44     	; 0x2d9a <__fixunssfsi+0x3e>
    2d6e:	e1 f0       	breq	.+56     	; 0x2da8 <__fixunssfsi+0x4c>
    2d70:	66 0f       	add	r22, r22
    2d72:	77 1f       	adc	r23, r23
    2d74:	88 1f       	adc	r24, r24
    2d76:	99 1f       	adc	r25, r25
    2d78:	1a f0       	brmi	.+6      	; 0x2d80 <__fixunssfsi+0x24>
    2d7a:	ba 95       	dec	r27
    2d7c:	c9 f7       	brne	.-14     	; 0x2d70 <__fixunssfsi+0x14>
    2d7e:	14 c0       	rjmp	.+40     	; 0x2da8 <__fixunssfsi+0x4c>
    2d80:	b1 30       	cpi	r27, 0x01	; 1
    2d82:	91 f0       	breq	.+36     	; 0x2da8 <__fixunssfsi+0x4c>
    2d84:	0e 94 64 17 	call	0x2ec8	; 0x2ec8 <__fp_zero>
    2d88:	b1 e0       	ldi	r27, 0x01	; 1
    2d8a:	08 95       	ret
    2d8c:	0c 94 64 17 	jmp	0x2ec8	; 0x2ec8 <__fp_zero>
    2d90:	67 2f       	mov	r22, r23
    2d92:	78 2f       	mov	r23, r24
    2d94:	88 27       	eor	r24, r24
    2d96:	b8 5f       	subi	r27, 0xF8	; 248
    2d98:	39 f0       	breq	.+14     	; 0x2da8 <__fixunssfsi+0x4c>
    2d9a:	b9 3f       	cpi	r27, 0xF9	; 249
    2d9c:	cc f3       	brlt	.-14     	; 0x2d90 <__fixunssfsi+0x34>
    2d9e:	86 95       	lsr	r24
    2da0:	77 95       	ror	r23
    2da2:	67 95       	ror	r22
    2da4:	b3 95       	inc	r27
    2da6:	d9 f7       	brne	.-10     	; 0x2d9e <__fixunssfsi+0x42>
    2da8:	3e f4       	brtc	.+14     	; 0x2db8 <__fixunssfsi+0x5c>
    2daa:	90 95       	com	r25
    2dac:	80 95       	com	r24
    2dae:	70 95       	com	r23
    2db0:	61 95       	neg	r22
    2db2:	7f 4f       	sbci	r23, 0xFF	; 255
    2db4:	8f 4f       	sbci	r24, 0xFF	; 255
    2db6:	9f 4f       	sbci	r25, 0xFF	; 255
    2db8:	08 95       	ret

00002dba <__floatunsisf>:
    2dba:	e8 94       	clt
    2dbc:	09 c0       	rjmp	.+18     	; 0x2dd0 <__floatsisf+0x12>

00002dbe <__floatsisf>:
    2dbe:	97 fb       	bst	r25, 7
    2dc0:	3e f4       	brtc	.+14     	; 0x2dd0 <__floatsisf+0x12>
    2dc2:	90 95       	com	r25
    2dc4:	80 95       	com	r24
    2dc6:	70 95       	com	r23
    2dc8:	61 95       	neg	r22
    2dca:	7f 4f       	sbci	r23, 0xFF	; 255
    2dcc:	8f 4f       	sbci	r24, 0xFF	; 255
    2dce:	9f 4f       	sbci	r25, 0xFF	; 255
    2dd0:	99 23       	and	r25, r25
    2dd2:	a9 f0       	breq	.+42     	; 0x2dfe <__floatsisf+0x40>
    2dd4:	f9 2f       	mov	r31, r25
    2dd6:	96 e9       	ldi	r25, 0x96	; 150
    2dd8:	bb 27       	eor	r27, r27
    2dda:	93 95       	inc	r25
    2ddc:	f6 95       	lsr	r31
    2dde:	87 95       	ror	r24
    2de0:	77 95       	ror	r23
    2de2:	67 95       	ror	r22
    2de4:	b7 95       	ror	r27
    2de6:	f1 11       	cpse	r31, r1
    2de8:	f8 cf       	rjmp	.-16     	; 0x2dda <__floatsisf+0x1c>
    2dea:	fa f4       	brpl	.+62     	; 0x2e2a <__floatsisf+0x6c>
    2dec:	bb 0f       	add	r27, r27
    2dee:	11 f4       	brne	.+4      	; 0x2df4 <__floatsisf+0x36>
    2df0:	60 ff       	sbrs	r22, 0
    2df2:	1b c0       	rjmp	.+54     	; 0x2e2a <__floatsisf+0x6c>
    2df4:	6f 5f       	subi	r22, 0xFF	; 255
    2df6:	7f 4f       	sbci	r23, 0xFF	; 255
    2df8:	8f 4f       	sbci	r24, 0xFF	; 255
    2dfa:	9f 4f       	sbci	r25, 0xFF	; 255
    2dfc:	16 c0       	rjmp	.+44     	; 0x2e2a <__floatsisf+0x6c>
    2dfe:	88 23       	and	r24, r24
    2e00:	11 f0       	breq	.+4      	; 0x2e06 <__floatsisf+0x48>
    2e02:	96 e9       	ldi	r25, 0x96	; 150
    2e04:	11 c0       	rjmp	.+34     	; 0x2e28 <__floatsisf+0x6a>
    2e06:	77 23       	and	r23, r23
    2e08:	21 f0       	breq	.+8      	; 0x2e12 <__floatsisf+0x54>
    2e0a:	9e e8       	ldi	r25, 0x8E	; 142
    2e0c:	87 2f       	mov	r24, r23
    2e0e:	76 2f       	mov	r23, r22
    2e10:	05 c0       	rjmp	.+10     	; 0x2e1c <__floatsisf+0x5e>
    2e12:	66 23       	and	r22, r22
    2e14:	71 f0       	breq	.+28     	; 0x2e32 <__floatsisf+0x74>
    2e16:	96 e8       	ldi	r25, 0x86	; 134
    2e18:	86 2f       	mov	r24, r22
    2e1a:	70 e0       	ldi	r23, 0x00	; 0
    2e1c:	60 e0       	ldi	r22, 0x00	; 0
    2e1e:	2a f0       	brmi	.+10     	; 0x2e2a <__floatsisf+0x6c>
    2e20:	9a 95       	dec	r25
    2e22:	66 0f       	add	r22, r22
    2e24:	77 1f       	adc	r23, r23
    2e26:	88 1f       	adc	r24, r24
    2e28:	da f7       	brpl	.-10     	; 0x2e20 <__floatsisf+0x62>
    2e2a:	88 0f       	add	r24, r24
    2e2c:	96 95       	lsr	r25
    2e2e:	87 95       	ror	r24
    2e30:	97 f9       	bld	r25, 7
    2e32:	08 95       	ret

00002e34 <__fp_inf>:
    2e34:	97 f9       	bld	r25, 7
    2e36:	9f 67       	ori	r25, 0x7F	; 127
    2e38:	80 e8       	ldi	r24, 0x80	; 128
    2e3a:	70 e0       	ldi	r23, 0x00	; 0
    2e3c:	60 e0       	ldi	r22, 0x00	; 0
    2e3e:	08 95       	ret

00002e40 <__fp_nan>:
    2e40:	9f ef       	ldi	r25, 0xFF	; 255
    2e42:	80 ec       	ldi	r24, 0xC0	; 192
    2e44:	08 95       	ret

00002e46 <__fp_pscA>:
    2e46:	00 24       	eor	r0, r0
    2e48:	0a 94       	dec	r0
    2e4a:	16 16       	cp	r1, r22
    2e4c:	17 06       	cpc	r1, r23
    2e4e:	18 06       	cpc	r1, r24
    2e50:	09 06       	cpc	r0, r25
    2e52:	08 95       	ret

00002e54 <__fp_pscB>:
    2e54:	00 24       	eor	r0, r0
    2e56:	0a 94       	dec	r0
    2e58:	12 16       	cp	r1, r18
    2e5a:	13 06       	cpc	r1, r19
    2e5c:	14 06       	cpc	r1, r20
    2e5e:	05 06       	cpc	r0, r21
    2e60:	08 95       	ret

00002e62 <__fp_round>:
    2e62:	09 2e       	mov	r0, r25
    2e64:	03 94       	inc	r0
    2e66:	00 0c       	add	r0, r0
    2e68:	11 f4       	brne	.+4      	; 0x2e6e <__fp_round+0xc>
    2e6a:	88 23       	and	r24, r24
    2e6c:	52 f0       	brmi	.+20     	; 0x2e82 <__fp_round+0x20>
    2e6e:	bb 0f       	add	r27, r27
    2e70:	40 f4       	brcc	.+16     	; 0x2e82 <__fp_round+0x20>
    2e72:	bf 2b       	or	r27, r31
    2e74:	11 f4       	brne	.+4      	; 0x2e7a <__fp_round+0x18>
    2e76:	60 ff       	sbrs	r22, 0
    2e78:	04 c0       	rjmp	.+8      	; 0x2e82 <__fp_round+0x20>
    2e7a:	6f 5f       	subi	r22, 0xFF	; 255
    2e7c:	7f 4f       	sbci	r23, 0xFF	; 255
    2e7e:	8f 4f       	sbci	r24, 0xFF	; 255
    2e80:	9f 4f       	sbci	r25, 0xFF	; 255
    2e82:	08 95       	ret

00002e84 <__fp_split3>:
    2e84:	57 fd       	sbrc	r21, 7
    2e86:	90 58       	subi	r25, 0x80	; 128
    2e88:	44 0f       	add	r20, r20
    2e8a:	55 1f       	adc	r21, r21
    2e8c:	59 f0       	breq	.+22     	; 0x2ea4 <__fp_splitA+0x10>
    2e8e:	5f 3f       	cpi	r21, 0xFF	; 255
    2e90:	71 f0       	breq	.+28     	; 0x2eae <__fp_splitA+0x1a>
    2e92:	47 95       	ror	r20

00002e94 <__fp_splitA>:
    2e94:	88 0f       	add	r24, r24
    2e96:	97 fb       	bst	r25, 7
    2e98:	99 1f       	adc	r25, r25
    2e9a:	61 f0       	breq	.+24     	; 0x2eb4 <__fp_splitA+0x20>
    2e9c:	9f 3f       	cpi	r25, 0xFF	; 255
    2e9e:	79 f0       	breq	.+30     	; 0x2ebe <__fp_splitA+0x2a>
    2ea0:	87 95       	ror	r24
    2ea2:	08 95       	ret
    2ea4:	12 16       	cp	r1, r18
    2ea6:	13 06       	cpc	r1, r19
    2ea8:	14 06       	cpc	r1, r20
    2eaa:	55 1f       	adc	r21, r21
    2eac:	f2 cf       	rjmp	.-28     	; 0x2e92 <__fp_split3+0xe>
    2eae:	46 95       	lsr	r20
    2eb0:	f1 df       	rcall	.-30     	; 0x2e94 <__fp_splitA>
    2eb2:	08 c0       	rjmp	.+16     	; 0x2ec4 <__fp_splitA+0x30>
    2eb4:	16 16       	cp	r1, r22
    2eb6:	17 06       	cpc	r1, r23
    2eb8:	18 06       	cpc	r1, r24
    2eba:	99 1f       	adc	r25, r25
    2ebc:	f1 cf       	rjmp	.-30     	; 0x2ea0 <__fp_splitA+0xc>
    2ebe:	86 95       	lsr	r24
    2ec0:	71 05       	cpc	r23, r1
    2ec2:	61 05       	cpc	r22, r1
    2ec4:	08 94       	sec
    2ec6:	08 95       	ret

00002ec8 <__fp_zero>:
    2ec8:	e8 94       	clt

00002eca <__fp_szero>:
    2eca:	bb 27       	eor	r27, r27
    2ecc:	66 27       	eor	r22, r22
    2ece:	77 27       	eor	r23, r23
    2ed0:	cb 01       	movw	r24, r22
    2ed2:	97 f9       	bld	r25, 7
    2ed4:	08 95       	ret

00002ed6 <__mulsf3>:
    2ed6:	0e 94 7e 17 	call	0x2efc	; 0x2efc <__mulsf3x>
    2eda:	0c 94 31 17 	jmp	0x2e62	; 0x2e62 <__fp_round>
    2ede:	0e 94 23 17 	call	0x2e46	; 0x2e46 <__fp_pscA>
    2ee2:	38 f0       	brcs	.+14     	; 0x2ef2 <__mulsf3+0x1c>
    2ee4:	0e 94 2a 17 	call	0x2e54	; 0x2e54 <__fp_pscB>
    2ee8:	20 f0       	brcs	.+8      	; 0x2ef2 <__mulsf3+0x1c>
    2eea:	95 23       	and	r25, r21
    2eec:	11 f0       	breq	.+4      	; 0x2ef2 <__mulsf3+0x1c>
    2eee:	0c 94 1a 17 	jmp	0x2e34	; 0x2e34 <__fp_inf>
    2ef2:	0c 94 20 17 	jmp	0x2e40	; 0x2e40 <__fp_nan>
    2ef6:	11 24       	eor	r1, r1
    2ef8:	0c 94 65 17 	jmp	0x2eca	; 0x2eca <__fp_szero>

00002efc <__mulsf3x>:
    2efc:	0e 94 42 17 	call	0x2e84	; 0x2e84 <__fp_split3>
    2f00:	70 f3       	brcs	.-36     	; 0x2ede <__mulsf3+0x8>

00002f02 <__mulsf3_pse>:
    2f02:	95 9f       	mul	r25, r21
    2f04:	c1 f3       	breq	.-16     	; 0x2ef6 <__mulsf3+0x20>
    2f06:	95 0f       	add	r25, r21
    2f08:	50 e0       	ldi	r21, 0x00	; 0
    2f0a:	55 1f       	adc	r21, r21
    2f0c:	62 9f       	mul	r22, r18
    2f0e:	f0 01       	movw	r30, r0
    2f10:	72 9f       	mul	r23, r18
    2f12:	bb 27       	eor	r27, r27
    2f14:	f0 0d       	add	r31, r0
    2f16:	b1 1d       	adc	r27, r1
    2f18:	63 9f       	mul	r22, r19
    2f1a:	aa 27       	eor	r26, r26
    2f1c:	f0 0d       	add	r31, r0
    2f1e:	b1 1d       	adc	r27, r1
    2f20:	aa 1f       	adc	r26, r26
    2f22:	64 9f       	mul	r22, r20
    2f24:	66 27       	eor	r22, r22
    2f26:	b0 0d       	add	r27, r0
    2f28:	a1 1d       	adc	r26, r1
    2f2a:	66 1f       	adc	r22, r22
    2f2c:	82 9f       	mul	r24, r18
    2f2e:	22 27       	eor	r18, r18
    2f30:	b0 0d       	add	r27, r0
    2f32:	a1 1d       	adc	r26, r1
    2f34:	62 1f       	adc	r22, r18
    2f36:	73 9f       	mul	r23, r19
    2f38:	b0 0d       	add	r27, r0
    2f3a:	a1 1d       	adc	r26, r1
    2f3c:	62 1f       	adc	r22, r18
    2f3e:	83 9f       	mul	r24, r19
    2f40:	a0 0d       	add	r26, r0
    2f42:	61 1d       	adc	r22, r1
    2f44:	22 1f       	adc	r18, r18
    2f46:	74 9f       	mul	r23, r20
    2f48:	33 27       	eor	r19, r19
    2f4a:	a0 0d       	add	r26, r0
    2f4c:	61 1d       	adc	r22, r1
    2f4e:	23 1f       	adc	r18, r19
    2f50:	84 9f       	mul	r24, r20
    2f52:	60 0d       	add	r22, r0
    2f54:	21 1d       	adc	r18, r1
    2f56:	82 2f       	mov	r24, r18
    2f58:	76 2f       	mov	r23, r22
    2f5a:	6a 2f       	mov	r22, r26
    2f5c:	11 24       	eor	r1, r1
    2f5e:	9f 57       	subi	r25, 0x7F	; 127
    2f60:	50 40       	sbci	r21, 0x00	; 0
    2f62:	9a f0       	brmi	.+38     	; 0x2f8a <__mulsf3_pse+0x88>
    2f64:	f1 f0       	breq	.+60     	; 0x2fa2 <__mulsf3_pse+0xa0>
    2f66:	88 23       	and	r24, r24
    2f68:	4a f0       	brmi	.+18     	; 0x2f7c <__mulsf3_pse+0x7a>
    2f6a:	ee 0f       	add	r30, r30
    2f6c:	ff 1f       	adc	r31, r31
    2f6e:	bb 1f       	adc	r27, r27
    2f70:	66 1f       	adc	r22, r22
    2f72:	77 1f       	adc	r23, r23
    2f74:	88 1f       	adc	r24, r24
    2f76:	91 50       	subi	r25, 0x01	; 1
    2f78:	50 40       	sbci	r21, 0x00	; 0
    2f7a:	a9 f7       	brne	.-22     	; 0x2f66 <__mulsf3_pse+0x64>
    2f7c:	9e 3f       	cpi	r25, 0xFE	; 254
    2f7e:	51 05       	cpc	r21, r1
    2f80:	80 f0       	brcs	.+32     	; 0x2fa2 <__mulsf3_pse+0xa0>
    2f82:	0c 94 1a 17 	jmp	0x2e34	; 0x2e34 <__fp_inf>
    2f86:	0c 94 65 17 	jmp	0x2eca	; 0x2eca <__fp_szero>
    2f8a:	5f 3f       	cpi	r21, 0xFF	; 255
    2f8c:	e4 f3       	brlt	.-8      	; 0x2f86 <__mulsf3_pse+0x84>
    2f8e:	98 3e       	cpi	r25, 0xE8	; 232
    2f90:	d4 f3       	brlt	.-12     	; 0x2f86 <__mulsf3_pse+0x84>
    2f92:	86 95       	lsr	r24
    2f94:	77 95       	ror	r23
    2f96:	67 95       	ror	r22
    2f98:	b7 95       	ror	r27
    2f9a:	f7 95       	ror	r31
    2f9c:	e7 95       	ror	r30
    2f9e:	9f 5f       	subi	r25, 0xFF	; 255
    2fa0:	c1 f7       	brne	.-16     	; 0x2f92 <__mulsf3_pse+0x90>
    2fa2:	fe 2b       	or	r31, r30
    2fa4:	88 0f       	add	r24, r24
    2fa6:	91 1d       	adc	r25, r1
    2fa8:	96 95       	lsr	r25
    2faa:	87 95       	ror	r24
    2fac:	97 f9       	bld	r25, 7
    2fae:	08 95       	ret

00002fb0 <sin>:
    2fb0:	9f 93       	push	r25
    2fb2:	0e 94 f4 17 	call	0x2fe8	; 0x2fe8 <__fp_rempio2>
    2fb6:	0f 90       	pop	r0
    2fb8:	07 fc       	sbrc	r0, 7
    2fba:	ee 5f       	subi	r30, 0xFE	; 254
    2fbc:	0c 94 1d 18 	jmp	0x303a	; 0x303a <__fp_sinus>

00002fc0 <square>:
    2fc0:	9b 01       	movw	r18, r22
    2fc2:	ac 01       	movw	r20, r24
    2fc4:	0c 94 6b 17 	jmp	0x2ed6	; 0x2ed6 <__mulsf3>

00002fc8 <__fp_mpack>:
    2fc8:	9f 3f       	cpi	r25, 0xFF	; 255
    2fca:	31 f0       	breq	.+12     	; 0x2fd8 <__fp_mpack_finite+0xc>

00002fcc <__fp_mpack_finite>:
    2fcc:	91 50       	subi	r25, 0x01	; 1
    2fce:	20 f4       	brcc	.+8      	; 0x2fd8 <__fp_mpack_finite+0xc>
    2fd0:	87 95       	ror	r24
    2fd2:	77 95       	ror	r23
    2fd4:	67 95       	ror	r22
    2fd6:	b7 95       	ror	r27
    2fd8:	88 0f       	add	r24, r24
    2fda:	91 1d       	adc	r25, r1
    2fdc:	96 95       	lsr	r25
    2fde:	87 95       	ror	r24
    2fe0:	97 f9       	bld	r25, 7
    2fe2:	08 95       	ret
    2fe4:	0c 94 20 17 	jmp	0x2e40	; 0x2e40 <__fp_nan>

00002fe8 <__fp_rempio2>:
    2fe8:	0e 94 4a 17 	call	0x2e94	; 0x2e94 <__fp_splitA>
    2fec:	d8 f3       	brcs	.-10     	; 0x2fe4 <__fp_mpack_finite+0x18>
    2fee:	e8 94       	clt
    2ff0:	e0 e0       	ldi	r30, 0x00	; 0
    2ff2:	bb 27       	eor	r27, r27
    2ff4:	9f 57       	subi	r25, 0x7F	; 127
    2ff6:	f0 f0       	brcs	.+60     	; 0x3034 <__fp_rempio2+0x4c>
    2ff8:	2a ed       	ldi	r18, 0xDA	; 218
    2ffa:	3f e0       	ldi	r19, 0x0F	; 15
    2ffc:	49 ec       	ldi	r20, 0xC9	; 201
    2ffe:	06 c0       	rjmp	.+12     	; 0x300c <__fp_rempio2+0x24>
    3000:	ee 0f       	add	r30, r30
    3002:	bb 0f       	add	r27, r27
    3004:	66 1f       	adc	r22, r22
    3006:	77 1f       	adc	r23, r23
    3008:	88 1f       	adc	r24, r24
    300a:	28 f0       	brcs	.+10     	; 0x3016 <__fp_rempio2+0x2e>
    300c:	b2 3a       	cpi	r27, 0xA2	; 162
    300e:	62 07       	cpc	r22, r18
    3010:	73 07       	cpc	r23, r19
    3012:	84 07       	cpc	r24, r20
    3014:	28 f0       	brcs	.+10     	; 0x3020 <__fp_rempio2+0x38>
    3016:	b2 5a       	subi	r27, 0xA2	; 162
    3018:	62 0b       	sbc	r22, r18
    301a:	73 0b       	sbc	r23, r19
    301c:	84 0b       	sbc	r24, r20
    301e:	e3 95       	inc	r30
    3020:	9a 95       	dec	r25
    3022:	72 f7       	brpl	.-36     	; 0x3000 <__fp_rempio2+0x18>
    3024:	80 38       	cpi	r24, 0x80	; 128
    3026:	30 f4       	brcc	.+12     	; 0x3034 <__fp_rempio2+0x4c>
    3028:	9a 95       	dec	r25
    302a:	bb 0f       	add	r27, r27
    302c:	66 1f       	adc	r22, r22
    302e:	77 1f       	adc	r23, r23
    3030:	88 1f       	adc	r24, r24
    3032:	d2 f7       	brpl	.-12     	; 0x3028 <__fp_rempio2+0x40>
    3034:	90 48       	sbci	r25, 0x80	; 128
    3036:	0c 94 e6 17 	jmp	0x2fcc	; 0x2fcc <__fp_mpack_finite>

0000303a <__fp_sinus>:
    303a:	ef 93       	push	r30
    303c:	e0 ff       	sbrs	r30, 0
    303e:	07 c0       	rjmp	.+14     	; 0x304e <__fp_sinus+0x14>
    3040:	a2 ea       	ldi	r26, 0xA2	; 162
    3042:	2a ed       	ldi	r18, 0xDA	; 218
    3044:	3f e0       	ldi	r19, 0x0F	; 15
    3046:	49 ec       	ldi	r20, 0xC9	; 201
    3048:	5f eb       	ldi	r21, 0xBF	; 191
    304a:	0e 94 59 16 	call	0x2cb2	; 0x2cb2 <__addsf3x>
    304e:	0e 94 31 17 	call	0x2e62	; 0x2e62 <__fp_round>
    3052:	0f 90       	pop	r0
    3054:	03 94       	inc	r0
    3056:	01 fc       	sbrc	r0, 1
    3058:	90 58       	subi	r25, 0x80	; 128
    305a:	ea ec       	ldi	r30, 0xCA	; 202
    305c:	f1 e0       	ldi	r31, 0x01	; 1
    305e:	0c 94 31 18 	jmp	0x3062	; 0x3062 <__fp_powsodd>

00003062 <__fp_powsodd>:
    3062:	9f 93       	push	r25
    3064:	8f 93       	push	r24
    3066:	7f 93       	push	r23
    3068:	6f 93       	push	r22
    306a:	ff 93       	push	r31
    306c:	ef 93       	push	r30
    306e:	9b 01       	movw	r18, r22
    3070:	ac 01       	movw	r20, r24
    3072:	0e 94 6b 17 	call	0x2ed6	; 0x2ed6 <__mulsf3>
    3076:	ef 91       	pop	r30
    3078:	ff 91       	pop	r31
    307a:	0e 94 45 18 	call	0x308a	; 0x308a <__fp_powser>
    307e:	2f 91       	pop	r18
    3080:	3f 91       	pop	r19
    3082:	4f 91       	pop	r20
    3084:	5f 91       	pop	r21
    3086:	0c 94 6b 17 	jmp	0x2ed6	; 0x2ed6 <__mulsf3>

0000308a <__fp_powser>:
    308a:	df 93       	push	r29
    308c:	cf 93       	push	r28
    308e:	1f 93       	push	r17
    3090:	0f 93       	push	r16
    3092:	ff 92       	push	r15
    3094:	ef 92       	push	r14
    3096:	df 92       	push	r13
    3098:	7b 01       	movw	r14, r22
    309a:	8c 01       	movw	r16, r24
    309c:	68 94       	set
    309e:	06 c0       	rjmp	.+12     	; 0x30ac <__fp_powser+0x22>
    30a0:	da 2e       	mov	r13, r26
    30a2:	ef 01       	movw	r28, r30
    30a4:	0e 94 7e 17 	call	0x2efc	; 0x2efc <__mulsf3x>
    30a8:	fe 01       	movw	r30, r28
    30aa:	e8 94       	clt
    30ac:	a5 91       	lpm	r26, Z+
    30ae:	25 91       	lpm	r18, Z+
    30b0:	35 91       	lpm	r19, Z+
    30b2:	45 91       	lpm	r20, Z+
    30b4:	55 91       	lpm	r21, Z+
    30b6:	a6 f3       	brts	.-24     	; 0x30a0 <__fp_powser+0x16>
    30b8:	ef 01       	movw	r28, r30
    30ba:	0e 94 59 16 	call	0x2cb2	; 0x2cb2 <__addsf3x>
    30be:	fe 01       	movw	r30, r28
    30c0:	97 01       	movw	r18, r14
    30c2:	a8 01       	movw	r20, r16
    30c4:	da 94       	dec	r13
    30c6:	69 f7       	brne	.-38     	; 0x30a2 <__fp_powser+0x18>
    30c8:	df 90       	pop	r13
    30ca:	ef 90       	pop	r14
    30cc:	ff 90       	pop	r15
    30ce:	0f 91       	pop	r16
    30d0:	1f 91       	pop	r17
    30d2:	cf 91       	pop	r28
    30d4:	df 91       	pop	r29
    30d6:	08 95       	ret

000030d8 <__udivmodhi4>:
    30d8:	aa 1b       	sub	r26, r26
    30da:	bb 1b       	sub	r27, r27
    30dc:	51 e1       	ldi	r21, 0x11	; 17
    30de:	07 c0       	rjmp	.+14     	; 0x30ee <__udivmodhi4_ep>

000030e0 <__udivmodhi4_loop>:
    30e0:	aa 1f       	adc	r26, r26
    30e2:	bb 1f       	adc	r27, r27
    30e4:	a6 17       	cp	r26, r22
    30e6:	b7 07       	cpc	r27, r23
    30e8:	10 f0       	brcs	.+4      	; 0x30ee <__udivmodhi4_ep>
    30ea:	a6 1b       	sub	r26, r22
    30ec:	b7 0b       	sbc	r27, r23

000030ee <__udivmodhi4_ep>:
    30ee:	88 1f       	adc	r24, r24
    30f0:	99 1f       	adc	r25, r25
    30f2:	5a 95       	dec	r21
    30f4:	a9 f7       	brne	.-22     	; 0x30e0 <__udivmodhi4_loop>
    30f6:	80 95       	com	r24
    30f8:	90 95       	com	r25
    30fa:	bc 01       	movw	r22, r24
    30fc:	cd 01       	movw	r24, r26
    30fe:	08 95       	ret

00003100 <__divmodhi4>:
    3100:	97 fb       	bst	r25, 7
    3102:	07 2e       	mov	r0, r23
    3104:	16 f4       	brtc	.+4      	; 0x310a <__divmodhi4+0xa>
    3106:	00 94       	com	r0
    3108:	07 d0       	rcall	.+14     	; 0x3118 <__divmodhi4_neg1>
    310a:	77 fd       	sbrc	r23, 7
    310c:	09 d0       	rcall	.+18     	; 0x3120 <__divmodhi4_neg2>
    310e:	0e 94 6c 18 	call	0x30d8	; 0x30d8 <__udivmodhi4>
    3112:	07 fc       	sbrc	r0, 7
    3114:	05 d0       	rcall	.+10     	; 0x3120 <__divmodhi4_neg2>
    3116:	3e f4       	brtc	.+14     	; 0x3126 <__divmodhi4_exit>

00003118 <__divmodhi4_neg1>:
    3118:	90 95       	com	r25
    311a:	81 95       	neg	r24
    311c:	9f 4f       	sbci	r25, 0xFF	; 255
    311e:	08 95       	ret

00003120 <__divmodhi4_neg2>:
    3120:	70 95       	com	r23
    3122:	61 95       	neg	r22
    3124:	7f 4f       	sbci	r23, 0xFF	; 255

00003126 <__divmodhi4_exit>:
    3126:	08 95       	ret

00003128 <__udivmodsi4>:
    3128:	a1 e2       	ldi	r26, 0x21	; 33
    312a:	1a 2e       	mov	r1, r26
    312c:	aa 1b       	sub	r26, r26
    312e:	bb 1b       	sub	r27, r27
    3130:	fd 01       	movw	r30, r26
    3132:	0d c0       	rjmp	.+26     	; 0x314e <__udivmodsi4_ep>

00003134 <__udivmodsi4_loop>:
    3134:	aa 1f       	adc	r26, r26
    3136:	bb 1f       	adc	r27, r27
    3138:	ee 1f       	adc	r30, r30
    313a:	ff 1f       	adc	r31, r31
    313c:	a2 17       	cp	r26, r18
    313e:	b3 07       	cpc	r27, r19
    3140:	e4 07       	cpc	r30, r20
    3142:	f5 07       	cpc	r31, r21
    3144:	20 f0       	brcs	.+8      	; 0x314e <__udivmodsi4_ep>
    3146:	a2 1b       	sub	r26, r18
    3148:	b3 0b       	sbc	r27, r19
    314a:	e4 0b       	sbc	r30, r20
    314c:	f5 0b       	sbc	r31, r21

0000314e <__udivmodsi4_ep>:
    314e:	66 1f       	adc	r22, r22
    3150:	77 1f       	adc	r23, r23
    3152:	88 1f       	adc	r24, r24
    3154:	99 1f       	adc	r25, r25
    3156:	1a 94       	dec	r1
    3158:	69 f7       	brne	.-38     	; 0x3134 <__udivmodsi4_loop>
    315a:	60 95       	com	r22
    315c:	70 95       	com	r23
    315e:	80 95       	com	r24
    3160:	90 95       	com	r25
    3162:	9b 01       	movw	r18, r22
    3164:	ac 01       	movw	r20, r24
    3166:	bd 01       	movw	r22, r26
    3168:	cf 01       	movw	r24, r30
    316a:	08 95       	ret

0000316c <__divmodsi4>:
    316c:	05 2e       	mov	r0, r21
    316e:	97 fb       	bst	r25, 7
    3170:	1e f4       	brtc	.+6      	; 0x3178 <__divmodsi4+0xc>
    3172:	00 94       	com	r0
    3174:	0e 94 cd 18 	call	0x319a	; 0x319a <__negsi2>
    3178:	57 fd       	sbrc	r21, 7
    317a:	07 d0       	rcall	.+14     	; 0x318a <__divmodsi4_neg2>
    317c:	0e 94 94 18 	call	0x3128	; 0x3128 <__udivmodsi4>
    3180:	07 fc       	sbrc	r0, 7
    3182:	03 d0       	rcall	.+6      	; 0x318a <__divmodsi4_neg2>
    3184:	4e f4       	brtc	.+18     	; 0x3198 <__divmodsi4_exit>
    3186:	0c 94 cd 18 	jmp	0x319a	; 0x319a <__negsi2>

0000318a <__divmodsi4_neg2>:
    318a:	50 95       	com	r21
    318c:	40 95       	com	r20
    318e:	30 95       	com	r19
    3190:	21 95       	neg	r18
    3192:	3f 4f       	sbci	r19, 0xFF	; 255
    3194:	4f 4f       	sbci	r20, 0xFF	; 255
    3196:	5f 4f       	sbci	r21, 0xFF	; 255

00003198 <__divmodsi4_exit>:
    3198:	08 95       	ret

0000319a <__negsi2>:
    319a:	90 95       	com	r25
    319c:	80 95       	com	r24
    319e:	70 95       	com	r23
    31a0:	61 95       	neg	r22
    31a2:	7f 4f       	sbci	r23, 0xFF	; 255
    31a4:	8f 4f       	sbci	r24, 0xFF	; 255
    31a6:	9f 4f       	sbci	r25, 0xFF	; 255
    31a8:	08 95       	ret

000031aa <__tablejump2__>:
    31aa:	ee 0f       	add	r30, r30
    31ac:	ff 1f       	adc	r31, r31
    31ae:	05 90       	lpm	r0, Z+
    31b0:	f4 91       	lpm	r31, Z
    31b2:	e0 2d       	mov	r30, r0
    31b4:	09 94       	ijmp

000031b6 <__umulhisi3>:
    31b6:	a2 9f       	mul	r26, r18
    31b8:	b0 01       	movw	r22, r0
    31ba:	b3 9f       	mul	r27, r19
    31bc:	c0 01       	movw	r24, r0
    31be:	a3 9f       	mul	r26, r19
    31c0:	70 0d       	add	r23, r0
    31c2:	81 1d       	adc	r24, r1
    31c4:	11 24       	eor	r1, r1
    31c6:	91 1d       	adc	r25, r1
    31c8:	b2 9f       	mul	r27, r18
    31ca:	70 0d       	add	r23, r0
    31cc:	81 1d       	adc	r24, r1
    31ce:	11 24       	eor	r1, r1
    31d0:	91 1d       	adc	r25, r1
    31d2:	08 95       	ret

000031d4 <__usmulhisi3>:
    31d4:	0e 94 db 18 	call	0x31b6	; 0x31b6 <__umulhisi3>

000031d8 <__usmulhisi3_tail>:
    31d8:	b7 ff       	sbrs	r27, 7
    31da:	08 95       	ret
    31dc:	82 1b       	sub	r24, r18
    31de:	93 0b       	sbc	r25, r19
    31e0:	08 95       	ret

000031e2 <__muluhisi3>:
    31e2:	0e 94 db 18 	call	0x31b6	; 0x31b6 <__umulhisi3>
    31e6:	a5 9f       	mul	r26, r21
    31e8:	90 0d       	add	r25, r0
    31ea:	b4 9f       	mul	r27, r20
    31ec:	90 0d       	add	r25, r0
    31ee:	a4 9f       	mul	r26, r20
    31f0:	80 0d       	add	r24, r0
    31f2:	91 1d       	adc	r25, r1
    31f4:	11 24       	eor	r1, r1
    31f6:	08 95       	ret

000031f8 <__mulshisi3>:
    31f8:	b7 ff       	sbrs	r27, 7
    31fa:	0c 94 f1 18 	jmp	0x31e2	; 0x31e2 <__muluhisi3>

000031fe <__mulohisi3>:
    31fe:	0e 94 f1 18 	call	0x31e2	; 0x31e2 <__muluhisi3>
    3202:	82 1b       	sub	r24, r18
    3204:	93 0b       	sbc	r25, r19
    3206:	08 95       	ret

00003208 <toupper>:
    3208:	91 11       	cpse	r25, r1
    320a:	08 95       	ret
    320c:	81 56       	subi	r24, 0x61	; 97
    320e:	8a 51       	subi	r24, 0x1A	; 26
    3210:	08 f4       	brcc	.+2      	; 0x3214 <toupper+0xc>
    3212:	80 52       	subi	r24, 0x20	; 32
    3214:	85 58       	subi	r24, 0x85	; 133
    3216:	08 95       	ret

00003218 <strncpy>:
    3218:	fb 01       	movw	r30, r22
    321a:	dc 01       	movw	r26, r24
    321c:	41 50       	subi	r20, 0x01	; 1
    321e:	50 40       	sbci	r21, 0x00	; 0
    3220:	48 f0       	brcs	.+18     	; 0x3234 <strncpy+0x1c>
    3222:	01 90       	ld	r0, Z+
    3224:	0d 92       	st	X+, r0
    3226:	00 20       	and	r0, r0
    3228:	c9 f7       	brne	.-14     	; 0x321c <strncpy+0x4>
    322a:	01 c0       	rjmp	.+2      	; 0x322e <strncpy+0x16>
    322c:	1d 92       	st	X+, r1
    322e:	41 50       	subi	r20, 0x01	; 1
    3230:	50 40       	sbci	r21, 0x00	; 0
    3232:	e0 f7       	brcc	.-8      	; 0x322c <strncpy+0x14>
    3234:	08 95       	ret

00003236 <sprintf>:
    3236:	ae e0       	ldi	r26, 0x0E	; 14
    3238:	b0 e0       	ldi	r27, 0x00	; 0
    323a:	e1 e2       	ldi	r30, 0x21	; 33
    323c:	f9 e1       	ldi	r31, 0x19	; 25
    323e:	0c 94 ff 1b 	jmp	0x37fe	; 0x37fe <__prologue_saves__+0x1c>
    3242:	0d 89       	ldd	r16, Y+21	; 0x15
    3244:	1e 89       	ldd	r17, Y+22	; 0x16
    3246:	86 e0       	ldi	r24, 0x06	; 6
    3248:	8c 83       	std	Y+4, r24	; 0x04
    324a:	1a 83       	std	Y+2, r17	; 0x02
    324c:	09 83       	std	Y+1, r16	; 0x01
    324e:	8f ef       	ldi	r24, 0xFF	; 255
    3250:	9f e7       	ldi	r25, 0x7F	; 127
    3252:	9e 83       	std	Y+6, r25	; 0x06
    3254:	8d 83       	std	Y+5, r24	; 0x05
    3256:	ae 01       	movw	r20, r28
    3258:	47 5e       	subi	r20, 0xE7	; 231
    325a:	5f 4f       	sbci	r21, 0xFF	; 255
    325c:	6f 89       	ldd	r22, Y+23	; 0x17
    325e:	78 8d       	ldd	r23, Y+24	; 0x18
    3260:	ce 01       	movw	r24, r28
    3262:	01 96       	adiw	r24, 0x01	; 1
    3264:	0e 94 3d 19 	call	0x327a	; 0x327a <vfprintf>
    3268:	ef 81       	ldd	r30, Y+7	; 0x07
    326a:	f8 85       	ldd	r31, Y+8	; 0x08
    326c:	e0 0f       	add	r30, r16
    326e:	f1 1f       	adc	r31, r17
    3270:	10 82       	st	Z, r1
    3272:	2e 96       	adiw	r28, 0x0e	; 14
    3274:	e4 e0       	ldi	r30, 0x04	; 4
    3276:	0c 94 1b 1c 	jmp	0x3836	; 0x3836 <__epilogue_restores__+0x1c>

0000327a <vfprintf>:
    327a:	ab e0       	ldi	r26, 0x0B	; 11
    327c:	b0 e0       	ldi	r27, 0x00	; 0
    327e:	e3 e4       	ldi	r30, 0x43	; 67
    3280:	f9 e1       	ldi	r31, 0x19	; 25
    3282:	0c 94 f1 1b 	jmp	0x37e2	; 0x37e2 <__prologue_saves__>
    3286:	6c 01       	movw	r12, r24
    3288:	7b 01       	movw	r14, r22
    328a:	8a 01       	movw	r16, r20
    328c:	fc 01       	movw	r30, r24
    328e:	17 82       	std	Z+7, r1	; 0x07
    3290:	16 82       	std	Z+6, r1	; 0x06
    3292:	83 81       	ldd	r24, Z+3	; 0x03
    3294:	81 ff       	sbrs	r24, 1
    3296:	cc c1       	rjmp	.+920    	; 0x3630 <vfprintf+0x3b6>
    3298:	ce 01       	movw	r24, r28
    329a:	01 96       	adiw	r24, 0x01	; 1
    329c:	3c 01       	movw	r6, r24
    329e:	f6 01       	movw	r30, r12
    32a0:	93 81       	ldd	r25, Z+3	; 0x03
    32a2:	f7 01       	movw	r30, r14
    32a4:	93 fd       	sbrc	r25, 3
    32a6:	85 91       	lpm	r24, Z+
    32a8:	93 ff       	sbrs	r25, 3
    32aa:	81 91       	ld	r24, Z+
    32ac:	7f 01       	movw	r14, r30
    32ae:	88 23       	and	r24, r24
    32b0:	09 f4       	brne	.+2      	; 0x32b4 <vfprintf+0x3a>
    32b2:	ba c1       	rjmp	.+884    	; 0x3628 <vfprintf+0x3ae>
    32b4:	85 32       	cpi	r24, 0x25	; 37
    32b6:	39 f4       	brne	.+14     	; 0x32c6 <vfprintf+0x4c>
    32b8:	93 fd       	sbrc	r25, 3
    32ba:	85 91       	lpm	r24, Z+
    32bc:	93 ff       	sbrs	r25, 3
    32be:	81 91       	ld	r24, Z+
    32c0:	7f 01       	movw	r14, r30
    32c2:	85 32       	cpi	r24, 0x25	; 37
    32c4:	29 f4       	brne	.+10     	; 0x32d0 <vfprintf+0x56>
    32c6:	b6 01       	movw	r22, r12
    32c8:	90 e0       	ldi	r25, 0x00	; 0
    32ca:	0e 94 34 1b 	call	0x3668	; 0x3668 <fputc>
    32ce:	e7 cf       	rjmp	.-50     	; 0x329e <vfprintf+0x24>
    32d0:	91 2c       	mov	r9, r1
    32d2:	21 2c       	mov	r2, r1
    32d4:	31 2c       	mov	r3, r1
    32d6:	ff e1       	ldi	r31, 0x1F	; 31
    32d8:	f3 15       	cp	r31, r3
    32da:	d8 f0       	brcs	.+54     	; 0x3312 <vfprintf+0x98>
    32dc:	8b 32       	cpi	r24, 0x2B	; 43
    32de:	79 f0       	breq	.+30     	; 0x32fe <vfprintf+0x84>
    32e0:	38 f4       	brcc	.+14     	; 0x32f0 <vfprintf+0x76>
    32e2:	80 32       	cpi	r24, 0x20	; 32
    32e4:	79 f0       	breq	.+30     	; 0x3304 <vfprintf+0x8a>
    32e6:	83 32       	cpi	r24, 0x23	; 35
    32e8:	a1 f4       	brne	.+40     	; 0x3312 <vfprintf+0x98>
    32ea:	23 2d       	mov	r18, r3
    32ec:	20 61       	ori	r18, 0x10	; 16
    32ee:	1d c0       	rjmp	.+58     	; 0x332a <vfprintf+0xb0>
    32f0:	8d 32       	cpi	r24, 0x2D	; 45
    32f2:	61 f0       	breq	.+24     	; 0x330c <vfprintf+0x92>
    32f4:	80 33       	cpi	r24, 0x30	; 48
    32f6:	69 f4       	brne	.+26     	; 0x3312 <vfprintf+0x98>
    32f8:	23 2d       	mov	r18, r3
    32fa:	21 60       	ori	r18, 0x01	; 1
    32fc:	16 c0       	rjmp	.+44     	; 0x332a <vfprintf+0xb0>
    32fe:	83 2d       	mov	r24, r3
    3300:	82 60       	ori	r24, 0x02	; 2
    3302:	38 2e       	mov	r3, r24
    3304:	e3 2d       	mov	r30, r3
    3306:	e4 60       	ori	r30, 0x04	; 4
    3308:	3e 2e       	mov	r3, r30
    330a:	2a c0       	rjmp	.+84     	; 0x3360 <vfprintf+0xe6>
    330c:	f3 2d       	mov	r31, r3
    330e:	f8 60       	ori	r31, 0x08	; 8
    3310:	1d c0       	rjmp	.+58     	; 0x334c <vfprintf+0xd2>
    3312:	37 fc       	sbrc	r3, 7
    3314:	2d c0       	rjmp	.+90     	; 0x3370 <vfprintf+0xf6>
    3316:	20 ed       	ldi	r18, 0xD0	; 208
    3318:	28 0f       	add	r18, r24
    331a:	2a 30       	cpi	r18, 0x0A	; 10
    331c:	40 f0       	brcs	.+16     	; 0x332e <vfprintf+0xb4>
    331e:	8e 32       	cpi	r24, 0x2E	; 46
    3320:	b9 f4       	brne	.+46     	; 0x3350 <vfprintf+0xd6>
    3322:	36 fc       	sbrc	r3, 6
    3324:	81 c1       	rjmp	.+770    	; 0x3628 <vfprintf+0x3ae>
    3326:	23 2d       	mov	r18, r3
    3328:	20 64       	ori	r18, 0x40	; 64
    332a:	32 2e       	mov	r3, r18
    332c:	19 c0       	rjmp	.+50     	; 0x3360 <vfprintf+0xe6>
    332e:	36 fe       	sbrs	r3, 6
    3330:	06 c0       	rjmp	.+12     	; 0x333e <vfprintf+0xc4>
    3332:	8a e0       	ldi	r24, 0x0A	; 10
    3334:	98 9e       	mul	r9, r24
    3336:	20 0d       	add	r18, r0
    3338:	11 24       	eor	r1, r1
    333a:	92 2e       	mov	r9, r18
    333c:	11 c0       	rjmp	.+34     	; 0x3360 <vfprintf+0xe6>
    333e:	ea e0       	ldi	r30, 0x0A	; 10
    3340:	2e 9e       	mul	r2, r30
    3342:	20 0d       	add	r18, r0
    3344:	11 24       	eor	r1, r1
    3346:	22 2e       	mov	r2, r18
    3348:	f3 2d       	mov	r31, r3
    334a:	f0 62       	ori	r31, 0x20	; 32
    334c:	3f 2e       	mov	r3, r31
    334e:	08 c0       	rjmp	.+16     	; 0x3360 <vfprintf+0xe6>
    3350:	8c 36       	cpi	r24, 0x6C	; 108
    3352:	21 f4       	brne	.+8      	; 0x335c <vfprintf+0xe2>
    3354:	83 2d       	mov	r24, r3
    3356:	80 68       	ori	r24, 0x80	; 128
    3358:	38 2e       	mov	r3, r24
    335a:	02 c0       	rjmp	.+4      	; 0x3360 <vfprintf+0xe6>
    335c:	88 36       	cpi	r24, 0x68	; 104
    335e:	41 f4       	brne	.+16     	; 0x3370 <vfprintf+0xf6>
    3360:	f7 01       	movw	r30, r14
    3362:	93 fd       	sbrc	r25, 3
    3364:	85 91       	lpm	r24, Z+
    3366:	93 ff       	sbrs	r25, 3
    3368:	81 91       	ld	r24, Z+
    336a:	7f 01       	movw	r14, r30
    336c:	81 11       	cpse	r24, r1
    336e:	b3 cf       	rjmp	.-154    	; 0x32d6 <vfprintf+0x5c>
    3370:	98 2f       	mov	r25, r24
    3372:	9f 7d       	andi	r25, 0xDF	; 223
    3374:	95 54       	subi	r25, 0x45	; 69
    3376:	93 30       	cpi	r25, 0x03	; 3
    3378:	28 f4       	brcc	.+10     	; 0x3384 <vfprintf+0x10a>
    337a:	0c 5f       	subi	r16, 0xFC	; 252
    337c:	1f 4f       	sbci	r17, 0xFF	; 255
    337e:	9f e3       	ldi	r25, 0x3F	; 63
    3380:	99 83       	std	Y+1, r25	; 0x01
    3382:	0d c0       	rjmp	.+26     	; 0x339e <vfprintf+0x124>
    3384:	83 36       	cpi	r24, 0x63	; 99
    3386:	31 f0       	breq	.+12     	; 0x3394 <vfprintf+0x11a>
    3388:	83 37       	cpi	r24, 0x73	; 115
    338a:	71 f0       	breq	.+28     	; 0x33a8 <vfprintf+0x12e>
    338c:	83 35       	cpi	r24, 0x53	; 83
    338e:	09 f0       	breq	.+2      	; 0x3392 <vfprintf+0x118>
    3390:	59 c0       	rjmp	.+178    	; 0x3444 <vfprintf+0x1ca>
    3392:	21 c0       	rjmp	.+66     	; 0x33d6 <vfprintf+0x15c>
    3394:	f8 01       	movw	r30, r16
    3396:	80 81       	ld	r24, Z
    3398:	89 83       	std	Y+1, r24	; 0x01
    339a:	0e 5f       	subi	r16, 0xFE	; 254
    339c:	1f 4f       	sbci	r17, 0xFF	; 255
    339e:	88 24       	eor	r8, r8
    33a0:	83 94       	inc	r8
    33a2:	91 2c       	mov	r9, r1
    33a4:	53 01       	movw	r10, r6
    33a6:	13 c0       	rjmp	.+38     	; 0x33ce <vfprintf+0x154>
    33a8:	28 01       	movw	r4, r16
    33aa:	f2 e0       	ldi	r31, 0x02	; 2
    33ac:	4f 0e       	add	r4, r31
    33ae:	51 1c       	adc	r5, r1
    33b0:	f8 01       	movw	r30, r16
    33b2:	a0 80       	ld	r10, Z
    33b4:	b1 80       	ldd	r11, Z+1	; 0x01
    33b6:	36 fe       	sbrs	r3, 6
    33b8:	03 c0       	rjmp	.+6      	; 0x33c0 <vfprintf+0x146>
    33ba:	69 2d       	mov	r22, r9
    33bc:	70 e0       	ldi	r23, 0x00	; 0
    33be:	02 c0       	rjmp	.+4      	; 0x33c4 <vfprintf+0x14a>
    33c0:	6f ef       	ldi	r22, 0xFF	; 255
    33c2:	7f ef       	ldi	r23, 0xFF	; 255
    33c4:	c5 01       	movw	r24, r10
    33c6:	0e 94 29 1b 	call	0x3652	; 0x3652 <strnlen>
    33ca:	4c 01       	movw	r8, r24
    33cc:	82 01       	movw	r16, r4
    33ce:	f3 2d       	mov	r31, r3
    33d0:	ff 77       	andi	r31, 0x7F	; 127
    33d2:	3f 2e       	mov	r3, r31
    33d4:	16 c0       	rjmp	.+44     	; 0x3402 <vfprintf+0x188>
    33d6:	28 01       	movw	r4, r16
    33d8:	22 e0       	ldi	r18, 0x02	; 2
    33da:	42 0e       	add	r4, r18
    33dc:	51 1c       	adc	r5, r1
    33de:	f8 01       	movw	r30, r16
    33e0:	a0 80       	ld	r10, Z
    33e2:	b1 80       	ldd	r11, Z+1	; 0x01
    33e4:	36 fe       	sbrs	r3, 6
    33e6:	03 c0       	rjmp	.+6      	; 0x33ee <vfprintf+0x174>
    33e8:	69 2d       	mov	r22, r9
    33ea:	70 e0       	ldi	r23, 0x00	; 0
    33ec:	02 c0       	rjmp	.+4      	; 0x33f2 <vfprintf+0x178>
    33ee:	6f ef       	ldi	r22, 0xFF	; 255
    33f0:	7f ef       	ldi	r23, 0xFF	; 255
    33f2:	c5 01       	movw	r24, r10
    33f4:	0e 94 1e 1b 	call	0x363c	; 0x363c <strnlen_P>
    33f8:	4c 01       	movw	r8, r24
    33fa:	f3 2d       	mov	r31, r3
    33fc:	f0 68       	ori	r31, 0x80	; 128
    33fe:	3f 2e       	mov	r3, r31
    3400:	82 01       	movw	r16, r4
    3402:	33 fc       	sbrc	r3, 3
    3404:	1b c0       	rjmp	.+54     	; 0x343c <vfprintf+0x1c2>
    3406:	82 2d       	mov	r24, r2
    3408:	90 e0       	ldi	r25, 0x00	; 0
    340a:	88 16       	cp	r8, r24
    340c:	99 06       	cpc	r9, r25
    340e:	b0 f4       	brcc	.+44     	; 0x343c <vfprintf+0x1c2>
    3410:	b6 01       	movw	r22, r12
    3412:	80 e2       	ldi	r24, 0x20	; 32
    3414:	90 e0       	ldi	r25, 0x00	; 0
    3416:	0e 94 34 1b 	call	0x3668	; 0x3668 <fputc>
    341a:	2a 94       	dec	r2
    341c:	f4 cf       	rjmp	.-24     	; 0x3406 <vfprintf+0x18c>
    341e:	f5 01       	movw	r30, r10
    3420:	37 fc       	sbrc	r3, 7
    3422:	85 91       	lpm	r24, Z+
    3424:	37 fe       	sbrs	r3, 7
    3426:	81 91       	ld	r24, Z+
    3428:	5f 01       	movw	r10, r30
    342a:	b6 01       	movw	r22, r12
    342c:	90 e0       	ldi	r25, 0x00	; 0
    342e:	0e 94 34 1b 	call	0x3668	; 0x3668 <fputc>
    3432:	21 10       	cpse	r2, r1
    3434:	2a 94       	dec	r2
    3436:	21 e0       	ldi	r18, 0x01	; 1
    3438:	82 1a       	sub	r8, r18
    343a:	91 08       	sbc	r9, r1
    343c:	81 14       	cp	r8, r1
    343e:	91 04       	cpc	r9, r1
    3440:	71 f7       	brne	.-36     	; 0x341e <vfprintf+0x1a4>
    3442:	e8 c0       	rjmp	.+464    	; 0x3614 <vfprintf+0x39a>
    3444:	84 36       	cpi	r24, 0x64	; 100
    3446:	11 f0       	breq	.+4      	; 0x344c <vfprintf+0x1d2>
    3448:	89 36       	cpi	r24, 0x69	; 105
    344a:	41 f5       	brne	.+80     	; 0x349c <vfprintf+0x222>
    344c:	f8 01       	movw	r30, r16
    344e:	37 fe       	sbrs	r3, 7
    3450:	07 c0       	rjmp	.+14     	; 0x3460 <vfprintf+0x1e6>
    3452:	60 81       	ld	r22, Z
    3454:	71 81       	ldd	r23, Z+1	; 0x01
    3456:	82 81       	ldd	r24, Z+2	; 0x02
    3458:	93 81       	ldd	r25, Z+3	; 0x03
    345a:	0c 5f       	subi	r16, 0xFC	; 252
    345c:	1f 4f       	sbci	r17, 0xFF	; 255
    345e:	08 c0       	rjmp	.+16     	; 0x3470 <vfprintf+0x1f6>
    3460:	60 81       	ld	r22, Z
    3462:	71 81       	ldd	r23, Z+1	; 0x01
    3464:	07 2e       	mov	r0, r23
    3466:	00 0c       	add	r0, r0
    3468:	88 0b       	sbc	r24, r24
    346a:	99 0b       	sbc	r25, r25
    346c:	0e 5f       	subi	r16, 0xFE	; 254
    346e:	1f 4f       	sbci	r17, 0xFF	; 255
    3470:	f3 2d       	mov	r31, r3
    3472:	ff 76       	andi	r31, 0x6F	; 111
    3474:	3f 2e       	mov	r3, r31
    3476:	97 ff       	sbrs	r25, 7
    3478:	09 c0       	rjmp	.+18     	; 0x348c <vfprintf+0x212>
    347a:	90 95       	com	r25
    347c:	80 95       	com	r24
    347e:	70 95       	com	r23
    3480:	61 95       	neg	r22
    3482:	7f 4f       	sbci	r23, 0xFF	; 255
    3484:	8f 4f       	sbci	r24, 0xFF	; 255
    3486:	9f 4f       	sbci	r25, 0xFF	; 255
    3488:	f0 68       	ori	r31, 0x80	; 128
    348a:	3f 2e       	mov	r3, r31
    348c:	2a e0       	ldi	r18, 0x0A	; 10
    348e:	30 e0       	ldi	r19, 0x00	; 0
    3490:	a3 01       	movw	r20, r6
    3492:	0e 94 70 1b 	call	0x36e0	; 0x36e0 <__ultoa_invert>
    3496:	88 2e       	mov	r8, r24
    3498:	86 18       	sub	r8, r6
    349a:	45 c0       	rjmp	.+138    	; 0x3526 <vfprintf+0x2ac>
    349c:	85 37       	cpi	r24, 0x75	; 117
    349e:	31 f4       	brne	.+12     	; 0x34ac <vfprintf+0x232>
    34a0:	23 2d       	mov	r18, r3
    34a2:	2f 7e       	andi	r18, 0xEF	; 239
    34a4:	b2 2e       	mov	r11, r18
    34a6:	2a e0       	ldi	r18, 0x0A	; 10
    34a8:	30 e0       	ldi	r19, 0x00	; 0
    34aa:	25 c0       	rjmp	.+74     	; 0x34f6 <vfprintf+0x27c>
    34ac:	93 2d       	mov	r25, r3
    34ae:	99 7f       	andi	r25, 0xF9	; 249
    34b0:	b9 2e       	mov	r11, r25
    34b2:	8f 36       	cpi	r24, 0x6F	; 111
    34b4:	c1 f0       	breq	.+48     	; 0x34e6 <vfprintf+0x26c>
    34b6:	18 f4       	brcc	.+6      	; 0x34be <vfprintf+0x244>
    34b8:	88 35       	cpi	r24, 0x58	; 88
    34ba:	79 f0       	breq	.+30     	; 0x34da <vfprintf+0x260>
    34bc:	b5 c0       	rjmp	.+362    	; 0x3628 <vfprintf+0x3ae>
    34be:	80 37       	cpi	r24, 0x70	; 112
    34c0:	19 f0       	breq	.+6      	; 0x34c8 <vfprintf+0x24e>
    34c2:	88 37       	cpi	r24, 0x78	; 120
    34c4:	21 f0       	breq	.+8      	; 0x34ce <vfprintf+0x254>
    34c6:	b0 c0       	rjmp	.+352    	; 0x3628 <vfprintf+0x3ae>
    34c8:	e9 2f       	mov	r30, r25
    34ca:	e0 61       	ori	r30, 0x10	; 16
    34cc:	be 2e       	mov	r11, r30
    34ce:	b4 fe       	sbrs	r11, 4
    34d0:	0d c0       	rjmp	.+26     	; 0x34ec <vfprintf+0x272>
    34d2:	fb 2d       	mov	r31, r11
    34d4:	f4 60       	ori	r31, 0x04	; 4
    34d6:	bf 2e       	mov	r11, r31
    34d8:	09 c0       	rjmp	.+18     	; 0x34ec <vfprintf+0x272>
    34da:	34 fe       	sbrs	r3, 4
    34dc:	0a c0       	rjmp	.+20     	; 0x34f2 <vfprintf+0x278>
    34de:	29 2f       	mov	r18, r25
    34e0:	26 60       	ori	r18, 0x06	; 6
    34e2:	b2 2e       	mov	r11, r18
    34e4:	06 c0       	rjmp	.+12     	; 0x34f2 <vfprintf+0x278>
    34e6:	28 e0       	ldi	r18, 0x08	; 8
    34e8:	30 e0       	ldi	r19, 0x00	; 0
    34ea:	05 c0       	rjmp	.+10     	; 0x34f6 <vfprintf+0x27c>
    34ec:	20 e1       	ldi	r18, 0x10	; 16
    34ee:	30 e0       	ldi	r19, 0x00	; 0
    34f0:	02 c0       	rjmp	.+4      	; 0x34f6 <vfprintf+0x27c>
    34f2:	20 e1       	ldi	r18, 0x10	; 16
    34f4:	32 e0       	ldi	r19, 0x02	; 2
    34f6:	f8 01       	movw	r30, r16
    34f8:	b7 fe       	sbrs	r11, 7
    34fa:	07 c0       	rjmp	.+14     	; 0x350a <vfprintf+0x290>
    34fc:	60 81       	ld	r22, Z
    34fe:	71 81       	ldd	r23, Z+1	; 0x01
    3500:	82 81       	ldd	r24, Z+2	; 0x02
    3502:	93 81       	ldd	r25, Z+3	; 0x03
    3504:	0c 5f       	subi	r16, 0xFC	; 252
    3506:	1f 4f       	sbci	r17, 0xFF	; 255
    3508:	06 c0       	rjmp	.+12     	; 0x3516 <vfprintf+0x29c>
    350a:	60 81       	ld	r22, Z
    350c:	71 81       	ldd	r23, Z+1	; 0x01
    350e:	80 e0       	ldi	r24, 0x00	; 0
    3510:	90 e0       	ldi	r25, 0x00	; 0
    3512:	0e 5f       	subi	r16, 0xFE	; 254
    3514:	1f 4f       	sbci	r17, 0xFF	; 255
    3516:	a3 01       	movw	r20, r6
    3518:	0e 94 70 1b 	call	0x36e0	; 0x36e0 <__ultoa_invert>
    351c:	88 2e       	mov	r8, r24
    351e:	86 18       	sub	r8, r6
    3520:	fb 2d       	mov	r31, r11
    3522:	ff 77       	andi	r31, 0x7F	; 127
    3524:	3f 2e       	mov	r3, r31
    3526:	36 fe       	sbrs	r3, 6
    3528:	0d c0       	rjmp	.+26     	; 0x3544 <vfprintf+0x2ca>
    352a:	23 2d       	mov	r18, r3
    352c:	2e 7f       	andi	r18, 0xFE	; 254
    352e:	a2 2e       	mov	r10, r18
    3530:	89 14       	cp	r8, r9
    3532:	58 f4       	brcc	.+22     	; 0x354a <vfprintf+0x2d0>
    3534:	34 fe       	sbrs	r3, 4
    3536:	0b c0       	rjmp	.+22     	; 0x354e <vfprintf+0x2d4>
    3538:	32 fc       	sbrc	r3, 2
    353a:	09 c0       	rjmp	.+18     	; 0x354e <vfprintf+0x2d4>
    353c:	83 2d       	mov	r24, r3
    353e:	8e 7e       	andi	r24, 0xEE	; 238
    3540:	a8 2e       	mov	r10, r24
    3542:	05 c0       	rjmp	.+10     	; 0x354e <vfprintf+0x2d4>
    3544:	b8 2c       	mov	r11, r8
    3546:	a3 2c       	mov	r10, r3
    3548:	03 c0       	rjmp	.+6      	; 0x3550 <vfprintf+0x2d6>
    354a:	b8 2c       	mov	r11, r8
    354c:	01 c0       	rjmp	.+2      	; 0x3550 <vfprintf+0x2d6>
    354e:	b9 2c       	mov	r11, r9
    3550:	a4 fe       	sbrs	r10, 4
    3552:	0f c0       	rjmp	.+30     	; 0x3572 <vfprintf+0x2f8>
    3554:	fe 01       	movw	r30, r28
    3556:	e8 0d       	add	r30, r8
    3558:	f1 1d       	adc	r31, r1
    355a:	80 81       	ld	r24, Z
    355c:	80 33       	cpi	r24, 0x30	; 48
    355e:	21 f4       	brne	.+8      	; 0x3568 <vfprintf+0x2ee>
    3560:	9a 2d       	mov	r25, r10
    3562:	99 7e       	andi	r25, 0xE9	; 233
    3564:	a9 2e       	mov	r10, r25
    3566:	09 c0       	rjmp	.+18     	; 0x357a <vfprintf+0x300>
    3568:	a2 fe       	sbrs	r10, 2
    356a:	06 c0       	rjmp	.+12     	; 0x3578 <vfprintf+0x2fe>
    356c:	b3 94       	inc	r11
    356e:	b3 94       	inc	r11
    3570:	04 c0       	rjmp	.+8      	; 0x357a <vfprintf+0x300>
    3572:	8a 2d       	mov	r24, r10
    3574:	86 78       	andi	r24, 0x86	; 134
    3576:	09 f0       	breq	.+2      	; 0x357a <vfprintf+0x300>
    3578:	b3 94       	inc	r11
    357a:	a3 fc       	sbrc	r10, 3
    357c:	11 c0       	rjmp	.+34     	; 0x35a0 <vfprintf+0x326>
    357e:	a0 fe       	sbrs	r10, 0
    3580:	06 c0       	rjmp	.+12     	; 0x358e <vfprintf+0x314>
    3582:	b2 14       	cp	r11, r2
    3584:	88 f4       	brcc	.+34     	; 0x35a8 <vfprintf+0x32e>
    3586:	28 0c       	add	r2, r8
    3588:	92 2c       	mov	r9, r2
    358a:	9b 18       	sub	r9, r11
    358c:	0e c0       	rjmp	.+28     	; 0x35aa <vfprintf+0x330>
    358e:	b2 14       	cp	r11, r2
    3590:	60 f4       	brcc	.+24     	; 0x35aa <vfprintf+0x330>
    3592:	b6 01       	movw	r22, r12
    3594:	80 e2       	ldi	r24, 0x20	; 32
    3596:	90 e0       	ldi	r25, 0x00	; 0
    3598:	0e 94 34 1b 	call	0x3668	; 0x3668 <fputc>
    359c:	b3 94       	inc	r11
    359e:	f7 cf       	rjmp	.-18     	; 0x358e <vfprintf+0x314>
    35a0:	b2 14       	cp	r11, r2
    35a2:	18 f4       	brcc	.+6      	; 0x35aa <vfprintf+0x330>
    35a4:	2b 18       	sub	r2, r11
    35a6:	02 c0       	rjmp	.+4      	; 0x35ac <vfprintf+0x332>
    35a8:	98 2c       	mov	r9, r8
    35aa:	21 2c       	mov	r2, r1
    35ac:	a4 fe       	sbrs	r10, 4
    35ae:	10 c0       	rjmp	.+32     	; 0x35d0 <vfprintf+0x356>
    35b0:	b6 01       	movw	r22, r12
    35b2:	80 e3       	ldi	r24, 0x30	; 48
    35b4:	90 e0       	ldi	r25, 0x00	; 0
    35b6:	0e 94 34 1b 	call	0x3668	; 0x3668 <fputc>
    35ba:	a2 fe       	sbrs	r10, 2
    35bc:	17 c0       	rjmp	.+46     	; 0x35ec <vfprintf+0x372>
    35be:	a1 fc       	sbrc	r10, 1
    35c0:	03 c0       	rjmp	.+6      	; 0x35c8 <vfprintf+0x34e>
    35c2:	88 e7       	ldi	r24, 0x78	; 120
    35c4:	90 e0       	ldi	r25, 0x00	; 0
    35c6:	02 c0       	rjmp	.+4      	; 0x35cc <vfprintf+0x352>
    35c8:	88 e5       	ldi	r24, 0x58	; 88
    35ca:	90 e0       	ldi	r25, 0x00	; 0
    35cc:	b6 01       	movw	r22, r12
    35ce:	0c c0       	rjmp	.+24     	; 0x35e8 <vfprintf+0x36e>
    35d0:	8a 2d       	mov	r24, r10
    35d2:	86 78       	andi	r24, 0x86	; 134
    35d4:	59 f0       	breq	.+22     	; 0x35ec <vfprintf+0x372>
    35d6:	a1 fe       	sbrs	r10, 1
    35d8:	02 c0       	rjmp	.+4      	; 0x35de <vfprintf+0x364>
    35da:	8b e2       	ldi	r24, 0x2B	; 43
    35dc:	01 c0       	rjmp	.+2      	; 0x35e0 <vfprintf+0x366>
    35de:	80 e2       	ldi	r24, 0x20	; 32
    35e0:	a7 fc       	sbrc	r10, 7
    35e2:	8d e2       	ldi	r24, 0x2D	; 45
    35e4:	b6 01       	movw	r22, r12
    35e6:	90 e0       	ldi	r25, 0x00	; 0
    35e8:	0e 94 34 1b 	call	0x3668	; 0x3668 <fputc>
    35ec:	89 14       	cp	r8, r9
    35ee:	38 f4       	brcc	.+14     	; 0x35fe <vfprintf+0x384>
    35f0:	b6 01       	movw	r22, r12
    35f2:	80 e3       	ldi	r24, 0x30	; 48
    35f4:	90 e0       	ldi	r25, 0x00	; 0
    35f6:	0e 94 34 1b 	call	0x3668	; 0x3668 <fputc>
    35fa:	9a 94       	dec	r9
    35fc:	f7 cf       	rjmp	.-18     	; 0x35ec <vfprintf+0x372>
    35fe:	8a 94       	dec	r8
    3600:	f3 01       	movw	r30, r6
    3602:	e8 0d       	add	r30, r8
    3604:	f1 1d       	adc	r31, r1
    3606:	80 81       	ld	r24, Z
    3608:	b6 01       	movw	r22, r12
    360a:	90 e0       	ldi	r25, 0x00	; 0
    360c:	0e 94 34 1b 	call	0x3668	; 0x3668 <fputc>
    3610:	81 10       	cpse	r8, r1
    3612:	f5 cf       	rjmp	.-22     	; 0x35fe <vfprintf+0x384>
    3614:	22 20       	and	r2, r2
    3616:	09 f4       	brne	.+2      	; 0x361a <vfprintf+0x3a0>
    3618:	42 ce       	rjmp	.-892    	; 0x329e <vfprintf+0x24>
    361a:	b6 01       	movw	r22, r12
    361c:	80 e2       	ldi	r24, 0x20	; 32
    361e:	90 e0       	ldi	r25, 0x00	; 0
    3620:	0e 94 34 1b 	call	0x3668	; 0x3668 <fputc>
    3624:	2a 94       	dec	r2
    3626:	f6 cf       	rjmp	.-20     	; 0x3614 <vfprintf+0x39a>
    3628:	f6 01       	movw	r30, r12
    362a:	86 81       	ldd	r24, Z+6	; 0x06
    362c:	97 81       	ldd	r25, Z+7	; 0x07
    362e:	02 c0       	rjmp	.+4      	; 0x3634 <vfprintf+0x3ba>
    3630:	8f ef       	ldi	r24, 0xFF	; 255
    3632:	9f ef       	ldi	r25, 0xFF	; 255
    3634:	2b 96       	adiw	r28, 0x0b	; 11
    3636:	e2 e1       	ldi	r30, 0x12	; 18
    3638:	0c 94 0d 1c 	jmp	0x381a	; 0x381a <__epilogue_restores__>

0000363c <strnlen_P>:
    363c:	fc 01       	movw	r30, r24
    363e:	05 90       	lpm	r0, Z+
    3640:	61 50       	subi	r22, 0x01	; 1
    3642:	70 40       	sbci	r23, 0x00	; 0
    3644:	01 10       	cpse	r0, r1
    3646:	d8 f7       	brcc	.-10     	; 0x363e <strnlen_P+0x2>
    3648:	80 95       	com	r24
    364a:	90 95       	com	r25
    364c:	8e 0f       	add	r24, r30
    364e:	9f 1f       	adc	r25, r31
    3650:	08 95       	ret

00003652 <strnlen>:
    3652:	fc 01       	movw	r30, r24
    3654:	61 50       	subi	r22, 0x01	; 1
    3656:	70 40       	sbci	r23, 0x00	; 0
    3658:	01 90       	ld	r0, Z+
    365a:	01 10       	cpse	r0, r1
    365c:	d8 f7       	brcc	.-10     	; 0x3654 <strnlen+0x2>
    365e:	80 95       	com	r24
    3660:	90 95       	com	r25
    3662:	8e 0f       	add	r24, r30
    3664:	9f 1f       	adc	r25, r31
    3666:	08 95       	ret

00003668 <fputc>:
    3668:	0f 93       	push	r16
    366a:	1f 93       	push	r17
    366c:	cf 93       	push	r28
    366e:	df 93       	push	r29
    3670:	fb 01       	movw	r30, r22
    3672:	23 81       	ldd	r18, Z+3	; 0x03
    3674:	21 fd       	sbrc	r18, 1
    3676:	03 c0       	rjmp	.+6      	; 0x367e <fputc+0x16>
    3678:	8f ef       	ldi	r24, 0xFF	; 255
    367a:	9f ef       	ldi	r25, 0xFF	; 255
    367c:	2c c0       	rjmp	.+88     	; 0x36d6 <fputc+0x6e>
    367e:	22 ff       	sbrs	r18, 2
    3680:	16 c0       	rjmp	.+44     	; 0x36ae <fputc+0x46>
    3682:	46 81       	ldd	r20, Z+6	; 0x06
    3684:	57 81       	ldd	r21, Z+7	; 0x07
    3686:	24 81       	ldd	r18, Z+4	; 0x04
    3688:	35 81       	ldd	r19, Z+5	; 0x05
    368a:	42 17       	cp	r20, r18
    368c:	53 07       	cpc	r21, r19
    368e:	44 f4       	brge	.+16     	; 0x36a0 <fputc+0x38>
    3690:	a0 81       	ld	r26, Z
    3692:	b1 81       	ldd	r27, Z+1	; 0x01
    3694:	9d 01       	movw	r18, r26
    3696:	2f 5f       	subi	r18, 0xFF	; 255
    3698:	3f 4f       	sbci	r19, 0xFF	; 255
    369a:	31 83       	std	Z+1, r19	; 0x01
    369c:	20 83       	st	Z, r18
    369e:	8c 93       	st	X, r24
    36a0:	26 81       	ldd	r18, Z+6	; 0x06
    36a2:	37 81       	ldd	r19, Z+7	; 0x07
    36a4:	2f 5f       	subi	r18, 0xFF	; 255
    36a6:	3f 4f       	sbci	r19, 0xFF	; 255
    36a8:	37 83       	std	Z+7, r19	; 0x07
    36aa:	26 83       	std	Z+6, r18	; 0x06
    36ac:	14 c0       	rjmp	.+40     	; 0x36d6 <fputc+0x6e>
    36ae:	8b 01       	movw	r16, r22
    36b0:	ec 01       	movw	r28, r24
    36b2:	fb 01       	movw	r30, r22
    36b4:	00 84       	ldd	r0, Z+8	; 0x08
    36b6:	f1 85       	ldd	r31, Z+9	; 0x09
    36b8:	e0 2d       	mov	r30, r0
    36ba:	09 95       	icall
    36bc:	89 2b       	or	r24, r25
    36be:	e1 f6       	brne	.-72     	; 0x3678 <fputc+0x10>
    36c0:	d8 01       	movw	r26, r16
    36c2:	16 96       	adiw	r26, 0x06	; 6
    36c4:	8d 91       	ld	r24, X+
    36c6:	9c 91       	ld	r25, X
    36c8:	17 97       	sbiw	r26, 0x07	; 7
    36ca:	01 96       	adiw	r24, 0x01	; 1
    36cc:	17 96       	adiw	r26, 0x07	; 7
    36ce:	9c 93       	st	X, r25
    36d0:	8e 93       	st	-X, r24
    36d2:	16 97       	sbiw	r26, 0x06	; 6
    36d4:	ce 01       	movw	r24, r28
    36d6:	df 91       	pop	r29
    36d8:	cf 91       	pop	r28
    36da:	1f 91       	pop	r17
    36dc:	0f 91       	pop	r16
    36de:	08 95       	ret

000036e0 <__ultoa_invert>:
    36e0:	fa 01       	movw	r30, r20
    36e2:	aa 27       	eor	r26, r26
    36e4:	28 30       	cpi	r18, 0x08	; 8
    36e6:	51 f1       	breq	.+84     	; 0x373c <__ultoa_invert+0x5c>
    36e8:	20 31       	cpi	r18, 0x10	; 16
    36ea:	81 f1       	breq	.+96     	; 0x374c <__ultoa_invert+0x6c>
    36ec:	e8 94       	clt
    36ee:	6f 93       	push	r22
    36f0:	6e 7f       	andi	r22, 0xFE	; 254
    36f2:	6e 5f       	subi	r22, 0xFE	; 254
    36f4:	7f 4f       	sbci	r23, 0xFF	; 255
    36f6:	8f 4f       	sbci	r24, 0xFF	; 255
    36f8:	9f 4f       	sbci	r25, 0xFF	; 255
    36fa:	af 4f       	sbci	r26, 0xFF	; 255
    36fc:	b1 e0       	ldi	r27, 0x01	; 1
    36fe:	3e d0       	rcall	.+124    	; 0x377c <__ultoa_invert+0x9c>
    3700:	b4 e0       	ldi	r27, 0x04	; 4
    3702:	3c d0       	rcall	.+120    	; 0x377c <__ultoa_invert+0x9c>
    3704:	67 0f       	add	r22, r23
    3706:	78 1f       	adc	r23, r24
    3708:	89 1f       	adc	r24, r25
    370a:	9a 1f       	adc	r25, r26
    370c:	a1 1d       	adc	r26, r1
    370e:	68 0f       	add	r22, r24
    3710:	79 1f       	adc	r23, r25
    3712:	8a 1f       	adc	r24, r26
    3714:	91 1d       	adc	r25, r1
    3716:	a1 1d       	adc	r26, r1
    3718:	6a 0f       	add	r22, r26
    371a:	71 1d       	adc	r23, r1
    371c:	81 1d       	adc	r24, r1
    371e:	91 1d       	adc	r25, r1
    3720:	a1 1d       	adc	r26, r1
    3722:	20 d0       	rcall	.+64     	; 0x3764 <__ultoa_invert+0x84>
    3724:	09 f4       	brne	.+2      	; 0x3728 <__ultoa_invert+0x48>
    3726:	68 94       	set
    3728:	3f 91       	pop	r19
    372a:	2a e0       	ldi	r18, 0x0A	; 10
    372c:	26 9f       	mul	r18, r22
    372e:	11 24       	eor	r1, r1
    3730:	30 19       	sub	r19, r0
    3732:	30 5d       	subi	r19, 0xD0	; 208
    3734:	31 93       	st	Z+, r19
    3736:	de f6       	brtc	.-74     	; 0x36ee <__ultoa_invert+0xe>
    3738:	cf 01       	movw	r24, r30
    373a:	08 95       	ret
    373c:	46 2f       	mov	r20, r22
    373e:	47 70       	andi	r20, 0x07	; 7
    3740:	40 5d       	subi	r20, 0xD0	; 208
    3742:	41 93       	st	Z+, r20
    3744:	b3 e0       	ldi	r27, 0x03	; 3
    3746:	0f d0       	rcall	.+30     	; 0x3766 <__ultoa_invert+0x86>
    3748:	c9 f7       	brne	.-14     	; 0x373c <__ultoa_invert+0x5c>
    374a:	f6 cf       	rjmp	.-20     	; 0x3738 <__ultoa_invert+0x58>
    374c:	46 2f       	mov	r20, r22
    374e:	4f 70       	andi	r20, 0x0F	; 15
    3750:	40 5d       	subi	r20, 0xD0	; 208
    3752:	4a 33       	cpi	r20, 0x3A	; 58
    3754:	18 f0       	brcs	.+6      	; 0x375c <__ultoa_invert+0x7c>
    3756:	49 5d       	subi	r20, 0xD9	; 217
    3758:	31 fd       	sbrc	r19, 1
    375a:	40 52       	subi	r20, 0x20	; 32
    375c:	41 93       	st	Z+, r20
    375e:	02 d0       	rcall	.+4      	; 0x3764 <__ultoa_invert+0x84>
    3760:	a9 f7       	brne	.-22     	; 0x374c <__ultoa_invert+0x6c>
    3762:	ea cf       	rjmp	.-44     	; 0x3738 <__ultoa_invert+0x58>
    3764:	b4 e0       	ldi	r27, 0x04	; 4
    3766:	a6 95       	lsr	r26
    3768:	97 95       	ror	r25
    376a:	87 95       	ror	r24
    376c:	77 95       	ror	r23
    376e:	67 95       	ror	r22
    3770:	ba 95       	dec	r27
    3772:	c9 f7       	brne	.-14     	; 0x3766 <__ultoa_invert+0x86>
    3774:	00 97       	sbiw	r24, 0x00	; 0
    3776:	61 05       	cpc	r22, r1
    3778:	71 05       	cpc	r23, r1
    377a:	08 95       	ret
    377c:	9b 01       	movw	r18, r22
    377e:	ac 01       	movw	r20, r24
    3780:	0a 2e       	mov	r0, r26
    3782:	06 94       	lsr	r0
    3784:	57 95       	ror	r21
    3786:	47 95       	ror	r20
    3788:	37 95       	ror	r19
    378a:	27 95       	ror	r18
    378c:	ba 95       	dec	r27
    378e:	c9 f7       	brne	.-14     	; 0x3782 <__ultoa_invert+0xa2>
    3790:	62 0f       	add	r22, r18
    3792:	73 1f       	adc	r23, r19
    3794:	84 1f       	adc	r24, r20
    3796:	95 1f       	adc	r25, r21
    3798:	a0 1d       	adc	r26, r0
    379a:	08 95       	ret

0000379c <eeprom_read_byte>:
    379c:	f9 99       	sbic	0x1f, 1	; 31
    379e:	fe cf       	rjmp	.-4      	; 0x379c <eeprom_read_byte>
    37a0:	92 bd       	out	0x22, r25	; 34
    37a2:	81 bd       	out	0x21, r24	; 33
    37a4:	f8 9a       	sbi	0x1f, 0	; 31
    37a6:	99 27       	eor	r25, r25
    37a8:	80 b5       	in	r24, 0x20	; 32
    37aa:	08 95       	ret

000037ac <eeprom_write_byte>:
    37ac:	26 2f       	mov	r18, r22

000037ae <eeprom_write_r18>:
    37ae:	f9 99       	sbic	0x1f, 1	; 31
    37b0:	fe cf       	rjmp	.-4      	; 0x37ae <eeprom_write_r18>
    37b2:	1f ba       	out	0x1f, r1	; 31
    37b4:	92 bd       	out	0x22, r25	; 34
    37b6:	81 bd       	out	0x21, r24	; 33
    37b8:	20 bd       	out	0x20, r18	; 32
    37ba:	0f b6       	in	r0, 0x3f	; 63
    37bc:	f8 94       	cli
    37be:	fa 9a       	sbi	0x1f, 2	; 31
    37c0:	f9 9a       	sbi	0x1f, 1	; 31
    37c2:	0f be       	out	0x3f, r0	; 63
    37c4:	01 96       	adiw	r24, 0x01	; 1
    37c6:	08 95       	ret

000037c8 <eeprom_write_dword>:
    37c8:	24 2f       	mov	r18, r20
    37ca:	0e 94 d7 1b 	call	0x37ae	; 0x37ae <eeprom_write_r18>
    37ce:	25 2f       	mov	r18, r21
    37d0:	0e 94 d7 1b 	call	0x37ae	; 0x37ae <eeprom_write_r18>
    37d4:	0c 94 ec 1b 	jmp	0x37d8	; 0x37d8 <eeprom_write_word>

000037d8 <eeprom_write_word>:
    37d8:	0e 94 d6 1b 	call	0x37ac	; 0x37ac <eeprom_write_byte>
    37dc:	27 2f       	mov	r18, r23
    37de:	0c 94 d7 1b 	jmp	0x37ae	; 0x37ae <eeprom_write_r18>

000037e2 <__prologue_saves__>:
    37e2:	2f 92       	push	r2
    37e4:	3f 92       	push	r3
    37e6:	4f 92       	push	r4
    37e8:	5f 92       	push	r5
    37ea:	6f 92       	push	r6
    37ec:	7f 92       	push	r7
    37ee:	8f 92       	push	r8
    37f0:	9f 92       	push	r9
    37f2:	af 92       	push	r10
    37f4:	bf 92       	push	r11
    37f6:	cf 92       	push	r12
    37f8:	df 92       	push	r13
    37fa:	ef 92       	push	r14
    37fc:	ff 92       	push	r15
    37fe:	0f 93       	push	r16
    3800:	1f 93       	push	r17
    3802:	cf 93       	push	r28
    3804:	df 93       	push	r29
    3806:	cd b7       	in	r28, 0x3d	; 61
    3808:	de b7       	in	r29, 0x3e	; 62
    380a:	ca 1b       	sub	r28, r26
    380c:	db 0b       	sbc	r29, r27
    380e:	0f b6       	in	r0, 0x3f	; 63
    3810:	f8 94       	cli
    3812:	de bf       	out	0x3e, r29	; 62
    3814:	0f be       	out	0x3f, r0	; 63
    3816:	cd bf       	out	0x3d, r28	; 61
    3818:	09 94       	ijmp

0000381a <__epilogue_restores__>:
    381a:	2a 88       	ldd	r2, Y+18	; 0x12
    381c:	39 88       	ldd	r3, Y+17	; 0x11
    381e:	48 88       	ldd	r4, Y+16	; 0x10
    3820:	5f 84       	ldd	r5, Y+15	; 0x0f
    3822:	6e 84       	ldd	r6, Y+14	; 0x0e
    3824:	7d 84       	ldd	r7, Y+13	; 0x0d
    3826:	8c 84       	ldd	r8, Y+12	; 0x0c
    3828:	9b 84       	ldd	r9, Y+11	; 0x0b
    382a:	aa 84       	ldd	r10, Y+10	; 0x0a
    382c:	b9 84       	ldd	r11, Y+9	; 0x09
    382e:	c8 84       	ldd	r12, Y+8	; 0x08
    3830:	df 80       	ldd	r13, Y+7	; 0x07
    3832:	ee 80       	ldd	r14, Y+6	; 0x06
    3834:	fd 80       	ldd	r15, Y+5	; 0x05
    3836:	0c 81       	ldd	r16, Y+4	; 0x04
    3838:	1b 81       	ldd	r17, Y+3	; 0x03
    383a:	aa 81       	ldd	r26, Y+2	; 0x02
    383c:	b9 81       	ldd	r27, Y+1	; 0x01
    383e:	ce 0f       	add	r28, r30
    3840:	d1 1d       	adc	r29, r1
    3842:	0f b6       	in	r0, 0x3f	; 63
    3844:	f8 94       	cli
    3846:	de bf       	out	0x3e, r29	; 62
    3848:	0f be       	out	0x3f, r0	; 63
    384a:	cd bf       	out	0x3d, r28	; 61
    384c:	ed 01       	movw	r28, r26
    384e:	08 95       	ret

00003850 <__do_global_dtors>:
    3850:	12 e0       	ldi	r17, 0x02	; 2
    3852:	c7 e5       	ldi	r28, 0x57	; 87
    3854:	d2 e0       	ldi	r29, 0x02	; 2
    3856:	04 c0       	rjmp	.+8      	; 0x3860 <__do_global_dtors+0x10>
    3858:	fe 01       	movw	r30, r28
    385a:	0e 94 d5 18 	call	0x31aa	; 0x31aa <__tablejump2__>
    385e:	21 96       	adiw	r28, 0x01	; 1
    3860:	c8 35       	cpi	r28, 0x58	; 88
    3862:	d1 07       	cpc	r29, r17
    3864:	c9 f7       	brne	.-14     	; 0x3858 <__do_global_dtors+0x8>
    3866:	f8 94       	cli

00003868 <__stop_program>:
    3868:	ff cf       	rjmp	.-2      	; 0x3868 <__stop_program>
