Ref,Val,Package,PosX,PosY,Rot,Side
"Q103","PN2222A","SOT-23",103.620000,-123.090000,270.000000,bottom
"R109","10k","R_0805",107.420000,-122.510000,180.000000,bottom
